{"type":"FeatureCollection","name":"emsr927_hasta_hoy","properties":{"corte":"2026-08-28","activacion":"EMSR927","publicado":["AOI01 Syapru Besi GRA v1","AOI02 Timure GRA v2"],"pendiente":["AOI03 Bidur (en curso)","AOI04 Bharatpur (en espera)"],"area_deslizamiento_ha":240.44,"edificios":{"Destroyed":695,"Possibly damaged":104,"Damaged":65},"url":"https://mapping.emergency.copernicus.eu/activations/EMSR927/"},"features":[{"type":"Feature","properties":{"clase":"emsr_deslizamiento","aoi":"Syapru Besi","aoi_n":1,"obj_desc":"Landslide","event_type":"6-Mass Movement","area_ha":111.08,"det_method":"Photo-interpretation","sensor":"WorldView-3 27 ago 2026 05:05 UTC","fuente":"Copernicus EMSR927 GRA"},"geometry":{"type":"Polygon","coordinates":[[[85.32693358,28.15586666],[85.32702508,28.1558331],[85.32721466,28.15587172],[85.32725240000002,28.15586119],[85.3274455,28.15571812],[85.32747534,28.1556479],[85.32763772,28.15553995],[85.32765878,28.15550221],[85.3277369,28.15549782],[85.32774568,28.15546359],[85.32782906,28.15546182999999],[85.32797564,28.15558647],[85.32804605000001,28.15559495],[85.3280709,28.15583652],[85.32810841,28.15586734],[85.3281489,28.15580189],[85.32814328,28.15574909],[85.32817979,28.15575583],[85.32819945,28.15573224],[85.32819833,28.15563843],[85.32825675,28.15557046],[85.32819945,28.15554405],[85.32821397,28.15552646],[85.3281944,28.15547047],[85.32824575,28.15537138],[85.3282629,28.15525532],[85.32829057,28.15523943],[85.32829663,28.15519185],[85.32837921,28.15513455],[85.32836853,28.155175],[85.32840561,28.15520758],[85.32838538,28.15522218],[85.32835393,28.15520364],[85.32834443,28.15524371],[85.32838055,28.15526483],[85.3283758,28.15530285],[85.32845305,28.15533613],[85.32848394,28.15539674],[85.32854492,28.15540755],[85.32850415,28.15549537],[85.32855896,28.15559236],[85.3286112,28.15562438],[85.32860858,28.15567309],[85.32872638,28.15571761],[85.32891004,28.15590974],[85.32894242,28.15598942],[85.32895498,28.15595356],[85.32897577,28.15595524],[85.32899994,28.1560433],[85.32904598,28.15606197],[85.32904725,28.15612285],[85.32912977,28.15617187],[85.32916727,28.15632844],[85.32932771,28.15632012],[85.32941392,28.15626701],[85.3296285,28.15624622],[85.32966052,28.15627318],[85.32980782,28.15627378],[85.32993023,28.15631418],[85.32999083,28.15641876],[85.33028675,28.15639262],[85.3304183,28.15643946],[85.33051135,28.15662673],[85.33059862,28.15669561],[85.33058979,28.15677766],[85.33061712000001,28.15685015],[85.33060999,28.15690363],[85.33064636,28.15696075],[85.33063732,28.15703316],[85.33066822,28.15709021],[85.33066466,28.15717577],[85.33070815,28.15721072],[85.33068514,28.15734386],[85.33075613,28.15736807],[85.33109129,28.15734994],[85.33124569,28.1573758],[85.33149668,28.15749217],[85.33162974,28.15757844],[85.33160249,28.15758752],[85.3316064,28.15761097],[85.33165443,28.15761161],[85.33162515,28.15769823],[85.33154616,28.15769033],[85.33153738,28.15762826],[85.33142924,28.15765838],[85.33142854,28.15769121],[85.33149051,28.15771151],[85.33150168,28.15768876],[85.33154411,28.1577281],[85.33151837,28.15773453],[85.33147067000002,28.15788519],[85.3315523,28.15776494],[85.33156459,28.15779478],[85.33150578,28.15790537],[85.3315207,28.15793083],[85.33162866,28.15781672],[85.33160496,28.15778513],[85.33166465,28.15780619],[85.331698,28.15776845],[85.33172152,28.15778364],[85.3316843,28.15786623],[85.33174372,28.15795417],[85.33174848,28.15808608],[85.33178056,28.15814194],[85.33175258,28.15820752],[85.3317669,28.15824455],[85.33174024,28.15824258],[85.33169211,28.158168],[85.33165944,28.15819038],[85.33170667,28.15830281],[85.33175833,28.15828526],[85.33181232,28.15834576],[85.33185133,28.1583112],[85.33189724,28.15833391],[85.33191842,28.15844379],[85.33188039,28.15845686],[85.33189703,28.15848895],[85.33188158,28.1585246],[85.33190416,28.15854837],[85.33198265,28.15853535],[85.33200984,28.15856325],[85.33204082,28.15850678],[85.33207647,28.15854481],[85.33211447,28.15852103],[85.33213669,28.15853683],[85.33213946,28.15859114999999],[85.3322796,28.1586341],[85.3323006,28.15861187],[85.33240804,28.15873733],[85.33249123,28.1587908],[85.33254114,28.1587813],[85.33260769,28.15871594],[85.33288664,28.15884639],[85.33291917,28.1588939],[85.33285751,28.15899746],[85.33285405,28.15910312],[85.33292712,28.15912287],[85.3330103,28.15921814],[85.3331354,28.15918459],[85.33331993,28.15925012],[85.33349295,28.15921158],[85.33348974,28.15923686],[85.33352513,28.15926616],[85.33373191,28.15929231],[85.3338258,28.15935529],[85.33414429,28.15934103],[85.33430116,28.15937074],[85.3344493,28.15945223],[85.33450565,28.15954623],[85.33469152,28.15971992],[85.33469155,28.15977121],[85.33472912,28.15980736],[85.33472836,28.15983854],[85.33476031,28.15984159],[85.33477476,28.1598895],[85.33488656,28.15998762],[85.33484549,28.16011311],[85.33490011000002,28.16017172],[85.33498698,28.16017043],[85.33500231,28.16021213],[85.33497973,28.16025729],[85.33504087,28.16033137],[85.33503551000001,28.16037956],[85.33506472,28.16041217],[85.33503649,28.16054993],[85.3350618,28.16058984],[85.33504281,28.16062878],[85.33505839,28.16074074],[85.33511426000001,28.1607598],[85.3351168,28.16081619],[85.33517289,28.16087551],[85.33515086,28.16091804],[85.33523048,28.16089783],[85.33527163,28.1609488],[85.33521979,28.16104757],[85.33531248,28.16108204],[85.33528277,28.16113433],[85.33534101,28.16117592],[85.3353719,28.16124009],[85.33535051,28.16130308],[85.33539211,28.16144212],[85.33568445,28.16176299],[85.33574268,28.16179389],[85.33578071,28.16186757],[85.33587935,28.16188183],[85.33609564,28.16203038],[85.33610752,28.16205415],[85.33605,28.16202956],[85.33601606000002,28.16211982],[85.3361043,28.16211113],[85.33612416,28.16213377],[85.33613367,28.16217418],[85.33618001000002,28.16220864],[85.33615198,28.16228873],[85.33619992,28.1623097],[85.336232,28.16223636],[85.33629458,28.16224536],[85.3363543,28.16220405],[85.3364132,28.16226213],[85.33638375,28.16229649],[85.33648479,28.16235458],[85.33652324,28.16241143],[85.33641878,28.16247028],[85.33642106,28.1625225],[85.33637014,28.16253253],[85.33630843,28.16248933],[85.33630689,28.16244459],[85.33626214,28.1624145],[85.33626291,28.16234739],[85.33618732,28.16233582],[85.33616186,28.16236127],[85.33619966,28.1623983],[85.33623823,28.16239444],[85.33623977,28.16245693],[85.33629094,28.16250674],[85.33627243,28.16258493],[85.33621174000001,28.16257154],[85.3362216,28.16263403],[85.33626893,28.16260313],[85.33629031,28.16261856],[85.33632769,28.16257046],[85.33634272,28.16259491],[85.33630821,28.16265052],[85.3363559,28.16267211],[85.33635114,28.16273153],[85.33637729,28.16274817],[85.33653566,28.16273239],[85.33656775,28.16276399],[85.33656133,28.16279164],[85.33646932,28.16282228],[85.33649969,28.16293832],[85.33654307,28.16292198],[85.33656874,28.16294222],[85.33654109,28.16297431],[85.33660774,28.16298516999999],[85.33654723,28.16306904],[85.33655489,28.16314204],[85.3366349,28.16330756],[85.33665538000001,28.16355724],[85.33669118,28.16358651],[85.3366734,28.16365168],[85.33664468,28.16367156],[85.33662804,28.16383674],[85.33670056,28.16389903],[85.33680155,28.1638617],[85.33683126,28.16388666],[85.33684737,28.16396656],[85.33688872,28.16399286],[85.33697743,28.16396509],[85.33712544,28.16434005],[85.33723438,28.16448854],[85.33727811,28.16447112],[85.33744705,28.16462309],[85.33739459,28.16462463],[85.33739156,28.1646423],[85.33766688,28.16466862],[85.33784511,28.16465317],[85.33779188,28.16459917],[85.33781579,28.16459455],[85.33788368,28.16463312],[85.33804953,28.16464315],[85.33809736,28.16466937],[85.33809393,28.16471536],[85.33830368,28.16482074],[85.33839162,28.1649681],[85.33848747000002,28.16498647],[85.33844605,28.16495403],[85.33848384,28.16494014],[85.33858567,28.16496714],[85.33863942,28.16501888],[85.33871184,28.16504054],[85.33877904,28.16500732],[85.33888124,28.16500732],[85.33892072,28.16507583],[85.33904161,28.16501846],[85.33939939,28.16505366],[85.33948495,28.16509526],[85.33964182,28.16507862],[85.33973185,28.16509342],[85.33977761,28.16506129],[85.34002052000001,28.16501806],[85.34023112,28.1650898],[85.34036998,28.16500032],[85.34044635,28.16502423],[85.34049958,28.1651006],[85.34050189,28.16516154],[85.34055975,28.16520937],[85.34056846,28.16531391],[85.34067403,28.1653185],[85.34070066,28.16539979],[85.34082274,28.16550119],[85.34102511,28.16557863],[85.34106389,28.16565089],[85.3411312,28.16568662],[85.34119,28.16567377],[85.34131111,28.16574937],[85.34134351,28.16581263],[85.34124227,28.16579219],[85.34111192,28.16571967],[85.34108713,28.16572426],[85.34103939,28.16581515],[85.34100084,28.16581698],[85.34089769,28.16575848],[85.34087174,28.16583822],[85.34096687,28.16600242],[85.34089469,28.16614431],[85.34093342,28.16625045],[85.34089756,28.16627627],[85.3407197,28.16629635],[85.34067954,28.16637955],[85.34078138,28.16650147],[85.34079069,28.16655216],[85.34085235,28.16663655],[85.34091032,28.16667231],[85.34084162,28.16675823],[85.34085166,28.16677831],[85.34097072,28.16685577],[85.3410092,28.16685911],[85.34101281,28.16683226],[85.34093085,28.16677922],[85.34102246,28.16676837],[85.3411008,28.16681056],[85.34112009,28.16685516],[85.3411092,28.16692349],[85.34114715,28.16695187],[85.3411701,28.16702072],[85.34129004,28.16702873],[85.34139491,28.16717337],[85.34138053,28.16723666],[85.34141058,28.16728185],[85.34138851,28.16734372],[85.3414039,28.167441],[85.3414829,28.16743372],[85.34152027000002,28.16747471],[85.34144433,28.16752895],[85.34150287,28.16781681],[85.34142829,28.16794447],[85.34142436,28.16801106],[85.34151062,28.16804604],[85.34147326,28.16808582],[85.34141681,28.16808879],[85.34141251,28.16816967],[85.34146119000002,28.16832588],[85.34140094,28.16835702],[85.34140937,28.16838113],[85.34149714,28.16838052],[85.34157933000002,28.16850528],[85.34152152,28.16877498],[85.34158091,28.16892518],[85.34151981,28.16901624],[85.34152333,28.1690891],[85.34155858,28.1691314],[85.34151276,28.1691502],[85.34154566,28.16918486],[85.34151158,28.16924244],[85.34165527,28.16932733],[85.34162875000001,28.16935867],[85.34161866,28.16943578],[85.34152509000002,28.16948764],[85.34152027000002,28.16956117],[85.3414817,28.1695455],[85.34145518,28.16956117],[85.34149134000002,28.16960818],[85.34154705,28.16961479],[85.34157273,28.16967593],[85.34165593,28.16975787],[85.34164963,28.1698146],[85.34169285,28.1698844],[85.34165928,28.16997683],[85.34171453,28.1701808],[85.34175636,28.17021953],[85.34173777,28.17027994],[85.3417613,28.17031856],[85.34170039,28.17037355],[85.34179092,28.17044208],[85.34178753,28.17055545],[85.34182137,28.17061467],[85.3417943,28.17068404],[85.34181799,28.17071704],[85.34178499,28.1707568],[85.34179561,28.17081853],[85.34182659,28.17087843],[85.34189888,28.1709218],[85.34189711,28.17098416],[85.34185535,28.1710317],[85.34186583,28.17111183],[85.34177288,28.17115314],[85.34184518,28.17120065],[85.34181915,28.17139778],[85.34182973,28.17151147],[85.34184163,28.17156699],[85.34188789,28.17160136],[85.34183477,28.1717701],[85.34178424000001,28.17176575],[85.34177821,28.17178745],[85.34181799,28.17181517],[85.34181799,28.17190919],[85.34187157,28.17194442],[85.34184427,28.17204289],[85.34187732,28.17213542],[85.34185352,28.17221606],[85.34197107,28.17229731],[85.34195901,28.17241303],[85.34183634,28.17251217],[85.34182841,28.17255976],[85.34187161,28.17261141],[85.34185066,28.17270197999999],[85.34187038,28.17276913],[85.34180692,28.17281225],[85.34179891,28.17285291],[85.34184388,28.17285722],[85.34184512,28.17298352],[85.34197634,28.17302664],[85.34193876,28.17308147],[85.34197709,28.17309767],[85.34200283,28.17318497],[85.34199482000001,28.17327738],[85.34194492,28.17333468],[85.3419862,28.17336486],[85.34192767,28.17337903],[85.34191227,28.173416],[85.3419634,28.17356324],[85.34195724,28.17362115],[85.34199975,28.17369384],[85.34199605,28.17374128],[85.34193876,28.17385094],[85.34192879,28.17406321],[85.3419098,28.17410907],[85.3418408,28.17414665],[85.34185374,28.17417992],[85.3419082,28.17421112],[85.34187407,28.17427048],[85.34185963,28.17448606],[85.34187155,28.174550539999988],[85.34191641,28.174594],[85.34187856,28.17462765],[85.34187515,28.17470158],[85.34191562,28.17473815],[85.34192406,28.17480565],[85.34199035,28.17481891],[85.34195781,28.17486712],[85.34190275,28.17488734],[85.34186734,28.17509027],[85.34180145,28.17520663],[85.34184842,28.17527182],[85.34184491,28.17530686],[85.34181127,28.17531948],[85.34183159,28.17535663],[85.34187996,28.17536785],[85.34188206,28.17542042],[85.34181898,28.17551715],[85.34175589,28.17552276],[85.34173226,28.17560874],[85.34170951,28.17558792],[85.34171433,28.17551801],[85.34166611,28.17551801],[85.34164562,28.17554212],[85.34168881,28.17568529],[85.34168241,28.17572313],[85.34165044,28.17573738],[85.34169979,28.1757821],[85.34168781000001,28.175842],[85.34186579,28.17588136],[85.34168439,28.17612557],[85.34168439,28.17617183],[85.34161430000002,28.17619777],[85.34167879,28.17623141],[85.34172084,28.17621599],[85.34181407,28.17631903],[85.34193393,28.1763695],[85.34191501,28.1764459],[85.34194515,28.17652861],[85.3419354,28.17665731],[85.34197145,28.17677365],[85.34197623,28.17702168],[85.34204562,28.17705677],[85.34203857,28.17715025],[85.34199166,28.17717493],[85.34204482,28.17721468],[85.34206078,28.17726824],[85.34198421,28.17731915],[85.34203709,28.17742574],[85.34209337,28.17742179],[85.34212694,28.17738476],[85.3422163,28.17747807],[85.34219557,28.17751164],[85.34205832,28.17751954],[85.34203709,28.17754867],[85.34206325,28.17763063],[85.34204003,28.17767245],[85.34207911,28.17773307],[85.3420084,28.17794604],[85.34204881,28.17799067],[85.34213494,28.17799067],[85.34217384,28.17805078],[85.34214867,28.17806411],[85.34208399,28.178033],[85.34207017,28.1780488],[85.34211427,28.17806794],[85.34204476,28.17817121],[85.34212918,28.17821377],[85.34213649,28.17825952],[85.34209365,28.17831161],[85.34205225,28.17827842],[85.34202622,28.1782843],[85.34198082,28.17845069],[85.34198456,28.17848682],[85.34207905,28.17847487],[85.34209732,28.17852178],[85.34206128,28.17857164],[85.34200285,28.1785413],[85.34196514,28.17857592],[85.34200701,28.17860853],[85.34201431,28.17866111],[85.34209288000001,28.17865162],[85.34210028,28.17869704],[85.34206298,28.17874775],[85.34200798,28.17873801],[85.34200449,28.17870832],[85.34182869,28.1787204],[85.34180551,28.17877686],[85.34185836,28.17883874],[85.34186861,28.1788976],[85.341817,28.17889978],[85.34178184000001,28.17884763],[85.34168762,28.17879056],[85.34159483,28.17879056],[85.34156061,28.17882174],[85.34159103,28.17887346],[85.34165416,28.17886129],[85.34168686,28.17887878],[85.34171069,28.17891571],[85.34170438,28.17899271],[85.34178769,28.17896431],[85.3418142,28.17899019],[85.34179085,28.17906971],[85.34171069,28.17910821],[85.34175866,28.17920099],[85.34172331,28.17923192],[85.34170943,28.17929314],[85.34165755,28.17926405],[85.34163493,28.17929354],[85.34168057,28.1793404],[85.34160584000001,28.17946037],[85.34151859,28.17949712],[85.34149557,28.17948258],[85.3414988,28.17943775],[85.34146972,28.17942926],[85.34147093,28.17953954],[85.34139007,28.17954749],[85.34139322,28.17957968],[85.34143425,28.17961124],[85.34148537,28.17960051],[85.34149042,28.17962007],[85.34139701,28.17970843],[85.34144245,28.17971853],[85.34143993,28.1797949],[85.34134778,28.17984855],[85.34140774,28.17992555],[85.34136293,28.17995711],[85.34130739,28.17993628],[85.34129918,28.17997541],[85.34132758,28.18002969],[85.34129603,28.18009028],[85.3412348,28.18009091],[85.3412165,28.18012247],[85.34127583,28.18014203],[85.34127141,28.1801799],[85.34131587,28.18020572],[85.34129585,28.18024758],[85.34132626,28.18029349],[85.34132373000001,28.18035732],[85.34129656,28.18037596],[85.34116652,28.18034566],[85.34110143,28.18039595],[85.34109946,28.18041962],[85.34115863,28.1804423],[85.34115271,28.18046893],[85.34111623,28.18050246],[85.3410827,28.1804492],[85.34103931,28.18046893],[85.34104621,28.18055867],[85.34098507,28.18058234],[85.34096041,28.18062671],[85.34096369,28.18065298],[85.34099385,28.18065876],[85.34098659000001,28.18072859],[85.34085292,28.18071843],[85.3408756,28.18079338],[85.34084503,28.18082691],[85.34077994,28.18083381],[85.34077646,28.1808831],[85.34073852,28.18091961],[85.34068231,28.18091369],[85.34061624,28.18081902],[85.34049479,28.18083685],[85.34111611,28.18267162],[85.34118272000002,28.18262654],[85.34122027,28.18265929],[85.34126979,28.1826529],[85.3413345,28.18268086],[85.34135686,28.18266169],[85.3413297,28.18261296],[85.34135047,28.18259379],[85.34132571,28.18254826],[85.34133689,28.18249713],[85.34141757,28.18251869999999],[85.34142236,28.1825858],[85.34137444,28.18259139],[85.34137124,28.18261935],[85.34145136,28.18264648],[85.3415767,28.18261105],[85.34162366,28.18253867],[85.3416668,28.18251471],[85.34190428,28.18253565],[85.34208152,28.18247591],[85.34211213,28.18249369],[85.3421457,28.18259193],[85.3421931,28.1825786],[85.34220297,28.18261761],[85.34217243,28.18266328],[85.34212451,28.18263932],[85.34208103,28.1826571],[85.34206078,28.18267142],[85.34206523,28.18270746],[85.34220149,28.18274449],[85.3421938,28.18287581],[85.34228246,28.18299085],[85.34232838000001,28.18301406],[85.34233793,28.1830515],[85.34236491,28.18303776],[85.34236363,28.18307487],[85.34243749,28.18316859],[85.34234897,28.18333827],[85.34242565,28.18339338],[85.34250713,28.18335983],[85.34254148,28.1833806],[85.34250154,28.18343173],[85.34250393,28.18346448],[85.34258621,28.18346128],[85.3425902,28.18353317],[85.34268127,28.18359468],[85.34270443,28.18364341],[85.34275156,28.18358829],[85.34285961,28.18365193],[85.34309566,28.18390484],[85.3431053,28.1839422],[85.34304871,28.18393816],[85.34302475,28.18396772],[85.34306273,28.18405029],[85.34322704,28.18409408],[85.34331312,28.18415703],[85.3433307,28.18420135],[85.34331383,28.18429055],[85.34341057,28.18432638],[85.34333389,28.1843759],[85.34335306,28.18446537],[85.34322445,28.18454685],[85.34323244,28.18456841],[85.34329395,28.18456602],[85.34331605,28.18465169],[85.34334637,28.18462081],[85.34338494,28.18462322],[85.34335602,28.18467988],[85.34336686,28.18473532],[85.34326998,28.18472817],[85.34324622,28.18474889],[85.34325622,28.18485159],[85.3433362,28.18483795],[85.34342834,28.18485947],[85.34347655,28.18489925],[85.34348616,28.18496974],[85.34352797,28.18495065],[85.3436443,28.18503517],[85.34377972,28.185027],[85.34381607,28.18514242],[85.34388844,28.18517281],[85.3439404,28.18516282],[85.34393656,28.18521782],[85.3439775,28.18525747],[85.34379874,28.18546259],[85.34390789,28.18551717],[85.34394791,28.18557174],[85.34401413,28.18558557],[85.34399812,28.18566634],[85.34412401,28.18567216],[85.34419168,28.18576676],[85.34416621,28.1858126],[85.34402359,28.18580169],[85.34398721,28.1858679],[85.3439239,28.18589192],[85.34396683,28.18589046],[85.34398066,28.1859283],[85.34404906,28.18592393],[85.34408153,28.18594967],[85.34408401,28.18602522],[85.34419012,28.18610701],[85.34428172,28.18613473],[85.34432463,28.18625596],[85.34431801,28.18635034],[85.3442824,28.18635945],[85.34428654,28.18638512],[85.34436602,28.18640747],[85.34439086,28.18634041],[85.34443226,28.18632385],[85.34451091,28.18632551],[85.34450263,28.18637684],[85.34452250000001,28.18638263],[85.34458791,28.18634372],[85.34463924,28.18636856],[85.34465828,28.18640913],[85.34464669000002,28.18646543],[85.34467732,28.18650434],[85.34474521,28.18651262],[85.34475929,28.18657885],[85.34482883,28.18660038],[85.34478081,28.18663432],[85.34474852,28.18662356],[85.34474273,28.18664508],[85.3447833,28.1868206],[85.34477171,28.18689098],[85.34482055,28.18689843],[85.34485533,28.18684213],[85.34491245,28.18692989],[85.34502588,28.18691747],[85.3450327,28.18696294],[85.34498713,28.18695393],[85.34500621,28.18709064],[85.34507721,28.18720559],[85.3450739,28.18727844],[85.34503167,28.1873513],[85.34513268,28.18740098],[85.34507886,28.18757153],[85.34509294,28.18765266],[85.34518981,28.1877843],[85.34516166,28.18795651],[85.34525852,28.18801778],[85.34521709,28.1880603],[85.34529498,28.18810587],[85.3453591,28.18809262],[85.34538689000001,28.18814753],[85.34752453,28.18778509],[85.34754607,28.18773214],[85.34749391,28.18769075],[85.34748149,28.1876121],[85.34739373,28.18762451],[85.34743016,28.18751688],[85.34738048,28.18748625],[85.34733826,28.18753841],[85.34723891,28.18753013],[85.34720669,28.18745674],[85.34713107,28.1874998],[85.34709105,28.18746759],[85.34711479,28.18743368],[85.34716362,28.18743197999999],[85.34713893,28.18738207],[85.3471609,28.18734266],[85.34707722,28.18739465],[85.34704299,28.18737446],[85.34704387,28.18735076],[85.34711935,28.18734638],[85.34713252,28.18730929],[85.34710608,28.18730629],[85.34710555,28.18726867],[85.34706369,28.18724006],[85.34706104,28.18717012],[85.34708541,28.18713409],[85.34704143,28.18707739],[85.34705521,28.18701858],[85.34703666,28.18695552],[85.34690579,28.18692108],[85.34690844,28.18689459],[85.34687347,28.18686809],[85.34692804,28.18681882],[85.34699375,28.18681458],[85.34702925,28.18685273],[85.34703825,28.18682835],[85.34696248,28.18678755],[85.34695506,28.18671655],[85.34692801000001,28.18675304],[85.34688062,28.18676007],[85.34682708,28.18671179],[85.34685439,28.18665138],[85.34692947,28.18664281],[85.34691876,28.18661626],[85.34696999,28.18652452],[85.34692063,28.18650682],[85.34687266,28.18656364],[85.3468503,28.18655758],[85.34686334,28.18649285],[85.34679628,28.1864188],[85.34683074,28.18640437],[85.34682003,28.18638341],[85.34673853,28.18640064],[85.34674086,28.18649425],[85.34671106,28.18651893],[85.34662608,28.18645638],[85.3466426,28.18641415],[85.34670687,28.18641089],[85.34671595,28.18638891],[85.34664027,28.18626157],[85.34667665,28.18623537],[85.34672832,28.18623974],[85.34673559,28.18628122],[85.34678799,28.18630887],[85.34682874,28.18622009],[85.34674287,28.1861335],[85.34668757,28.18612841],[85.34673252,28.18605951],[85.346679,28.1860309],[85.34668536,28.18598692],[85.34659687000001,28.18598003],[85.34658257,28.1860362],[85.34649196,28.18600123],[85.34648719000002,28.1859244],[85.3465884,28.18593287],[85.3465974,28.18590108],[85.34667423,28.18590532],[85.34669755,28.18588519],[85.34664509000001,28.18581948],[85.34665357,28.18577497],[85.34671556,28.18576279],[85.34667317,28.18565204],[85.34661224,28.18560965],[85.34652905,28.18560647],[85.34651686,28.18555084],[85.34648136,28.18558687],[85.34639923,28.18557945],[85.34642785,28.18560753],[85.34641195,28.18562873],[85.34632081,28.18558687],[85.34620848,28.18560859],[85.34610674,28.18555932],[85.34603097,28.18545917],[85.345925,28.18546695],[85.34586291,28.18544046],[85.3458124,28.18531379],[85.34567248,28.18526246],[85.34564847,28.18522437],[85.34565924,28.18517718],[85.34572567,28.18513653],[85.3456827,28.18512459],[85.34566006,28.18503975],[85.34561536,28.18503643],[85.34563771,28.18497848],[85.34558224,28.18497351],[85.3455425,28.18486919],[85.34552015,28.18487416],[85.34555078,28.1848071],[85.34543073,28.18469699],[85.3454655,28.18467132],[85.34543653,28.18463158],[85.34548123,28.18460757],[85.34544563,28.18456783],[85.34548786,28.18452726],[85.34548123,28.18449994],[85.34542162,28.18442046],[85.34536615,28.18440142],[85.34534049,28.18436416],[85.34538023,28.18430455],[85.34534711,28.18428054],[85.3453645,28.18425985],[85.34534214,28.18423501],[85.34534959,28.1842052],[85.34529578,28.18418119],[85.34528998,28.18410171],[85.34524031,28.18405618],[85.34525438,28.18398829],[85.34514013,28.18395351],[85.34515752,28.18391874],[85.34514261,28.18382188],[85.34519229,28.18377386],[85.34511943,28.18368941],[85.34512937,28.18363311],[85.3450118,28.18359254],[85.3450739,28.18349236],[85.34499028000002,28.18348491],[85.34489755,28.18339301],[85.34488099,28.18345179],[85.3449267,28.18349314],[85.34488596,28.18351223],[85.34478167,28.18340783],[85.34478977000002,28.18338815],[85.3448272,28.18340127],[85.34483732,28.18335767],[85.3448714,28.1833552],[85.34484953,28.18327611],[85.34491102,28.18325079],[85.34487666,28.1831899],[85.34492851,28.1831694],[85.34477718,28.18312419],[85.34479346,28.18308379],[85.34473016,28.18302411],[85.34473498,28.18298794],[85.3446958,28.18295297],[85.34471388,28.18290534],[85.34462405,28.1828535],[85.34460778,28.18274317],[85.34454628,28.18273714],[85.34462526,28.18265153],[85.34455111,28.18257617],[85.34458005,28.18255387],[85.34456136,28.18248514],[85.34445887,28.18241762],[85.34447454,28.1823519],[85.34442872,28.18234829],[85.34437205,28.1822886],[85.34438471,28.1822663],[85.34444802,28.18226268],[85.34445043,28.18224339],[85.34439858,28.18223917],[85.34436783,28.18218973],[85.34430333,28.18217225],[85.34432262,28.18215537],[85.3442979,28.18210834],[85.3443612,28.18205409],[85.34426776,28.18195823],[85.34402157,28.18185482],[85.34393919,28.18179003],[85.34388493,28.18179726],[85.34379631,28.18172612],[85.34375411,28.18160434],[85.34368189,28.18155374],[85.34367624,28.18149831],[85.34357449,28.18148712],[85.34359338,28.18140215],[85.34352587,28.18135504],[85.34350968,28.18130205],[85.34339844,28.18129496999999],[85.34342554,28.18123478],[85.34348523,28.18122272],[85.34355456,28.18126131],[85.34352036,28.18126565],[85.34356358,28.181327],[85.34366066,28.18130833],[85.3434804,28.18116907],[85.34340263,28.18115158],[85.34338093,28.18111421],[85.34338997,28.18106296],[85.34341409,28.18105934],[85.3434581,28.18110516],[85.34348643,28.18109672],[85.3434786,28.18107622],[85.34340746,28.18103041],[85.34341168,28.18098338],[85.34330015,28.18093903],[85.34326152,28.18089193],[85.34330391,28.18084107],[85.34336405,28.18083628],[85.34337068,28.18074706],[85.34346111,28.18074103],[85.34347438,28.18071932],[85.34345207,28.18058127],[85.34338153,28.18051314],[85.34338214,28.18049204],[85.34341228,28.18048601],[85.3433755,28.18037478],[85.34338304,28.1802966],[85.34349702,28.18018733],[85.34368925,28.18014341],[85.34371159,28.18008388],[85.34367423,28.18001035],[85.3437344,28.17990096],[85.34368049,28.17986968],[85.34366814,28.1798037],[85.34369939,28.17978596],[85.34378235,28.17981489],[85.34380716,28.17977944],[85.34384936,28.17978608],[85.34386142,28.17975231],[85.34384394,28.17971011],[85.34378908,28.17974086],[85.34370407,28.17966249],[85.34374929,28.17957206],[85.34381801,28.17959135],[85.34381922,28.17955457],[85.34378546,28.17954915],[85.34378244,28.1795178],[85.34385057,28.17950634],[85.34382464,28.17943822],[85.3438783,28.17933513],[85.34386202,28.179263379999988],[85.34388373,28.17917416],[85.34384333,28.17914402],[85.34382163,28.17915848],[85.34383067,28.17919104],[85.34378124,28.17919948],[85.34374687,28.1791609],[85.34375893,28.17909458],[85.34381018,28.17908132],[85.34380776,28.17902284],[85.3438777,28.17898908],[85.34383369,28.17891312],[85.34375592,28.1788462],[85.34379764,28.17879584],[85.34372074,28.17878903],[85.34377451,28.1787109],[85.3437405,28.17865345],[85.34366789,28.17862358],[85.34368949,28.17858405],[85.34366099,28.1785744],[85.3436757,28.17854453],[85.34363701,28.17850762],[85.34364491,28.178471],[85.34371528,28.17840349],[85.34366501,28.17833815],[85.34367435,28.17827711],[85.34373970000001,28.17819524],[85.34378906,28.17821451],[85.34383198,28.17819873],[85.34381809,28.17816528],[85.3437594,28.17813372],[85.34369186,28.17815328],[85.34365463,28.17812046],[85.34365968,28.1780605],[85.34372721,28.17795889],[85.34370512000001,28.17786422],[85.34376003,28.17780805],[85.3437575,28.1777544],[85.34381431,28.17768245],[85.3438547,28.17768813],[85.34385533,28.177726],[85.34389131,28.17773231],[85.3439904,28.17766856],[85.34395947,28.17759472],[85.34398977,28.177572],[85.34399545,28.17752718],[85.34392097,28.1774546],[85.34399545,28.17740727],[85.34395064,28.17732522],[85.34396326,28.17728987],[85.3440289,28.17730691],[85.34408823,28.17728293],[85.34406298,28.17718447],[85.34428956,28.17711631],[85.34430889,28.1771488],[85.3442904,28.17719657],[85.34433662,28.17719195],[85.34437977,28.17715189],[85.34437823,28.17705481],[85.34442137,28.17701937],[85.34446606,28.17701783],[85.34454773,28.17709795],[85.3446371,28.177081],[85.34468608000002,28.17713026],[85.34464545,28.17690663],[85.34458487,28.17683134],[85.34456324,28.17684606],[85.34450093,28.1767924],[85.34450093,28.17682096],[85.34446718,28.17684173],[85.3444819,28.17686942],[85.3444343,28.17693086],[85.34443863,28.17697153],[85.34431024,28.17702996],[85.3442532,28.17703218],[85.34423049,28.17706375],[85.34418341,28.17705987],[85.34413302,28.17700006],[85.3439613,28.1771091],[85.34384884,28.17710499],[85.3438461,28.1770515],[85.34388912,28.17702519],[85.34380432,28.1769724],[85.34382595,28.17690577],[85.34375759,28.1767751],[85.3437472,28.17669894],[85.3437723,28.17665135],[85.34386922,28.17666606],[85.34381321,28.17660474],[85.34378958,28.1765112],[85.34374035,28.17646887],[85.34372262,28.17640093],[85.3436281,28.17636352],[85.34361038,28.17633496],[85.34364386,28.17624733],[85.34370293,28.17620992],[85.34363992,28.1761853],[85.3436281,28.17615675],[85.3436606,28.17610654],[85.34366355,28.17603466],[85.34377185,28.17596082],[85.34369801,28.175949],[85.34371081,28.1758279],[85.34375905,28.17577079],[85.34385456,28.17577965],[85.34388607,28.17570581],[85.34392742,28.17568415],[85.34397271,28.17575011],[85.34402785,28.17577276],[85.34404754000002,28.17585547],[85.34407609,28.17587811],[85.34416963,28.17590765],[85.34426809,28.17584857],[85.34426612000001,28.17581411],[85.34419424,28.17569498],[85.34410859,28.17570581],[85.34408102,28.17564279],[85.34393813,28.17562001],[85.34389614,28.17558135],[85.34389353,28.1755349],[85.34381279,28.17551464],[85.34377348,28.17546948],[85.34370742,28.17547952],[85.34365724,28.17545359],[85.34355355,28.17544941],[85.3435109,28.17547952],[85.34346658,28.17547784],[85.3434741,28.17535742],[85.34342142000001,28.17533903],[85.34340971,28.17529554],[85.34341807,28.17527714],[85.34351636,28.17527436],[85.3435304,28.17519273],[85.34358043,28.17518835],[85.34360852,28.1751585],[85.3435541,28.17509004],[85.34343731,28.17503964],[85.34342142000001,28.17498529],[85.34343647,28.17493427],[85.34349668,28.17490166],[85.34346658,28.17481803],[85.34365808,28.17466918],[85.34364386,28.17464242],[85.34359285,28.17463155],[85.34360121,28.17459308],[85.34355907,28.17451462],[85.34358482,28.1743482],[85.34355723,28.17430222],[85.34357746,28.17422223],[85.34355815,28.17415971],[85.34358206,28.17409902],[85.34362067,28.17408982],[85.34359585,28.17399052],[85.34364417,28.17395476],[85.34384199,28.17400284],[85.34379124,28.17393152],[85.34368046,28.17390782],[85.34367033,28.17387651],[85.34366233,28.17374501],[85.34383399,28.17363009],[85.3436409,28.17348205],[85.34366205,28.17344251],[85.3436455,28.17338918],[85.34371354,28.17332114],[85.34371814,28.17324115],[85.34374756,28.1732154],[85.34364458,28.1731538],[85.34367768,28.17305817],[85.34362343,28.17299197],[85.34366573,28.1729653],[85.34366757,28.1728899],[85.34369607,28.1728614],[85.34368044,28.17281451],[85.34370435,28.17278416],[85.34367676,28.17275106],[85.34361792000001,28.17273911],[85.34358941,28.17265084],[85.34361148,28.17260762],[85.34356918,28.17258372],[85.34355631,28.1725166],[85.34350758,28.17247062],[85.34352597,28.17244396],[85.34357654000002,28.1724412],[85.34361608,28.17237408],[85.34364734,28.17239339],[85.34362251,28.17245131],[85.34366941,28.17246143],[85.3436832,28.17249821],[85.34373009,28.1724035],[85.3437825,28.17237959],[85.3437494,28.17232718],[85.34368228,28.17228765],[85.34370251,28.17222052],[85.34366849,28.17218466],[85.34362251,28.17216811],[85.34360137,28.17221777],[85.34353976,28.17218834],[85.34356091,28.17211938],[85.34359769,28.17210375],[85.34361976,28.17204766],[85.343537,28.1720072],[85.34347356,28.17205042],[85.34343954,28.17198054],[85.34350298000001,28.17196859],[85.34349746,28.17194744],[85.34337793,28.17188308],[85.34339724,28.17184078],[85.34343586,28.17190146],[85.3434708,28.1718702],[85.34342739,28.17179445],[85.34349121,28.17177876],[85.34355398,28.17179759],[85.34354038,28.17170135],[85.34348912,28.17172227],[85.34347028,28.17169821],[85.34350824000002,28.17161744],[85.34359394,28.17164088],[85.34363679,28.17156321],[85.34361537,28.17151099],[85.34354373,28.17150563],[85.34351895,28.17144135],[85.34346874,28.17140453],[85.34348079,28.17138511],[85.34353971,28.17139114],[85.34361403,28.17136436],[85.34363277,28.1713215],[85.34357051,28.17113604],[85.34359796,28.17102088],[85.34355109,28.17097937],[85.34354038,28.17093116],[85.34359126,28.17086956],[85.34364884,28.17084412],[85.34360398,28.17075574],[85.34372091,28.17073621],[85.34366998,28.1706403],[85.34372049,28.17060108],[85.34368031,28.17055488],[85.34373371,28.17052215],[85.34371057,28.17050897],[85.34371419,28.17047743],[85.34376508,28.17046653],[85.34379348,28.17041919],[85.34370323,28.17042361],[85.34374046,28.17033146],[85.34369502,28.17032073],[85.34360035,28.17023048],[85.3436439,28.17018945],[85.34366977,28.17019513],[85.34369754,28.17026772],[85.34374993,28.17030558],[85.34376634,28.17029485],[85.34378212,28.17023994],[85.34374109,28.17021028],[85.34373226,28.1701459],[85.34378464,28.17009415],[85.34379727,28.16991995],[85.34376129,28.16989408],[85.34376886,28.16978615],[85.34374425,28.16969526],[85.34370512000001,28.16964919],[85.34362623,28.16966055],[85.34360982,28.16963341],[85.34343246,28.16955452],[85.34348927,28.16951602],[85.34357384,28.1693292],[85.34363759,28.16929259],[85.34365589,28.16932604],[85.34372405000002,28.16930837],[85.34370827,28.16927934],[85.34365210000001,28.16926482],[85.34368113,28.16915816],[85.34374046,28.16906853],[85.34363317,28.16893284],[85.34359593,28.16893852],[85.34355897,28.16890017],[85.34352938,28.16891398],[85.3434591,28.16887565],[85.34345869,28.16884253],[85.34352625,28.16881697],[85.34351901,28.16877199],[85.34356425,28.16873243],[85.34343809,28.16872649],[85.3433882,28.16870064],[85.34343507000001,28.1686747],[85.34342236,28.16862231],[85.34344193,28.16853206],[85.34343751000002,28.1684437],[85.343411,28.16839573],[85.34343274,28.16834989],[85.34339132,28.16826212],[85.34342288,28.16819408],[85.34341006,28.16810828],[85.34351928,28.16800275],[85.34349868,28.16797044],[85.34353463,28.16788844],[85.34349222,28.16783512],[85.34340497,28.16784522],[85.34343329,28.16778639],[85.3434979,28.1677587],[85.34358701,28.16766498],[85.34360512,28.16760356],[85.34356311,28.16745342],[85.34366599,28.16733919],[85.34363885000002,28.16732783],[85.34365199,28.16725042],[85.34374646,28.16714381],[85.34388717000002,28.16688921],[85.34389233,28.16681726],[85.34384662,28.16672737],[85.34383215,28.16663519],[85.343855,28.16652702],[85.34394261,28.16648131],[85.34393042,28.16638532],[85.34394642,28.16635714],[85.343871,28.16620935],[85.34390757,28.16617202],[85.34391442,28.16612555],[85.34389995,28.16608898],[85.34384205,28.16607299],[85.34383977000002,28.16603642],[85.34380701,28.16602119],[85.34379939,28.16590615],[85.34377502,28.1658833],[85.34369503,28.16587721],[85.3436676,28.16584826],[85.34357238,28.16586654],[85.34355257,28.16584978],[85.34357619,28.16580712],[85.34354267,28.16555573],[85.343564,28.16541937],[85.34346040000001,28.1653211],[85.34349649,28.16522107],[85.34347387,28.16516393],[85.34349571,28.16510306],[85.34356907,28.16506666],[85.3435965,28.16495283],[85.3435594,28.16490847],[85.34372111,28.1645253],[85.34385729,28.16446713],[85.34389919,28.16441076],[85.34405612,28.16437724],[85.34406297,28.16434677],[85.34411325,28.16432086],[85.34412239,28.16435895],[85.34415058,28.16436048],[85.34432351,28.16417308],[85.34443016,28.16415327],[85.34448205,28.16411647],[85.34459166,28.1639773],[85.34459013,28.16394073],[85.34455204,28.1639293],[85.34458099,28.16388969],[85.34463813,28.16389426],[85.34465584,28.16384151],[85.3447213,28.16380818],[85.34469155,28.16378913],[85.34470583,28.16376771],[85.34476297,28.16377723],[85.34480801,28.16362763],[85.34478287,28.16358573],[85.34481435,28.16354569],[85.34388123,28.16277298],[85.34382858,28.16275238],[85.34366908,28.16279999],[85.34364847,28.16285545],[85.34357804,28.16285721],[85.34352122,28.16289982],[85.34353731,28.16293004],[85.34345735,28.1629398],[85.34343882,28.16296759],[85.34340421,28.16294662],[85.34344077,28.16290079],[85.34342983,28.16287498],[85.34330328000001,28.16285545],[85.34312841,28.16290042],[85.34305819,28.16285214],[85.34292653,28.16289778],[85.34285017,28.16288901],[85.34281156,28.16285916],[85.34274485,28.16290481],[85.34265971,28.16289427],[85.34265445,28.16286004],[85.34269131,28.16285302],[85.34265461,28.16278946],[85.34260019,28.16279999],[85.34248013,28.16276042],[85.34244188,28.16278357],[85.34235503,28.16268377],[85.34228876,28.162763],[85.34220594,28.16278719],[85.34207482,28.16277553],[85.34202545,28.16279713],[85.34200458,28.16273938],[85.34196957,28.16273557],[85.34193605,28.16269291],[85.34192919,28.162731],[85.34188044,28.16274015],[85.34165266,28.16265406],[85.34162981,28.16267692],[85.34167053,28.16271171],[85.34164683000002,28.16273892],[85.34161879,28.16268234],[85.3414546,28.16269596],[85.34143174,28.16274243],[85.34144088,28.16280566],[85.34141498,28.16282394],[85.3413807,28.16282394],[85.34129919,28.16276605],[85.34120625,28.16277062],[85.34116131,28.16273405],[85.34112474,28.16274776],[85.34110493,28.16276986],[85.34114455,28.16282775],[85.3410158,28.16288946],[85.34100172,28.16294781],[85.34085759000001,28.16296902],[85.34074451,28.16303805],[85.34070285,28.16301068],[85.34065405,28.16302615],[85.34052669,28.16299401],[85.34031243,28.16285832],[85.34025054,28.16284403],[85.34004629,28.16261397],[85.33994054,28.16258342],[85.33993796,28.16247227],[85.33970435,28.16224736],[85.33960271,28.1622168],[85.33950107,28.16211869],[85.33941764,28.16211634],[85.33931113,28.16203622],[85.33898035,28.16186735],[85.33898409,28.16178089],[85.33894214,28.16171697],[85.33892243,28.16171902],[85.33891804,28.16166109],[85.33895229,28.16162277],[85.33891102,28.16161808],[85.3389181,28.16159442],[85.33889161,28.16157147],[85.33878667,28.16153767],[85.33864287,28.16144312],[85.33862909,28.16127372],[85.33850302,28.16118113],[85.33845574,28.16108855],[85.33832376,28.16094081],[85.33820754,28.16066701],[85.33814254,28.16059018],[85.33812284,28.16050745],[85.33813728,28.16037812],[85.33810264,28.16034277],[85.3380965,28.1602866],[85.33810708,28.16021788],[85.33802979,28.16020234],[85.33800259,28.1601567],[85.33801487,28.16012159],[85.3380724,28.16011674],[85.33802829,28.16005242],[85.33801686000001,28.15997709],[85.33798942,28.15999871],[85.33793412,28.15996185],[85.33790779,28.15999081],[85.33787267,28.15994014],[85.33780373,28.15990074],[85.33768096,28.15989546],[85.33754607,28.15982486],[85.33747799,28.15976561],[85.33746665,28.15969627],[85.33736367,28.15951841],[85.33732575,28.15950147],[85.33727169,28.15952406],[85.33716277,28.15942078],[85.33711436,28.15942563],[85.33699737,28.15932961],[85.33698849,28.15929976],[85.33701996,28.15928039],[85.33697624,28.15926385],[85.33685802,28.15935149],[85.33690143,28.15927268],[85.33680856,28.15930041],[85.33673418,28.1592399],[85.33663963,28.15921469],[85.33658038,28.15903062],[85.33655602,28.15901978],[85.33650842,28.15905125],[85.3364479,28.15902059],[85.33644468,28.15896814],[85.3365333,28.15878308],[85.33658333,28.15876728],[85.33660264,28.15869443],[85.33666978,28.15866965],[85.3366951,28.15859064],[85.33679485000002,28.15850663],[85.33683035,28.15830895],[85.33687957,28.15825409],[85.33694144,28.15825207],[85.3369425,28.15816049],[85.33703367,28.15806851],[85.33703609,28.1579959],[85.33708187,28.15797296],[85.33708801,28.15793083],[85.33718045,28.15791513],[85.33723101,28.15784941],[85.33740761,28.15778529],[85.33742338,28.1577127],[85.33757924000001,28.15754255],[85.33727822,28.15729232],[85.33714013,28.15742702],[85.33692329,28.15754301],[85.33685269,28.15761108],[85.33678083,28.15771194],[85.33679344,28.15783801],[85.33676066000001,28.15787709],[85.33667241,28.15787331],[85.33661568,28.15784305],[85.33658542,28.15785566],[85.33650852,28.15782036],[85.33629864,28.1579249],[85.3361647,28.15802736],[85.33607111000002,28.15803947],[85.33607484,28.15805989],[85.33599542,28.1580851],[85.33595634,28.15813427],[85.33588574,28.15811158],[85.33581766,28.15812166],[85.33583405,28.15819731],[85.33576723,28.15821874],[85.33573193,28.15819731],[85.33574076,28.15815066],[85.33568276,28.1580019],[85.335563,28.15797416],[85.33553652,28.15799938],[85.33533733,28.15801829],[85.33528565,28.15796534],[85.33526169,28.15785692],[85.33517092000001,28.15780774999999],[85.33511293,28.15773967],[85.33477885,28.15783044],[85.33468051,28.15777497],[85.33463488,28.15777665],[85.33453512,28.15768709],[85.33442515,28.15770705],[85.33433317,28.15764895],[85.33427669,28.15770301],[85.33421537,28.15771673],[85.33417664,28.15769494],[85.33415727,28.15762314],[85.33411028,28.15757634],[85.33393082,28.15746631],[85.3338196,28.15750563],[85.33381269,28.15742774],[85.33377344,28.15739117],[85.33374586,28.15729071],[85.33361659000002,28.15711429],[85.33353349,28.15707735],[85.33337037,28.15707427],[85.33327495,28.15703426],[85.33311798,28.15685882],[85.33280712,28.15667723],[85.33270862,28.15659413],[85.332447,28.15629557],[85.3323916,28.15618785],[85.33238237,28.15608012],[85.33232697,28.15598779],[85.33209921,28.15592623],[85.33205669,28.15592296],[85.3320447,28.15595598],[85.33190446,28.15589906],[85.33176957,28.15587637],[85.33166332,28.15579241],[85.33161975000002,28.15568429],[85.33157437,28.15563952],[85.33149388,28.15563104],[85.33145192,28.15556407],[85.33122197,28.15546967],[85.3311625,28.15551745],[85.33115080000002,28.15555922],[85.33103479,28.15556568],[85.33093635,28.15543659],[85.33091779,28.15537688],[85.33088633,28.15536397],[85.33085728,28.15538656],[85.33078224,28.15530184],[85.33069299,28.15530532],[85.33061547,28.1552469],[85.33066283,28.15519937],[85.33065557,28.15517517],[85.33061603,28.15518001],[85.33053535,28.15524294],[85.33042239,28.15523246],[85.33039415,28.15517194],[85.33035704,28.15515823],[85.33035946,28.15511546],[85.33030062,28.15502343],[85.33024569,28.15496862],[85.33010853,28.15485969],[85.33005767,28.15487503],[85.33003688,28.15485705],[85.33000823,28.15480987],[85.33003904,28.15480491],[85.33003188,28.15474754],[85.329881,28.15466605],[85.32983178,28.15458295],[85.32978657,28.15455356],[85.32976704,28.15455779],[85.32978635,28.15464117],[85.32969243,28.15457973],[85.32964065,28.15441209],[85.32962836,28.15438839],[85.3295599,28.15438488],[85.32957655,28.15432589],[85.32953436,28.15429041],[85.32942846,28.15406853],[85.32938693,28.15401991],[85.32935452,28.15401888],[85.32902171,28.15362683],[85.32863783,28.15331369],[85.328328,28.15314156],[85.32807698,28.15278297],[85.32788764,28.1526467],[85.32782453,28.1525176],[85.32781179,28.15243056],[85.32775396,28.15242506],[85.32766124,28.15246086],[85.32761167,28.15244709],[85.32754373000002,28.1523764],[85.32745561,28.15236998],[85.32738951,28.1523305],[85.32731607,28.15215883],[85.32719431,28.15209576],[85.32718334,28.15206696],[85.32728277,28.15195601],[85.32741099,28.15195725],[85.32735202,28.15189965],[85.32733008,28.15180091],[85.32727522,28.15179405],[85.32726274,28.15183634],[85.32717469,28.15179714],[85.32709278,28.15165596],[85.32685881,28.15157553],[85.32677421,28.15142303],[85.32682852,28.15135201],[85.32670527,28.15129143],[85.32662171,28.15128203],[85.32658306,28.15115147],[85.32648384,28.15114102],[85.32643997,28.15109089],[85.32637626,28.15110238],[85.32633134,28.15106582],[85.32623838,28.1510794],[85.32621645,28.15103971],[85.3263021,28.15098226],[85.32632194,28.15094152],[85.32623838,28.15085901],[85.32616318,28.15084752],[85.32617989,28.15080992],[85.32610469,28.15070965],[85.3259811,28.15069719],[85.32590951,28.15065423],[85.32586409,28.15055697],[85.32591563,28.15047777],[85.32583416,28.1503493],[85.32553335,28.15014458],[85.32549262,28.15013204],[85.32541428,28.15015816],[85.32540697,28.15008295],[85.32530461000002,28.15006833],[85.32526178,28.15002655],[85.32518658,28.15001715],[85.32514689,28.14997432999999],[85.32507586,28.14998686],[85.32496201,28.15005475],[85.32493178,28.15004213],[85.32404032,28.15109031],[85.32427655,28.15110765],[85.32438229,28.1511751],[85.32441814,28.15127146],[85.32435567,28.15143249],[85.3243843,28.15146068],[85.32439871,28.15156714],[85.32444774,28.15160414],[85.32449771,28.151593],[85.32450454,28.15166238],[85.32460161,28.15168252],[85.32464296,28.15173285],[85.32463310000001,28.15179043],[85.32466237,28.15180583],[85.32464727,28.15184969],[85.32460908,28.15184355],[85.32458966,28.15182125],[85.32459973,28.15178241],[85.32454507000001,28.15179104],[85.32451701,28.15173422],[85.32449616,28.1517335],[85.32448249,28.15181622],[85.32454507000001,28.15195791],[85.32457743,28.15192051],[85.32465799,28.15196151],[85.32472488,28.15193202],[85.32476914,28.15198702],[85.32475656,28.15205497],[85.32472277,28.152092],[85.32469724,28.15205389],[85.32467813,28.1520658],[85.32462738,28.15203765],[85.3246269,28.15207638],[85.32456452,28.15217241],[85.324574,28.15220023],[85.32463469000001,28.15219707],[85.32464291,28.15222299],[85.324665,28.15221238],[85.32471286,28.15224068],[85.32485542,28.15241115],[85.32496049,28.15242643],[85.32498452,28.15246251],[85.32497758,28.15251387],[85.32500673,28.15253886],[85.32503588,28.15253608],[85.32506087,28.15248333],[85.32513407,28.15247474],[85.32510205000001,28.15242924],[85.32511048,28.15240396],[85.3251835,28.15240171],[85.32520934,28.1524416],[85.32518182,28.15248036],[85.32515879,28.15247249],[85.32515804,28.15259161],[85.32520246,28.15257634],[85.32522357,28.15252799],[85.32527476,28.15252455],[85.32525382,28.15259716],[85.32528991,28.15258467],[85.32531213,28.15261104],[85.32528237,28.15267135],[85.32537898,28.1527621],[85.32548918,28.15278701],[85.32554266,28.15283812],[85.32558683,28.15282414],[85.32569953,28.15291893],[85.32591769,28.15299322],[85.32592892,28.15305445],[85.32601867000001,28.15314496],[85.32603822,28.15312452],[85.32605842,28.15313759],[85.32617487,28.15326832],[85.32624857000002,28.15325762],[85.32630799,28.15330753],[85.32633449,28.15325274],[85.32642212,28.15325836],[85.32644965,28.15332745],[85.32639011,28.15336059],[85.32639033,28.15346756],[85.32645904,28.15350678],[85.32650228,28.15349471],[85.32649055,28.15347896],[85.32653279,28.15343874],[85.32656765,28.15346756],[85.32655457,28.15353259],[85.32666284,28.15353159],[85.32669267,28.15360097],[85.32666653,28.15374209],[85.32670889,28.1537815],[85.32670822,28.15383847],[85.32682398,28.15391787],[85.32684039,28.15398373],[85.32698537,28.15397304],[85.32701547,28.15400198],[85.32704671,28.15397637],[85.32708441000001,28.15402681],[85.32723018,28.15401106],[85.32722883,28.1540689],[85.32715294,28.15407624],[85.32714789,28.15405321],[85.32712598,28.15406838],[85.32715743,28.15409478],[85.32720574,28.15410208],[85.32725124,28.1540622],[85.32734902,28.15407762],[85.32735452,28.15411804],[85.32728816,28.15414703],[85.32730505000002,28.15422617],[85.32733775,28.15422904],[85.32733833,28.15426776],[85.32737873,28.15429153],[85.3274574,28.15425825],[85.32745955,28.1543248],[85.32752015,28.15438898],[85.32759429,28.15434781],[85.32763031,28.15435822999999],[85.32760791,28.15446532],[85.32766243,28.15449193],[85.32768059,28.15453277],[85.32776804,28.15457225],[85.32774476,28.15464686],[85.32782814,28.15467056],[85.32781635,28.15469977],[85.32788499,28.15477758],[85.32792777,28.15490712],[85.32795791,28.15490761],[85.32797096,28.1548341],[85.32801215,28.15484057],[85.32799217,28.15490929],[85.3280169,28.15492839],[85.3280074,28.15497961],[85.32810661,28.15507366000001],[85.32808261000001,28.1552087],[85.32812148,28.15526483],[85.32802572,28.15540237],[85.3278826,28.15540829],[85.32783169,28.15535651],[85.3278054,28.15538392],[85.32771232,28.15537143],[85.32769565,28.15539688],[85.32763157,28.15540302],[85.3275438,28.15537669],[85.32755785,28.15544077],[85.32743321,28.15552151],[85.32742531,28.15559788],[85.32735334,28.15563298],[85.3273393,28.15569267],[85.32730945000002,28.15569881],[85.32727259,28.15555311],[85.32725153,28.15560929],[85.32727435,28.15566809],[85.3271936,28.15565668],[85.32717078,28.15571286],[85.32712689,28.15565317],[85.32710583,28.1556874],[85.32699172,28.15567862],[85.3268373,28.15576895],[85.32693358,28.15586666]],[[85.32482231,28.15227532],[85.3247695,28.15227645],[85.32478973,28.15225903],[85.32475883,28.15222364],[85.32481781,28.15215399],[85.32485938,28.15219275],[85.32489309,28.15230229],[85.32485938,28.15230959],[85.32482231,28.15227532]]]}},{"type":"Feature","properties":{"clase":"emsr_aoi","aoi":"Syapru Besi","aoi_n":1,"locality":"Syapru Besi","emsr_id":"EMSR927","map_type":"Grading","estado":"publicado 28 ago 2026","fuente":"Copernicus EMSR927 GRA"},"geometry":{"type":"Polygon","coordinates":[[[85.33471255,28.16376188],[85.34190977,28.18501529],[85.34202976,28.18533254],[85.34514919,28.18818783],[85.34826837,28.18765897],[85.3474878,28.18274154],[85.34748777,28.18258292],[85.34748774,28.18237142],[85.34790628,28.17285466],[85.34526667,28.16392025],[85.34130872,28.16064271],[85.33501252,28.15540894],[85.32571874,28.14911693],[85.32320008,28.15207737],[85.33471255,28.16376188]]]}},{"type":"Feature","properties":{"clase":"emsr_edificio","aoi":"Syapru Besi","aoi_n":1,"damage_gra":"Destroyed","simplified":"Residential","fuente":"Copernicus EMSR927 GRA"},"geometry":{"type":"Point","coordinates":[85.33151367,28.15607904]}},{"type":"Feature","properties":{"clase":"emsr_edificio","aoi":"Syapru Besi","aoi_n":1,"damage_gra":"Destroyed","simplified":"Residential","fuente":"Copernicus EMSR927 GRA"},"geometry":{"type":"Point","coordinates":[85.33217269,28.15745398]}},{"type":"Feature","properties":{"clase":"emsr_edificio","aoi":"Syapru Besi","aoi_n":1,"damage_gra":"Destroyed","simplified":"Residential","fuente":"Copernicus EMSR927 GRA"},"geometry":{"type":"Point","coordinates":[85.33503594,28.15986346]}},{"type":"Feature","properties":{"clase":"emsr_edificio","aoi":"Syapru Besi","aoi_n":1,"damage_gra":"Destroyed","simplified":"Residential","fuente":"Copernicus EMSR927 GRA"},"geometry":{"type":"Point","coordinates":[85.3360598,28.15998361]}},{"type":"Feature","properties":{"clase":"emsr_edificio","aoi":"Syapru Besi","aoi_n":1,"damage_gra":"Destroyed","simplified":"Residential","fuente":"Copernicus EMSR927 GRA"},"geometry":{"type":"Point","coordinates":[85.33624739,28.16025551]}},{"type":"Feature","properties":{"clase":"emsr_edificio","aoi":"Syapru Besi","aoi_n":1,"damage_gra":"Destroyed","simplified":"Residential","fuente":"Copernicus EMSR927 GRA"},"geometry":{"type":"Point","coordinates":[85.33640758,28.16029767]}},{"type":"Feature","properties":{"clase":"emsr_edificio","aoi":"Syapru Besi","aoi_n":1,"damage_gra":"Destroyed","simplified":"Residential","fuente":"Copernicus EMSR927 GRA"},"geometry":{"type":"Point","coordinates":[85.33593956,28.16034038]}},{"type":"Feature","properties":{"clase":"emsr_edificio","aoi":"Syapru Besi","aoi_n":1,"damage_gra":"Destroyed","simplified":"Residential","fuente":"Copernicus EMSR927 GRA"},"geometry":{"type":"Point","coordinates":[85.33632207,28.16040116]}},{"type":"Feature","properties":{"clase":"emsr_edificio","aoi":"Syapru Besi","aoi_n":1,"damage_gra":"Destroyed","simplified":"Residential","fuente":"Copernicus EMSR927 GRA"},"geometry":{"type":"Point","coordinates":[85.33610406,28.16041992]}},{"type":"Feature","properties":{"clase":"emsr_edificio","aoi":"Syapru Besi","aoi_n":1,"damage_gra":"Destroyed","simplified":"Residential","fuente":"Copernicus EMSR927 GRA"},"geometry":{"type":"Point","coordinates":[85.33638067,28.16050966]}},{"type":"Feature","properties":{"clase":"emsr_edificio","aoi":"Syapru Besi","aoi_n":1,"damage_gra":"Destroyed","simplified":"Residential","fuente":"Copernicus EMSR927 GRA"},"geometry":{"type":"Point","coordinates":[85.33663986,28.16038712]}},{"type":"Feature","properties":{"clase":"emsr_edificio","aoi":"Syapru Besi","aoi_n":1,"damage_gra":"Destroyed","simplified":"Residential","fuente":"Copernicus EMSR927 GRA"},"geometry":{"type":"Point","coordinates":[85.33658185,28.16043164]}},{"type":"Feature","properties":{"clase":"emsr_edificio","aoi":"Syapru Besi","aoi_n":1,"damage_gra":"Destroyed","simplified":"Residential","fuente":"Copernicus EMSR927 GRA"},"geometry":{"type":"Point","coordinates":[85.33682332,28.16052742]}},{"type":"Feature","properties":{"clase":"emsr_edificio","aoi":"Syapru Besi","aoi_n":1,"damage_gra":"Destroyed","simplified":"Residential","fuente":"Copernicus EMSR927 GRA"},"geometry":{"type":"Point","coordinates":[85.33645677,28.16053909]}},{"type":"Feature","properties":{"clase":"emsr_edificio","aoi":"Syapru Besi","aoi_n":1,"damage_gra":"Destroyed","simplified":"Residential","fuente":"Copernicus EMSR927 GRA"},"geometry":{"type":"Point","coordinates":[85.3364999,28.16057656]}},{"type":"Feature","properties":{"clase":"emsr_edificio","aoi":"Syapru Besi","aoi_n":1,"damage_gra":"Destroyed","simplified":"Residential","fuente":"Copernicus EMSR927 GRA"},"geometry":{"type":"Point","coordinates":[85.33657762,28.16059473]}},{"type":"Feature","properties":{"clase":"emsr_edificio","aoi":"Syapru Besi","aoi_n":1,"damage_gra":"Destroyed","simplified":"Residential","fuente":"Copernicus EMSR927 GRA"},"geometry":{"type":"Point","coordinates":[85.33667647,28.16061508]}},{"type":"Feature","properties":{"clase":"emsr_edificio","aoi":"Syapru Besi","aoi_n":1,"damage_gra":"Destroyed","simplified":"Residential","fuente":"Copernicus EMSR927 GRA"},"geometry":{"type":"Point","coordinates":[85.33674609,28.16067629]}},{"type":"Feature","properties":{"clase":"emsr_edificio","aoi":"Syapru Besi","aoi_n":1,"damage_gra":"Destroyed","simplified":"Residential","fuente":"Copernicus EMSR927 GRA"},"geometry":{"type":"Point","coordinates":[85.33653344,28.16080388]}},{"type":"Feature","properties":{"clase":"emsr_edificio","aoi":"Syapru Besi","aoi_n":1,"damage_gra":"Destroyed","simplified":"Residential","fuente":"Copernicus EMSR927 GRA"},"geometry":{"type":"Point","coordinates":[85.33649213,28.16094715]}},{"type":"Feature","properties":{"clase":"emsr_edificio","aoi":"Syapru Besi","aoi_n":1,"damage_gra":"Destroyed","simplified":"Residential","fuente":"Copernicus EMSR927 GRA"},"geometry":{"type":"Point","coordinates":[85.33584815,28.16055211]}},{"type":"Feature","properties":{"clase":"emsr_edificio","aoi":"Syapru Besi","aoi_n":1,"damage_gra":"Destroyed","simplified":"Residential","fuente":"Copernicus EMSR927 GRA"},"geometry":{"type":"Point","coordinates":[85.33617644,28.16057962]}},{"type":"Feature","properties":{"clase":"emsr_edificio","aoi":"Syapru Besi","aoi_n":1,"damage_gra":"Destroyed","simplified":"Residential","fuente":"Copernicus EMSR927 GRA"},"geometry":{"type":"Point","coordinates":[85.33573729,28.1606009]}},{"type":"Feature","properties":{"clase":"emsr_edificio","aoi":"Syapru Besi","aoi_n":1,"damage_gra":"Destroyed","simplified":"Residential","fuente":"Copernicus EMSR927 GRA"},"geometry":{"type":"Point","coordinates":[85.33621175,28.16063816]}},{"type":"Feature","properties":{"clase":"emsr_edificio","aoi":"Syapru Besi","aoi_n":1,"damage_gra":"Destroyed","simplified":"Residential","fuente":"Copernicus EMSR927 GRA"},"geometry":{"type":"Point","coordinates":[85.33582693,28.16069839]}},{"type":"Feature","properties":{"clase":"emsr_edificio","aoi":"Syapru Besi","aoi_n":1,"damage_gra":"Destroyed","simplified":"Residential","fuente":"Copernicus EMSR927 GRA"},"geometry":{"type":"Point","coordinates":[85.33624007,28.1607053]}},{"type":"Feature","properties":{"clase":"emsr_edificio","aoi":"Syapru Besi","aoi_n":1,"damage_gra":"Destroyed","simplified":"Residential","fuente":"Copernicus EMSR927 GRA"},"geometry":{"type":"Point","coordinates":[85.3361999,28.1607685]}},{"type":"Feature","properties":{"clase":"emsr_edificio","aoi":"Syapru Besi","aoi_n":1,"damage_gra":"Destroyed","simplified":"Residential","fuente":"Copernicus EMSR927 GRA"},"geometry":{"type":"Point","coordinates":[85.33588387,28.16078031]}},{"type":"Feature","properties":{"clase":"emsr_edificio","aoi":"Syapru Besi","aoi_n":1,"damage_gra":"Destroyed","simplified":"Residential","fuente":"Copernicus EMSR927 GRA"},"geometry":{"type":"Point","coordinates":[85.33623077,28.16082802]}},{"type":"Feature","properties":{"clase":"emsr_edificio","aoi":"Syapru Besi","aoi_n":1,"damage_gra":"Destroyed","simplified":"Residential","fuente":"Copernicus EMSR927 GRA"},"geometry":{"type":"Point","coordinates":[85.3358851,28.16087882]}},{"type":"Feature","properties":{"clase":"emsr_edificio","aoi":"Syapru Besi","aoi_n":1,"damage_gra":"Destroyed","simplified":"Residential","fuente":"Copernicus EMSR927 GRA"},"geometry":{"type":"Point","coordinates":[85.33596916,28.1609344]}},{"type":"Feature","properties":{"clase":"emsr_edificio","aoi":"Syapru Besi","aoi_n":1,"damage_gra":"Destroyed","simplified":"Residential","fuente":"Copernicus EMSR927 GRA"},"geometry":{"type":"Point","coordinates":[85.33619574,28.16094151]}},{"type":"Feature","properties":{"clase":"emsr_edificio","aoi":"Syapru Besi","aoi_n":1,"damage_gra":"Destroyed","simplified":"Residential","fuente":"Copernicus EMSR927 GRA"},"geometry":{"type":"Point","coordinates":[85.33599538,28.16101875]}},{"type":"Feature","properties":{"clase":"emsr_edificio","aoi":"Syapru Besi","aoi_n":1,"damage_gra":"Destroyed","simplified":"Residential","fuente":"Copernicus EMSR927 GRA"},"geometry":{"type":"Point","coordinates":[85.33631405,28.16102974]}},{"type":"Feature","properties":{"clase":"emsr_edificio","aoi":"Syapru Besi","aoi_n":1,"damage_gra":"Destroyed","simplified":"Residential","fuente":"Copernicus EMSR927 GRA"},"geometry":{"type":"Point","coordinates":[85.33624408,28.16105989]}},{"type":"Feature","properties":{"clase":"emsr_edificio","aoi":"Syapru Besi","aoi_n":1,"damage_gra":"Destroyed","simplified":"Residential","fuente":"Copernicus EMSR927 GRA"},"geometry":{"type":"Point","coordinates":[85.33612903,28.16107467]}},{"type":"Feature","properties":{"clase":"emsr_edificio","aoi":"Syapru Besi","aoi_n":1,"damage_gra":"Destroyed","simplified":"Residential","fuente":"Copernicus EMSR927 GRA"},"geometry":{"type":"Point","coordinates":[85.33599695,28.1611061]}},{"type":"Feature","properties":{"clase":"emsr_edificio","aoi":"Syapru Besi","aoi_n":1,"damage_gra":"Destroyed","simplified":"Residential","fuente":"Copernicus EMSR927 GRA"},"geometry":{"type":"Point","coordinates":[85.33608009,28.16117699]}},{"type":"Feature","properties":{"clase":"emsr_edificio","aoi":"Syapru Besi","aoi_n":1,"damage_gra":"Destroyed","simplified":"Residential","fuente":"Copernicus EMSR927 GRA"},"geometry":{"type":"Point","coordinates":[85.33629452,28.1612788]}},{"type":"Feature","properties":{"clase":"emsr_edificio","aoi":"Syapru Besi","aoi_n":1,"damage_gra":"Destroyed","simplified":"Residential","fuente":"Copernicus EMSR927 GRA"},"geometry":{"type":"Point","coordinates":[85.33609057,28.16129096]}},{"type":"Feature","properties":{"clase":"emsr_edificio","aoi":"Syapru Besi","aoi_n":1,"damage_gra":"Destroyed","simplified":"Residential","fuente":"Copernicus EMSR927 GRA"},"geometry":{"type":"Point","coordinates":[85.33656409,28.16102871]}},{"type":"Feature","properties":{"clase":"emsr_edificio","aoi":"Syapru Besi","aoi_n":1,"damage_gra":"Destroyed","simplified":"Residential","fuente":"Copernicus EMSR927 GRA"},"geometry":{"type":"Point","coordinates":[85.33680983,28.16105622]}},{"type":"Feature","properties":{"clase":"emsr_edificio","aoi":"Syapru Besi","aoi_n":1,"damage_gra":"Destroyed","simplified":"Residential","fuente":"Copernicus EMSR927 GRA"},"geometry":{"type":"Point","coordinates":[85.3366213,28.16115537]}},{"type":"Feature","properties":{"clase":"emsr_edificio","aoi":"Syapru Besi","aoi_n":1,"damage_gra":"Destroyed","simplified":"Residential","fuente":"Copernicus EMSR927 GRA"},"geometry":{"type":"Point","coordinates":[85.33675182,28.16123293]}},{"type":"Feature","properties":{"clase":"emsr_edificio","aoi":"Syapru Besi","aoi_n":1,"damage_gra":"Destroyed","simplified":"Residential","fuente":"Copernicus EMSR927 GRA"},"geometry":{"type":"Point","coordinates":[85.33678913,28.16138415]}},{"type":"Feature","properties":{"clase":"emsr_edificio","aoi":"Syapru Besi","aoi_n":1,"damage_gra":"Destroyed","simplified":"Residential","fuente":"Copernicus EMSR927 GRA"},"geometry":{"type":"Point","coordinates":[85.33669521,28.16141726]}},{"type":"Feature","properties":{"clase":"emsr_edificio","aoi":"Syapru Besi","aoi_n":1,"damage_gra":"Destroyed","simplified":"Residential","fuente":"Copernicus EMSR927 GRA"},"geometry":{"type":"Point","coordinates":[85.33670378,28.16151036]}},{"type":"Feature","properties":{"clase":"emsr_edificio","aoi":"Syapru Besi","aoi_n":1,"damage_gra":"Destroyed","simplified":"Residential","fuente":"Copernicus EMSR927 GRA"},"geometry":{"type":"Point","coordinates":[85.33671365,28.16159262]}},{"type":"Feature","properties":{"clase":"emsr_edificio","aoi":"Syapru Besi","aoi_n":1,"damage_gra":"Destroyed","simplified":"Residential","fuente":"Copernicus EMSR927 GRA"},"geometry":{"type":"Point","coordinates":[85.33679446,28.16163222]}},{"type":"Feature","properties":{"clase":"emsr_edificio","aoi":"Syapru Besi","aoi_n":1,"damage_gra":"Destroyed","simplified":"Residential","fuente":"Copernicus EMSR927 GRA"},"geometry":{"type":"Point","coordinates":[85.33669095,28.1617364]}},{"type":"Feature","properties":{"clase":"emsr_edificio","aoi":"Syapru Besi","aoi_n":1,"damage_gra":"Destroyed","simplified":"Residential","fuente":"Copernicus EMSR927 GRA"},"geometry":{"type":"Point","coordinates":[85.33623631,28.16132832]}},{"type":"Feature","properties":{"clase":"emsr_edificio","aoi":"Syapru Besi","aoi_n":1,"damage_gra":"Destroyed","simplified":"Residential","fuente":"Copernicus EMSR927 GRA"},"geometry":{"type":"Point","coordinates":[85.33635118,28.16134085]}},{"type":"Feature","properties":{"clase":"emsr_edificio","aoi":"Syapru Besi","aoi_n":1,"damage_gra":"Destroyed","simplified":"Residential","fuente":"Copernicus EMSR927 GRA"},"geometry":{"type":"Point","coordinates":[85.33616129,28.16142298]}},{"type":"Feature","properties":{"clase":"emsr_edificio","aoi":"Syapru Besi","aoi_n":1,"damage_gra":"Destroyed","simplified":"Residential","fuente":"Copernicus EMSR927 GRA"},"geometry":{"type":"Point","coordinates":[85.33632307,28.16145884]}},{"type":"Feature","properties":{"clase":"emsr_edificio","aoi":"Syapru Besi","aoi_n":1,"damage_gra":"Destroyed","simplified":"Residential","fuente":"Copernicus EMSR927 GRA"},"geometry":{"type":"Point","coordinates":[85.33623293,28.1615914]}},{"type":"Feature","properties":{"clase":"emsr_edificio","aoi":"Syapru Besi","aoi_n":1,"damage_gra":"Destroyed","simplified":"Residential","fuente":"Copernicus EMSR927 GRA"},"geometry":{"type":"Point","coordinates":[85.33641817,28.16161635]}},{"type":"Feature","properties":{"clase":"emsr_edificio","aoi":"Syapru Besi","aoi_n":1,"damage_gra":"Destroyed","simplified":"Residential","fuente":"Copernicus EMSR927 GRA"},"geometry":{"type":"Point","coordinates":[85.33630043,28.16168789]}},{"type":"Feature","properties":{"clase":"emsr_edificio","aoi":"Syapru Besi","aoi_n":1,"damage_gra":"Destroyed","simplified":"Residential","fuente":"Copernicus EMSR927 GRA"},"geometry":{"type":"Point","coordinates":[85.33582442,28.16168945]}},{"type":"Feature","properties":{"clase":"emsr_edificio","aoi":"Syapru Besi","aoi_n":1,"damage_gra":"Destroyed","simplified":"Residential","fuente":"Copernicus EMSR927 GRA"},"geometry":{"type":"Point","coordinates":[85.33613055,28.16184473]}},{"type":"Feature","properties":{"clase":"emsr_edificio","aoi":"Syapru Besi","aoi_n":1,"damage_gra":"Destroyed","simplified":"Residential","fuente":"Copernicus EMSR927 GRA"},"geometry":{"type":"Point","coordinates":[85.33622557,28.16185638]}},{"type":"Feature","properties":{"clase":"emsr_edificio","aoi":"Syapru Besi","aoi_n":1,"damage_gra":"Destroyed","simplified":"Residential","fuente":"Copernicus EMSR927 GRA"},"geometry":{"type":"Point","coordinates":[85.33710256,28.16091457]}},{"type":"Feature","properties":{"clase":"emsr_edificio","aoi":"Syapru Besi","aoi_n":1,"damage_gra":"Destroyed","simplified":"Residential","fuente":"Copernicus EMSR927 GRA"},"geometry":{"type":"Point","coordinates":[85.33696631,28.16125991]}},{"type":"Feature","properties":{"clase":"emsr_edificio","aoi":"Syapru Besi","aoi_n":1,"damage_gra":"Destroyed","simplified":"Residential","fuente":"Copernicus EMSR927 GRA"},"geometry":{"type":"Point","coordinates":[85.3368322,28.16126879]}},{"type":"Feature","properties":{"clase":"emsr_edificio","aoi":"Syapru Besi","aoi_n":1,"damage_gra":"Destroyed","simplified":"Residential","fuente":"Copernicus EMSR927 GRA"},"geometry":{"type":"Point","coordinates":[85.33693916,28.16228789]}},{"type":"Feature","properties":{"clase":"emsr_edificio","aoi":"Syapru Besi","aoi_n":1,"damage_gra":"Destroyed","simplified":"Residential","fuente":"Copernicus EMSR927 GRA"},"geometry":{"type":"Point","coordinates":[85.33687972,28.16237391]}},{"type":"Feature","properties":{"clase":"emsr_edificio","aoi":"Syapru Besi","aoi_n":1,"damage_gra":"Destroyed","simplified":"Residential","fuente":"Copernicus EMSR927 GRA"},"geometry":{"type":"Point","coordinates":[85.33694894,28.16244658]}},{"type":"Feature","properties":{"clase":"emsr_edificio","aoi":"Syapru Besi","aoi_n":1,"damage_gra":"Destroyed","simplified":"Residential","fuente":"Copernicus EMSR927 GRA"},"geometry":{"type":"Point","coordinates":[85.33693055,28.162548]}},{"type":"Feature","properties":{"clase":"emsr_edificio","aoi":"Syapru Besi","aoi_n":1,"damage_gra":"Destroyed","simplified":"Residential","fuente":"Copernicus EMSR927 GRA"},"geometry":{"type":"Point","coordinates":[85.336957,28.16261744]}},{"type":"Feature","properties":{"clase":"emsr_edificio","aoi":"Syapru Besi","aoi_n":1,"damage_gra":"Destroyed","simplified":"Residential","fuente":"Copernicus EMSR927 GRA"},"geometry":{"type":"Point","coordinates":[85.3369052,28.16270325]}},{"type":"Feature","properties":{"clase":"emsr_edificio","aoi":"Syapru Besi","aoi_n":1,"damage_gra":"Destroyed","simplified":"Residential","fuente":"Copernicus EMSR927 GRA"},"geometry":{"type":"Point","coordinates":[85.3369969,28.1627359]}},{"type":"Feature","properties":{"clase":"emsr_edificio","aoi":"Syapru Besi","aoi_n":1,"damage_gra":"Destroyed","simplified":"Residential","fuente":"Copernicus EMSR927 GRA"},"geometry":{"type":"Point","coordinates":[85.33646536,28.16177663]}},{"type":"Feature","properties":{"clase":"emsr_edificio","aoi":"Syapru Besi","aoi_n":1,"damage_gra":"Destroyed","simplified":"Residential","fuente":"Copernicus EMSR927 GRA"},"geometry":{"type":"Point","coordinates":[85.33673171,28.16182163]}},{"type":"Feature","properties":{"clase":"emsr_edificio","aoi":"Syapru Besi","aoi_n":1,"damage_gra":"Destroyed","simplified":"Residential","fuente":"Copernicus EMSR927 GRA"},"geometry":{"type":"Point","coordinates":[85.33670985,28.16190445]}},{"type":"Feature","properties":{"clase":"emsr_edificio","aoi":"Syapru Besi","aoi_n":1,"damage_gra":"Destroyed","simplified":"Residential","fuente":"Copernicus EMSR927 GRA"},"geometry":{"type":"Point","coordinates":[85.33650281,28.16192616]}},{"type":"Feature","properties":{"clase":"emsr_edificio","aoi":"Syapru Besi","aoi_n":1,"damage_gra":"Destroyed","simplified":"Residential","fuente":"Copernicus EMSR927 GRA"},"geometry":{"type":"Point","coordinates":[85.33654828,28.16195246]}},{"type":"Feature","properties":{"clase":"emsr_edificio","aoi":"Syapru Besi","aoi_n":1,"damage_gra":"Destroyed","simplified":"Residential","fuente":"Copernicus EMSR927 GRA"},"geometry":{"type":"Point","coordinates":[85.3365024,28.16200467]}},{"type":"Feature","properties":{"clase":"emsr_edificio","aoi":"Syapru Besi","aoi_n":1,"damage_gra":"Destroyed","simplified":"Residential","fuente":"Copernicus EMSR927 GRA"},"geometry":{"type":"Point","coordinates":[85.33670722,28.16200929]}},{"type":"Feature","properties":{"clase":"emsr_edificio","aoi":"Syapru Besi","aoi_n":1,"damage_gra":"Destroyed","simplified":"Residential","fuente":"Copernicus EMSR927 GRA"},"geometry":{"type":"Point","coordinates":[85.33671394,28.16209423]}},{"type":"Feature","properties":{"clase":"emsr_edificio","aoi":"Syapru Besi","aoi_n":1,"damage_gra":"Destroyed","simplified":"Residential","fuente":"Copernicus EMSR927 GRA"},"geometry":{"type":"Point","coordinates":[85.33659952,28.16229732]}},{"type":"Feature","properties":{"clase":"emsr_edificio","aoi":"Syapru Besi","aoi_n":1,"damage_gra":"Destroyed","simplified":"Residential","fuente":"Copernicus EMSR927 GRA"},"geometry":{"type":"Point","coordinates":[85.33675215,28.16231679]}},{"type":"Feature","properties":{"clase":"emsr_edificio","aoi":"Syapru Besi","aoi_n":1,"damage_gra":"Destroyed","simplified":"Residential","fuente":"Copernicus EMSR927 GRA"},"geometry":{"type":"Point","coordinates":[85.33644659,28.16190244]}},{"type":"Feature","properties":{"clase":"emsr_edificio","aoi":"Syapru Besi","aoi_n":1,"damage_gra":"Destroyed","simplified":"Residential","fuente":"Copernicus EMSR927 GRA"},"geometry":{"type":"Point","coordinates":[85.33634258,28.16190388]}},{"type":"Feature","properties":{"clase":"emsr_edificio","aoi":"Syapru Besi","aoi_n":1,"damage_gra":"Possibly damaged","simplified":"Residential","fuente":"Copernicus EMSR927 GRA"},"geometry":{"type":"Point","coordinates":[85.33580416,28.16206961]}},{"type":"Feature","properties":{"clase":"emsr_edificio","aoi":"Syapru Besi","aoi_n":1,"damage_gra":"Damaged","simplified":"Residential","fuente":"Copernicus EMSR927 GRA"},"geometry":{"type":"Point","coordinates":[85.33609319,28.1621437]}},{"type":"Feature","properties":{"clase":"emsr_edificio","aoi":"Syapru Besi","aoi_n":1,"damage_gra":"Damaged","simplified":"Residential","fuente":"Copernicus EMSR927 GRA"},"geometry":{"type":"Point","coordinates":[85.33602149,28.1621475]}},{"type":"Feature","properties":{"clase":"emsr_edificio","aoi":"Syapru Besi","aoi_n":1,"damage_gra":"Damaged","simplified":"Residential","fuente":"Copernicus EMSR927 GRA"},"geometry":{"type":"Point","coordinates":[85.33613446,28.16221533]}},{"type":"Feature","properties":{"clase":"emsr_edificio","aoi":"Syapru Besi","aoi_n":1,"damage_gra":"Possibly damaged","simplified":"Residential","fuente":"Copernicus EMSR927 GRA"},"geometry":{"type":"Point","coordinates":[85.33599436,28.16236017]}},{"type":"Feature","properties":{"clase":"emsr_edificio","aoi":"Syapru Besi","aoi_n":1,"damage_gra":"Possibly damaged","simplified":"Residential","fuente":"Copernicus EMSR927 GRA"},"geometry":{"type":"Point","coordinates":[85.33616447,28.16252645]}},{"type":"Feature","properties":{"clase":"emsr_edificio","aoi":"Syapru Besi","aoi_n":1,"damage_gra":"Possibly damaged","simplified":"Residential","fuente":"Copernicus EMSR927 GRA"},"geometry":{"type":"Point","coordinates":[85.33591246,28.1625812]}},{"type":"Feature","properties":{"clase":"emsr_edificio","aoi":"Syapru Besi","aoi_n":1,"damage_gra":"Possibly damaged","simplified":"Residential","fuente":"Copernicus EMSR927 GRA"},"geometry":{"type":"Point","coordinates":[85.33607727,28.16274891]}},{"type":"Feature","properties":{"clase":"emsr_edificio","aoi":"Syapru Besi","aoi_n":1,"damage_gra":"Destroyed","simplified":"Residential","fuente":"Copernicus EMSR927 GRA"},"geometry":{"type":"Point","coordinates":[85.33675905,28.16241971]}},{"type":"Feature","properties":{"clase":"emsr_edificio","aoi":"Syapru Besi","aoi_n":1,"damage_gra":"Destroyed","simplified":"Residential","fuente":"Copernicus EMSR927 GRA"},"geometry":{"type":"Point","coordinates":[85.33660662,28.16243158]}},{"type":"Feature","properties":{"clase":"emsr_edificio","aoi":"Syapru Besi","aoi_n":1,"damage_gra":"Destroyed","simplified":"Residential","fuente":"Copernicus EMSR927 GRA"},"geometry":{"type":"Point","coordinates":[85.33667251,28.16252182]}},{"type":"Feature","properties":{"clase":"emsr_edificio","aoi":"Syapru Besi","aoi_n":1,"damage_gra":"Destroyed","simplified":"Residential","fuente":"Copernicus EMSR927 GRA"},"geometry":{"type":"Point","coordinates":[85.3367353,28.16262362]}},{"type":"Feature","properties":{"clase":"emsr_edificio","aoi":"Syapru Besi","aoi_n":1,"damage_gra":"Destroyed","simplified":"Residential","fuente":"Copernicus EMSR927 GRA"},"geometry":{"type":"Point","coordinates":[85.336767,28.16272401]}},{"type":"Feature","properties":{"clase":"emsr_edificio","aoi":"Syapru Besi","aoi_n":1,"damage_gra":"Destroyed","simplified":"Residential","fuente":"Copernicus EMSR927 GRA"},"geometry":{"type":"Point","coordinates":[85.33679552,28.16280859]}},{"type":"Feature","properties":{"clase":"emsr_edificio","aoi":"Syapru Besi","aoi_n":1,"damage_gra":"Damaged","simplified":"Residential","fuente":"Copernicus EMSR927 GRA"},"geometry":{"type":"Point","coordinates":[85.33651375,28.16283492]}},{"type":"Feature","properties":{"clase":"emsr_edificio","aoi":"Syapru Besi","aoi_n":1,"damage_gra":"Destroyed","simplified":"Residential","fuente":"Copernicus EMSR927 GRA"},"geometry":{"type":"Point","coordinates":[85.33673185,28.1628579]}},{"type":"Feature","properties":{"clase":"emsr_edificio","aoi":"Syapru Besi","aoi_n":1,"damage_gra":"Destroyed","simplified":"Residential","fuente":"Copernicus EMSR927 GRA"},"geometry":{"type":"Point","coordinates":[85.33680765,28.16298019]}},{"type":"Feature","properties":{"clase":"emsr_edificio","aoi":"Syapru Besi","aoi_n":1,"damage_gra":"Destroyed","simplified":"Residential","fuente":"Copernicus EMSR927 GRA"},"geometry":{"type":"Point","coordinates":[85.33678593,28.16311886]}},{"type":"Feature","properties":{"clase":"emsr_edificio","aoi":"Syapru Besi","aoi_n":1,"damage_gra":"Destroyed","simplified":"Residential","fuente":"Copernicus EMSR927 GRA"},"geometry":{"type":"Point","coordinates":[85.33857833,28.16179597]}},{"type":"Feature","properties":{"clase":"emsr_edificio","aoi":"Syapru Besi","aoi_n":1,"damage_gra":"Destroyed","simplified":"Residential","fuente":"Copernicus EMSR927 GRA"},"geometry":{"type":"Point","coordinates":[85.33861307,28.16186775]}},{"type":"Feature","properties":{"clase":"emsr_edificio","aoi":"Syapru Besi","aoi_n":1,"damage_gra":"Destroyed","simplified":"Residential","fuente":"Copernicus EMSR927 GRA"},"geometry":{"type":"Point","coordinates":[85.33849791,28.16192692]}},{"type":"Feature","properties":{"clase":"emsr_edificio","aoi":"Syapru Besi","aoi_n":1,"damage_gra":"Destroyed","simplified":"Residential","fuente":"Copernicus EMSR927 GRA"},"geometry":{"type":"Point","coordinates":[85.33877591,28.16200543]}},{"type":"Feature","properties":{"clase":"emsr_edificio","aoi":"Syapru Besi","aoi_n":1,"damage_gra":"Destroyed","simplified":"Residential","fuente":"Copernicus EMSR927 GRA"},"geometry":{"type":"Point","coordinates":[85.33872032,28.16227411]}},{"type":"Feature","properties":{"clase":"emsr_edificio","aoi":"Syapru Besi","aoi_n":1,"damage_gra":"Destroyed","simplified":"Residential","fuente":"Copernicus EMSR927 GRA"},"geometry":{"type":"Point","coordinates":[85.338574,28.16230616]}},{"type":"Feature","properties":{"clase":"emsr_edificio","aoi":"Syapru Besi","aoi_n":1,"damage_gra":"Destroyed","simplified":"Residential","fuente":"Copernicus EMSR927 GRA"},"geometry":{"type":"Point","coordinates":[85.33866922,28.1623299]}},{"type":"Feature","properties":{"clase":"emsr_edificio","aoi":"Syapru Besi","aoi_n":1,"damage_gra":"Destroyed","simplified":"Residential","fuente":"Copernicus EMSR927 GRA"},"geometry":{"type":"Point","coordinates":[85.33874305,28.1624113]}},{"type":"Feature","properties":{"clase":"emsr_edificio","aoi":"Syapru Besi","aoi_n":1,"damage_gra":"Destroyed","simplified":"Residential","fuente":"Copernicus EMSR927 GRA"},"geometry":{"type":"Point","coordinates":[85.33868565,28.16242808]}},{"type":"Feature","properties":{"clase":"emsr_edificio","aoi":"Syapru Besi","aoi_n":1,"damage_gra":"Destroyed","simplified":"Non residential","fuente":"Copernicus EMSR927 GRA"},"geometry":{"type":"Point","coordinates":[85.33954599,28.16267791]}},{"type":"Feature","properties":{"clase":"emsr_edificio","aoi":"Syapru Besi","aoi_n":1,"damage_gra":"Destroyed","simplified":"Non residential","fuente":"Copernicus EMSR927 GRA"},"geometry":{"type":"Point","coordinates":[85.33956719,28.16278277]}},{"type":"Feature","properties":{"clase":"emsr_edificio","aoi":"Syapru Besi","aoi_n":1,"damage_gra":"Destroyed","simplified":"Non residential","fuente":"Copernicus EMSR927 GRA"},"geometry":{"type":"Point","coordinates":[85.33984038,28.16296206]}},{"type":"Feature","properties":{"clase":"emsr_edificio","aoi":"Syapru Besi","aoi_n":1,"damage_gra":"Destroyed","simplified":"Residential","fuente":"Copernicus EMSR927 GRA"},"geometry":{"type":"Point","coordinates":[85.33768612,28.16313525]}},{"type":"Feature","properties":{"clase":"emsr_edificio","aoi":"Syapru Besi","aoi_n":1,"damage_gra":"Destroyed","simplified":"Residential","fuente":"Copernicus EMSR927 GRA"},"geometry":{"type":"Point","coordinates":[85.33769789,28.16325495]}},{"type":"Feature","properties":{"clase":"emsr_edificio","aoi":"Syapru Besi","aoi_n":1,"damage_gra":"Destroyed","simplified":"Residential","fuente":"Copernicus EMSR927 GRA"},"geometry":{"type":"Point","coordinates":[85.33791672,28.16329277]}},{"type":"Feature","properties":{"clase":"emsr_edificio","aoi":"Syapru Besi","aoi_n":1,"damage_gra":"Destroyed","simplified":"Residential","fuente":"Copernicus EMSR927 GRA"},"geometry":{"type":"Point","coordinates":[85.337797,28.16333068]}},{"type":"Feature","properties":{"clase":"emsr_edificio","aoi":"Syapru Besi","aoi_n":1,"damage_gra":"Destroyed","simplified":"Residential","fuente":"Copernicus EMSR927 GRA"},"geometry":{"type":"Point","coordinates":[85.33804824,28.16335168]}},{"type":"Feature","properties":{"clase":"emsr_edificio","aoi":"Syapru Besi","aoi_n":1,"damage_gra":"Destroyed","simplified":"Residential","fuente":"Copernicus EMSR927 GRA"},"geometry":{"type":"Point","coordinates":[85.33836959,28.16343993]}},{"type":"Feature","properties":{"clase":"emsr_edificio","aoi":"Syapru Besi","aoi_n":1,"damage_gra":"Destroyed","simplified":"Residential","fuente":"Copernicus EMSR927 GRA"},"geometry":{"type":"Point","coordinates":[85.33814283,28.16344227]}},{"type":"Feature","properties":{"clase":"emsr_edificio","aoi":"Syapru Besi","aoi_n":1,"damage_gra":"Destroyed","simplified":"Residential","fuente":"Copernicus EMSR927 GRA"},"geometry":{"type":"Point","coordinates":[85.33770106,28.16350766]}},{"type":"Feature","properties":{"clase":"emsr_edificio","aoi":"Syapru Besi","aoi_n":1,"damage_gra":"Destroyed","simplified":"Residential","fuente":"Copernicus EMSR927 GRA"},"geometry":{"type":"Point","coordinates":[85.33732887,28.16310262]}},{"type":"Feature","properties":{"clase":"emsr_edificio","aoi":"Syapru Besi","aoi_n":1,"damage_gra":"Destroyed","simplified":"Residential","fuente":"Copernicus EMSR927 GRA"},"geometry":{"type":"Point","coordinates":[85.33752617,28.16313043]}},{"type":"Feature","properties":{"clase":"emsr_edificio","aoi":"Syapru Besi","aoi_n":1,"damage_gra":"Destroyed","simplified":"Residential","fuente":"Copernicus EMSR927 GRA"},"geometry":{"type":"Point","coordinates":[85.33741554,28.16313356]}},{"type":"Feature","properties":{"clase":"emsr_edificio","aoi":"Syapru Besi","aoi_n":1,"damage_gra":"Destroyed","simplified":"Residential","fuente":"Copernicus EMSR927 GRA"},"geometry":{"type":"Point","coordinates":[85.33723469,28.16325236]}},{"type":"Feature","properties":{"clase":"emsr_edificio","aoi":"Syapru Besi","aoi_n":1,"damage_gra":"Destroyed","simplified":"Residential","fuente":"Copernicus EMSR927 GRA"},"geometry":{"type":"Point","coordinates":[85.33742446,28.16339121]}},{"type":"Feature","properties":{"clase":"emsr_edificio","aoi":"Syapru Besi","aoi_n":1,"damage_gra":"Destroyed","simplified":"Residential","fuente":"Copernicus EMSR927 GRA"},"geometry":{"type":"Point","coordinates":[85.33747234,28.16341008]}},{"type":"Feature","properties":{"clase":"emsr_edificio","aoi":"Syapru Besi","aoi_n":1,"damage_gra":"Destroyed","simplified":"Residential","fuente":"Copernicus EMSR927 GRA"},"geometry":{"type":"Point","coordinates":[85.3375258,28.16341446]}},{"type":"Feature","properties":{"clase":"emsr_edificio","aoi":"Syapru Besi","aoi_n":1,"damage_gra":"Destroyed","simplified":"Residential","fuente":"Copernicus EMSR927 GRA"},"geometry":{"type":"Point","coordinates":[85.33758477,28.16342954]}},{"type":"Feature","properties":{"clase":"emsr_edificio","aoi":"Syapru Besi","aoi_n":1,"damage_gra":"Destroyed","simplified":"Residential","fuente":"Copernicus EMSR927 GRA"},"geometry":{"type":"Point","coordinates":[85.3374327,28.1634443]}},{"type":"Feature","properties":{"clase":"emsr_edificio","aoi":"Syapru Besi","aoi_n":1,"damage_gra":"Destroyed","simplified":"Residential","fuente":"Copernicus EMSR927 GRA"},"geometry":{"type":"Point","coordinates":[85.33763425,28.1634579]}},{"type":"Feature","properties":{"clase":"emsr_edificio","aoi":"Syapru Besi","aoi_n":1,"damage_gra":"Destroyed","simplified":"Residential","fuente":"Copernicus EMSR927 GRA"},"geometry":{"type":"Point","coordinates":[85.33809271,28.16354196]}},{"type":"Feature","properties":{"clase":"emsr_edificio","aoi":"Syapru Besi","aoi_n":1,"damage_gra":"Destroyed","simplified":"Residential","fuente":"Copernicus EMSR927 GRA"},"geometry":{"type":"Point","coordinates":[85.33821787,28.16355703]}},{"type":"Feature","properties":{"clase":"emsr_edificio","aoi":"Syapru Besi","aoi_n":1,"damage_gra":"Destroyed","simplified":"Residential","fuente":"Copernicus EMSR927 GRA"},"geometry":{"type":"Point","coordinates":[85.33777521,28.16357396]}},{"type":"Feature","properties":{"clase":"emsr_edificio","aoi":"Syapru Besi","aoi_n":1,"damage_gra":"Destroyed","simplified":"Residential","fuente":"Copernicus EMSR927 GRA"},"geometry":{"type":"Point","coordinates":[85.33768486,28.16361087]}},{"type":"Feature","properties":{"clase":"emsr_edificio","aoi":"Syapru Besi","aoi_n":1,"damage_gra":"Destroyed","simplified":"Residential","fuente":"Copernicus EMSR927 GRA"},"geometry":{"type":"Point","coordinates":[85.33832697,28.16362205]}},{"type":"Feature","properties":{"clase":"emsr_edificio","aoi":"Syapru Besi","aoi_n":1,"damage_gra":"Destroyed","simplified":"Residential","fuente":"Copernicus EMSR927 GRA"},"geometry":{"type":"Point","coordinates":[85.33845791,28.16364353]}},{"type":"Feature","properties":{"clase":"emsr_edificio","aoi":"Syapru Besi","aoi_n":1,"damage_gra":"Destroyed","simplified":"Residential","fuente":"Copernicus EMSR927 GRA"},"geometry":{"type":"Point","coordinates":[85.33783261,28.16366847]}},{"type":"Feature","properties":{"clase":"emsr_edificio","aoi":"Syapru Besi","aoi_n":1,"damage_gra":"Destroyed","simplified":"Residential","fuente":"Copernicus EMSR927 GRA"},"geometry":{"type":"Point","coordinates":[85.33767195,28.16368893]}},{"type":"Feature","properties":{"clase":"emsr_edificio","aoi":"Syapru Besi","aoi_n":1,"damage_gra":"Destroyed","simplified":"Residential","fuente":"Copernicus EMSR927 GRA"},"geometry":{"type":"Point","coordinates":[85.33790757,28.16369189]}},{"type":"Feature","properties":{"clase":"emsr_edificio","aoi":"Syapru Besi","aoi_n":1,"damage_gra":"Destroyed","simplified":"Residential","fuente":"Copernicus EMSR927 GRA"},"geometry":{"type":"Point","coordinates":[85.33798268,28.16373442]}},{"type":"Feature","properties":{"clase":"emsr_edificio","aoi":"Syapru Besi","aoi_n":1,"damage_gra":"Destroyed","simplified":"Residential","fuente":"Copernicus EMSR927 GRA"},"geometry":{"type":"Point","coordinates":[85.33687115,28.1635772]}},{"type":"Feature","properties":{"clase":"emsr_edificio","aoi":"Syapru Besi","aoi_n":1,"damage_gra":"Destroyed","simplified":"Residential","fuente":"Copernicus EMSR927 GRA"},"geometry":{"type":"Point","coordinates":[85.33751452,28.16359584]}},{"type":"Feature","properties":{"clase":"emsr_edificio","aoi":"Syapru Besi","aoi_n":1,"damage_gra":"Destroyed","simplified":"Residential","fuente":"Copernicus EMSR927 GRA"},"geometry":{"type":"Point","coordinates":[85.33759333,28.16359654]}},{"type":"Feature","properties":{"clase":"emsr_edificio","aoi":"Syapru Besi","aoi_n":1,"damage_gra":"Destroyed","simplified":"Residential","fuente":"Copernicus EMSR927 GRA"},"geometry":{"type":"Point","coordinates":[85.33760773,28.1636397]}},{"type":"Feature","properties":{"clase":"emsr_edificio","aoi":"Syapru Besi","aoi_n":1,"damage_gra":"Destroyed","simplified":"Residential","fuente":"Copernicus EMSR927 GRA"},"geometry":{"type":"Point","coordinates":[85.33755409,28.16368653]}},{"type":"Feature","properties":{"clase":"emsr_edificio","aoi":"Syapru Besi","aoi_n":1,"damage_gra":"Destroyed","simplified":"Residential","fuente":"Copernicus EMSR927 GRA"},"geometry":{"type":"Point","coordinates":[85.33685826,28.16370877]}},{"type":"Feature","properties":{"clase":"emsr_edificio","aoi":"Syapru Besi","aoi_n":1,"damage_gra":"Destroyed","simplified":"Residential","fuente":"Copernicus EMSR927 GRA"},"geometry":{"type":"Point","coordinates":[85.33709261,28.16376339]}},{"type":"Feature","properties":{"clase":"emsr_edificio","aoi":"Syapru Besi","aoi_n":1,"damage_gra":"Destroyed","simplified":"Residential","fuente":"Copernicus EMSR927 GRA"},"geometry":{"type":"Point","coordinates":[85.33694203,28.16376901]}},{"type":"Feature","properties":{"clase":"emsr_edificio","aoi":"Syapru Besi","aoi_n":1,"damage_gra":"Destroyed","simplified":"Residential","fuente":"Copernicus EMSR927 GRA"},"geometry":{"type":"Point","coordinates":[85.33690607,28.16382504]}},{"type":"Feature","properties":{"clase":"emsr_edificio","aoi":"Syapru Besi","aoi_n":1,"damage_gra":"Destroyed","simplified":"Residential","fuente":"Copernicus EMSR927 GRA"},"geometry":{"type":"Point","coordinates":[85.33714098,28.16383872]}},{"type":"Feature","properties":{"clase":"emsr_edificio","aoi":"Syapru Besi","aoi_n":1,"damage_gra":"Destroyed","simplified":"Residential","fuente":"Copernicus EMSR927 GRA"},"geometry":{"type":"Point","coordinates":[85.33867455,28.16374038]}},{"type":"Feature","properties":{"clase":"emsr_edificio","aoi":"Syapru Besi","aoi_n":1,"damage_gra":"Destroyed","simplified":"Residential","fuente":"Copernicus EMSR927 GRA"},"geometry":{"type":"Point","coordinates":[85.33773029,28.16378828]}},{"type":"Feature","properties":{"clase":"emsr_edificio","aoi":"Syapru Besi","aoi_n":1,"damage_gra":"Destroyed","simplified":"Residential","fuente":"Copernicus EMSR927 GRA"},"geometry":{"type":"Point","coordinates":[85.33810081,28.16380904]}},{"type":"Feature","properties":{"clase":"emsr_edificio","aoi":"Syapru Besi","aoi_n":1,"damage_gra":"Destroyed","simplified":"Residential","fuente":"Copernicus EMSR927 GRA"},"geometry":{"type":"Point","coordinates":[85.3377792,28.16382858]}},{"type":"Feature","properties":{"clase":"emsr_edificio","aoi":"Syapru Besi","aoi_n":1,"damage_gra":"Destroyed","simplified":"Residential","fuente":"Copernicus EMSR927 GRA"},"geometry":{"type":"Point","coordinates":[85.33816602,28.16384507]}},{"type":"Feature","properties":{"clase":"emsr_edificio","aoi":"Syapru Besi","aoi_n":1,"damage_gra":"Destroyed","simplified":"Residential","fuente":"Copernicus EMSR927 GRA"},"geometry":{"type":"Point","coordinates":[85.33783817,28.16387822]}},{"type":"Feature","properties":{"clase":"emsr_edificio","aoi":"Syapru Besi","aoi_n":1,"damage_gra":"Destroyed","simplified":"Residential","fuente":"Copernicus EMSR927 GRA"},"geometry":{"type":"Point","coordinates":[85.33821415,28.16389211]}},{"type":"Feature","properties":{"clase":"emsr_edificio","aoi":"Syapru Besi","aoi_n":1,"damage_gra":"Destroyed","simplified":"Residential","fuente":"Copernicus EMSR927 GRA"},"geometry":{"type":"Point","coordinates":[85.33797202,28.16391684]}},{"type":"Feature","properties":{"clase":"emsr_edificio","aoi":"Syapru Besi","aoi_n":1,"damage_gra":"Destroyed","simplified":"Residential","fuente":"Copernicus EMSR927 GRA"},"geometry":{"type":"Point","coordinates":[85.3388389,28.163961]}},{"type":"Feature","properties":{"clase":"emsr_edificio","aoi":"Syapru Besi","aoi_n":1,"damage_gra":"Destroyed","simplified":"Residential","fuente":"Copernicus EMSR927 GRA"},"geometry":{"type":"Point","coordinates":[85.33819754,28.16400569]}},{"type":"Feature","properties":{"clase":"emsr_edificio","aoi":"Syapru Besi","aoi_n":1,"damage_gra":"Destroyed","simplified":"Non residential","fuente":"Copernicus EMSR927 GRA"},"geometry":{"type":"Point","coordinates":[85.33996681,28.16295741]}},{"type":"Feature","properties":{"clase":"emsr_edificio","aoi":"Syapru Besi","aoi_n":1,"damage_gra":"Destroyed","simplified":"Non residential","fuente":"Copernicus EMSR927 GRA"},"geometry":{"type":"Point","coordinates":[85.34004528,28.16303889]}},{"type":"Feature","properties":{"clase":"emsr_edificio","aoi":"Syapru Besi","aoi_n":1,"damage_gra":"Destroyed","simplified":"Non residential","fuente":"Copernicus EMSR927 GRA"},"geometry":{"type":"Point","coordinates":[85.33999899,28.16306765]}},{"type":"Feature","properties":{"clase":"emsr_edificio","aoi":"Syapru Besi","aoi_n":1,"damage_gra":"Destroyed","simplified":"Non residential","fuente":"Copernicus EMSR927 GRA"},"geometry":{"type":"Point","coordinates":[85.34013446,28.16329704]}},{"type":"Feature","properties":{"clase":"emsr_edificio","aoi":"Syapru Besi","aoi_n":1,"damage_gra":"Destroyed","simplified":"Residential","fuente":"Copernicus EMSR927 GRA"},"geometry":{"type":"Point","coordinates":[85.34077028,28.16375882]}},{"type":"Feature","properties":{"clase":"emsr_edificio","aoi":"Syapru Besi","aoi_n":1,"damage_gra":"Destroyed","simplified":"Residential","fuente":"Copernicus EMSR927 GRA"},"geometry":{"type":"Point","coordinates":[85.34130052,28.16390555]}},{"type":"Feature","properties":{"clase":"emsr_edificio","aoi":"Syapru Besi","aoi_n":1,"damage_gra":"Destroyed","simplified":"Residential","fuente":"Copernicus EMSR927 GRA"},"geometry":{"type":"Point","coordinates":[85.34099078,28.16485519]}},{"type":"Feature","properties":{"clase":"emsr_edificio","aoi":"Syapru Besi","aoi_n":1,"damage_gra":"Destroyed","simplified":"Residential","fuente":"Copernicus EMSR927 GRA"},"geometry":{"type":"Point","coordinates":[85.34114658,28.16487226]}},{"type":"Feature","properties":{"clase":"emsr_edificio","aoi":"Syapru Besi","aoi_n":1,"damage_gra":"Destroyed","simplified":"Residential","fuente":"Copernicus EMSR927 GRA"},"geometry":{"type":"Point","coordinates":[85.34132373,28.1648936]}},{"type":"Feature","properties":{"clase":"emsr_edificio","aoi":"Syapru Besi","aoi_n":1,"damage_gra":"Destroyed","simplified":"Residential","fuente":"Copernicus EMSR927 GRA"},"geometry":{"type":"Point","coordinates":[85.34146673,28.16499818]}},{"type":"Feature","properties":{"clase":"emsr_edificio","aoi":"Syapru Besi","aoi_n":1,"damage_gra":"Destroyed","simplified":"Residential","fuente":"Copernicus EMSR927 GRA"},"geometry":{"type":"Point","coordinates":[85.33771832,28.16401853]}},{"type":"Feature","properties":{"clase":"emsr_edificio","aoi":"Syapru Besi","aoi_n":1,"damage_gra":"Destroyed","simplified":"Residential","fuente":"Copernicus EMSR927 GRA"},"geometry":{"type":"Point","coordinates":[85.33837625,28.16402106]}},{"type":"Feature","properties":{"clase":"emsr_edificio","aoi":"Syapru Besi","aoi_n":1,"damage_gra":"Destroyed","simplified":"Residential","fuente":"Copernicus EMSR927 GRA"},"geometry":{"type":"Point","coordinates":[85.3379134,28.16406156]}},{"type":"Feature","properties":{"clase":"emsr_edificio","aoi":"Syapru Besi","aoi_n":1,"damage_gra":"Destroyed","simplified":"Residential","fuente":"Copernicus EMSR927 GRA"},"geometry":{"type":"Point","coordinates":[85.3384806,28.16408695]}},{"type":"Feature","properties":{"clase":"emsr_edificio","aoi":"Syapru Besi","aoi_n":1,"damage_gra":"Destroyed","simplified":"Residential","fuente":"Copernicus EMSR927 GRA"},"geometry":{"type":"Point","coordinates":[85.33921623,28.16419235]}},{"type":"Feature","properties":{"clase":"emsr_edificio","aoi":"Syapru Besi","aoi_n":1,"damage_gra":"Destroyed","simplified":"Residential","fuente":"Copernicus EMSR927 GRA"},"geometry":{"type":"Point","coordinates":[85.33938219,28.16422782]}},{"type":"Feature","properties":{"clase":"emsr_edificio","aoi":"Syapru Besi","aoi_n":1,"damage_gra":"Destroyed","simplified":"Residential","fuente":"Copernicus EMSR927 GRA"},"geometry":{"type":"Point","coordinates":[85.33790494,28.16431218]}},{"type":"Feature","properties":{"clase":"emsr_edificio","aoi":"Syapru Besi","aoi_n":1,"damage_gra":"Destroyed","simplified":"Residential","fuente":"Copernicus EMSR927 GRA"},"geometry":{"type":"Point","coordinates":[85.3391058,28.16434489]}},{"type":"Feature","properties":{"clase":"emsr_edificio","aoi":"Syapru Besi","aoi_n":1,"damage_gra":"Destroyed","simplified":"Residential","fuente":"Copernicus EMSR927 GRA"},"geometry":{"type":"Point","coordinates":[85.33940472,28.16435362]}},{"type":"Feature","properties":{"clase":"emsr_edificio","aoi":"Syapru Besi","aoi_n":1,"damage_gra":"Destroyed","simplified":"Residential","fuente":"Copernicus EMSR927 GRA"},"geometry":{"type":"Point","coordinates":[85.33945733,28.16445187]}},{"type":"Feature","properties":{"clase":"emsr_edificio","aoi":"Syapru Besi","aoi_n":1,"damage_gra":"Possibly damaged","simplified":"Residential","fuente":"Copernicus EMSR927 GRA"},"geometry":{"type":"Point","coordinates":[85.33705771,28.16442361]}},{"type":"Feature","properties":{"clase":"emsr_edificio","aoi":"Syapru Besi","aoi_n":1,"damage_gra":"Damaged","simplified":"Residential","fuente":"Copernicus EMSR927 GRA"},"geometry":{"type":"Point","coordinates":[85.3371512,28.16447345]}},{"type":"Feature","properties":{"clase":"emsr_edificio","aoi":"Syapru Besi","aoi_n":1,"damage_gra":"Possibly damaged","simplified":"Residential","fuente":"Copernicus EMSR927 GRA"},"geometry":{"type":"Point","coordinates":[85.33696869,28.16447499]}},{"type":"Feature","properties":{"clase":"emsr_edificio","aoi":"Syapru Besi","aoi_n":1,"damage_gra":"Damaged","simplified":"Residential","fuente":"Copernicus EMSR927 GRA"},"geometry":{"type":"Point","coordinates":[85.33752429,28.16447753]}},{"type":"Feature","properties":{"clase":"emsr_edificio","aoi":"Syapru Besi","aoi_n":1,"damage_gra":"Destroyed","simplified":"Residential","fuente":"Copernicus EMSR927 GRA"},"geometry":{"type":"Point","coordinates":[85.33762061,28.16449847]}},{"type":"Feature","properties":{"clase":"emsr_edificio","aoi":"Syapru Besi","aoi_n":1,"damage_gra":"Damaged","simplified":"Residential","fuente":"Copernicus EMSR927 GRA"},"geometry":{"type":"Point","coordinates":[85.33718862,28.16454455]}},{"type":"Feature","properties":{"clase":"emsr_edificio","aoi":"Syapru Besi","aoi_n":1,"damage_gra":"Possibly damaged","simplified":"Residential","fuente":"Copernicus EMSR927 GRA"},"geometry":{"type":"Point","coordinates":[85.33690133,28.16456329]}},{"type":"Feature","properties":{"clase":"emsr_edificio","aoi":"Syapru Besi","aoi_n":1,"damage_gra":"Possibly damaged","simplified":"Residential","fuente":"Copernicus EMSR927 GRA"},"geometry":{"type":"Point","coordinates":[85.33706829,28.16457801]}},{"type":"Feature","properties":{"clase":"emsr_edificio","aoi":"Syapru Besi","aoi_n":1,"damage_gra":"Possibly damaged","simplified":"Residential","fuente":"Copernicus EMSR927 GRA"},"geometry":{"type":"Point","coordinates":[85.33726388,28.16459055]}},{"type":"Feature","properties":{"clase":"emsr_edificio","aoi":"Syapru Besi","aoi_n":1,"damage_gra":"Possibly damaged","simplified":"Residential","fuente":"Copernicus EMSR927 GRA"},"geometry":{"type":"Point","coordinates":[85.33745936,28.16469273]}},{"type":"Feature","properties":{"clase":"emsr_edificio","aoi":"Syapru Besi","aoi_n":1,"damage_gra":"Possibly damaged","simplified":"Residential","fuente":"Copernicus EMSR927 GRA"},"geometry":{"type":"Point","coordinates":[85.33738343,28.16470774]}},{"type":"Feature","properties":{"clase":"emsr_edificio","aoi":"Syapru Besi","aoi_n":1,"damage_gra":"Possibly damaged","simplified":"Residential","fuente":"Copernicus EMSR927 GRA"},"geometry":{"type":"Point","coordinates":[85.33726869,28.16472505]}},{"type":"Feature","properties":{"clase":"emsr_edificio","aoi":"Syapru Besi","aoi_n":1,"damage_gra":"Possibly damaged","simplified":"Residential","fuente":"Copernicus EMSR927 GRA"},"geometry":{"type":"Point","coordinates":[85.33640179,28.16278643]}},{"type":"Feature","properties":{"clase":"emsr_edificio","aoi":"Syapru Besi","aoi_n":1,"damage_gra":"Possibly damaged","simplified":"Residential","fuente":"Copernicus EMSR927 GRA"},"geometry":{"type":"Point","coordinates":[85.33609913,28.16281734]}},{"type":"Feature","properties":{"clase":"emsr_edificio","aoi":"Syapru Besi","aoi_n":1,"damage_gra":"Possibly damaged","simplified":"Residential","fuente":"Copernicus EMSR927 GRA"},"geometry":{"type":"Point","coordinates":[85.33624632,28.16289985]}},{"type":"Feature","properties":{"clase":"emsr_edificio","aoi":"Syapru Besi","aoi_n":1,"damage_gra":"Possibly damaged","simplified":"Residential","fuente":"Copernicus EMSR927 GRA"},"geometry":{"type":"Point","coordinates":[85.336288,28.16303056]}},{"type":"Feature","properties":{"clase":"emsr_edificio","aoi":"Syapru Besi","aoi_n":1,"damage_gra":"Possibly damaged","simplified":"Residential","fuente":"Copernicus EMSR927 GRA"},"geometry":{"type":"Point","coordinates":[85.33640973,28.16306115]}},{"type":"Feature","properties":{"clase":"emsr_edificio","aoi":"Syapru Besi","aoi_n":1,"damage_gra":"Possibly damaged","simplified":"Residential","fuente":"Copernicus EMSR927 GRA"},"geometry":{"type":"Point","coordinates":[85.33634488,28.16306624]}},{"type":"Feature","properties":{"clase":"emsr_edificio","aoi":"Syapru Besi","aoi_n":1,"damage_gra":"Possibly damaged","simplified":"Residential","fuente":"Copernicus EMSR927 GRA"},"geometry":{"type":"Point","coordinates":[85.33639962,28.1632153]}},{"type":"Feature","properties":{"clase":"emsr_edificio","aoi":"Syapru Besi","aoi_n":1,"damage_gra":"Possibly damaged","simplified":"Residential","fuente":"Copernicus EMSR927 GRA"},"geometry":{"type":"Point","coordinates":[85.33634013,28.16333498]}},{"type":"Feature","properties":{"clase":"emsr_edificio","aoi":"Syapru Besi","aoi_n":1,"damage_gra":"Possibly damaged","simplified":"Residential","fuente":"Copernicus EMSR927 GRA"},"geometry":{"type":"Point","coordinates":[85.33633504,28.16339588]}},{"type":"Feature","properties":{"clase":"emsr_edificio","aoi":"Syapru Besi","aoi_n":1,"damage_gra":"Possibly damaged","simplified":"Residential","fuente":"Copernicus EMSR927 GRA"},"geometry":{"type":"Point","coordinates":[85.33636665,28.1635111]}},{"type":"Feature","properties":{"clase":"emsr_edificio","aoi":"Syapru Besi","aoi_n":1,"damage_gra":"Possibly damaged","simplified":"Residential","fuente":"Copernicus EMSR927 GRA"},"geometry":{"type":"Point","coordinates":[85.33646997,28.16327602]}},{"type":"Feature","properties":{"clase":"emsr_edificio","aoi":"Syapru Besi","aoi_n":1,"damage_gra":"Possibly damaged","simplified":"Residential","fuente":"Copernicus EMSR927 GRA"},"geometry":{"type":"Point","coordinates":[85.33655836,28.16344534]}},{"type":"Feature","properties":{"clase":"emsr_edificio","aoi":"Syapru Besi","aoi_n":1,"damage_gra":"Destroyed","simplified":"Residential","fuente":"Copernicus EMSR927 GRA"},"geometry":{"type":"Point","coordinates":[85.33666895,28.16349464]}},{"type":"Feature","properties":{"clase":"emsr_edificio","aoi":"Syapru Besi","aoi_n":1,"damage_gra":"Possibly damaged","simplified":"Residential","fuente":"Copernicus EMSR927 GRA"},"geometry":{"type":"Point","coordinates":[85.33654186,28.16354372]}},{"type":"Feature","properties":{"clase":"emsr_edificio","aoi":"Syapru Besi","aoi_n":1,"damage_gra":"Possibly damaged","simplified":"Residential","fuente":"Copernicus EMSR927 GRA"},"geometry":{"type":"Point","coordinates":[85.33656194,28.16359644]}},{"type":"Feature","properties":{"clase":"emsr_edificio","aoi":"Syapru Besi","aoi_n":1,"damage_gra":"Destroyed","simplified":"Residential","fuente":"Copernicus EMSR927 GRA"},"geometry":{"type":"Point","coordinates":[85.3366732,28.16369515]}},{"type":"Feature","properties":{"clase":"emsr_edificio","aoi":"Syapru Besi","aoi_n":1,"damage_gra":"Possibly damaged","simplified":"Residential","fuente":"Copernicus EMSR927 GRA"},"geometry":{"type":"Point","coordinates":[85.33655352,28.16372045]}},{"type":"Feature","properties":{"clase":"emsr_edificio","aoi":"Syapru Besi","aoi_n":1,"damage_gra":"Destroyed","simplified":"Residential","fuente":"Copernicus EMSR927 GRA"},"geometry":{"type":"Point","coordinates":[85.33680952,28.16381478]}},{"type":"Feature","properties":{"clase":"emsr_edificio","aoi":"Syapru Besi","aoi_n":1,"damage_gra":"Possibly damaged","simplified":"Residential","fuente":"Copernicus EMSR927 GRA"},"geometry":{"type":"Point","coordinates":[85.33654795,28.16382955]}},{"type":"Feature","properties":{"clase":"emsr_edificio","aoi":"Syapru Besi","aoi_n":1,"damage_gra":"Possibly damaged","simplified":"Residential","fuente":"Copernicus EMSR927 GRA"},"geometry":{"type":"Point","coordinates":[85.33678248,28.16387905]}},{"type":"Feature","properties":{"clase":"emsr_edificio","aoi":"Syapru Besi","aoi_n":1,"damage_gra":"Possibly damaged","simplified":"Residential","fuente":"Copernicus EMSR927 GRA"},"geometry":{"type":"Point","coordinates":[85.33634705,28.1636074]}},{"type":"Feature","properties":{"clase":"emsr_edificio","aoi":"Syapru Besi","aoi_n":1,"damage_gra":"Possibly damaged","simplified":"Residential","fuente":"Copernicus EMSR927 GRA"},"geometry":{"type":"Point","coordinates":[85.3363697,28.16394187]}},{"type":"Feature","properties":{"clase":"emsr_edificio","aoi":"Syapru Besi","aoi_n":1,"damage_gra":"Destroyed","simplified":"Residential","fuente":"Copernicus EMSR927 GRA"},"geometry":{"type":"Point","coordinates":[85.33753099,28.16386989]}},{"type":"Feature","properties":{"clase":"emsr_edificio","aoi":"Syapru Besi","aoi_n":1,"damage_gra":"Destroyed","simplified":"Residential","fuente":"Copernicus EMSR927 GRA"},"geometry":{"type":"Point","coordinates":[85.33688078,28.16388353]}},{"type":"Feature","properties":{"clase":"emsr_edificio","aoi":"Syapru Besi","aoi_n":1,"damage_gra":"Destroyed","simplified":"Residential","fuente":"Copernicus EMSR927 GRA"},"geometry":{"type":"Point","coordinates":[85.33695508,28.16389618]}},{"type":"Feature","properties":{"clase":"emsr_edificio","aoi":"Syapru Besi","aoi_n":1,"damage_gra":"Destroyed","simplified":"Residential","fuente":"Copernicus EMSR927 GRA"},"geometry":{"type":"Point","coordinates":[85.3375503,28.16393145]}},{"type":"Feature","properties":{"clase":"emsr_edificio","aoi":"Syapru Besi","aoi_n":1,"damage_gra":"Damaged","simplified":"Residential","fuente":"Copernicus EMSR927 GRA"},"geometry":{"type":"Point","coordinates":[85.33693806,28.16401152]}},{"type":"Feature","properties":{"clase":"emsr_edificio","aoi":"Syapru Besi","aoi_n":1,"damage_gra":"Damaged","simplified":"Residential","fuente":"Copernicus EMSR927 GRA"},"geometry":{"type":"Point","coordinates":[85.33697742,28.16407374]}},{"type":"Feature","properties":{"clase":"emsr_edificio","aoi":"Syapru Besi","aoi_n":1,"damage_gra":"Damaged","simplified":"Residential","fuente":"Copernicus EMSR927 GRA"},"geometry":{"type":"Point","coordinates":[85.33682527,28.16407729]}},{"type":"Feature","properties":{"clase":"emsr_edificio","aoi":"Syapru Besi","aoi_n":1,"damage_gra":"Damaged","simplified":"Residential","fuente":"Copernicus EMSR927 GRA"},"geometry":{"type":"Point","coordinates":[85.33700154,28.16412962]}},{"type":"Feature","properties":{"clase":"emsr_edificio","aoi":"Syapru Besi","aoi_n":1,"damage_gra":"Possibly damaged","simplified":"Residential","fuente":"Copernicus EMSR927 GRA"},"geometry":{"type":"Point","coordinates":[85.33685665,28.16417365]}},{"type":"Feature","properties":{"clase":"emsr_edificio","aoi":"Syapru Besi","aoi_n":1,"damage_gra":"Damaged","simplified":"Residential","fuente":"Copernicus EMSR927 GRA"},"geometry":{"type":"Point","coordinates":[85.33703532,28.16417839]}},{"type":"Feature","properties":{"clase":"emsr_edificio","aoi":"Syapru Besi","aoi_n":1,"damage_gra":"Possibly damaged","simplified":"Residential","fuente":"Copernicus EMSR927 GRA"},"geometry":{"type":"Point","coordinates":[85.3365699,28.16388815]}},{"type":"Feature","properties":{"clase":"emsr_edificio","aoi":"Syapru Besi","aoi_n":1,"damage_gra":"Possibly damaged","simplified":"Residential","fuente":"Copernicus EMSR927 GRA"},"geometry":{"type":"Point","coordinates":[85.33664797,28.16393509]}},{"type":"Feature","properties":{"clase":"emsr_edificio","aoi":"Syapru Besi","aoi_n":1,"damage_gra":"Possibly damaged","simplified":"Residential","fuente":"Copernicus EMSR927 GRA"},"geometry":{"type":"Point","coordinates":[85.33654995,28.16396695]}},{"type":"Feature","properties":{"clase":"emsr_edificio","aoi":"Syapru Besi","aoi_n":1,"damage_gra":"Possibly damaged","simplified":"Residential","fuente":"Copernicus EMSR927 GRA"},"geometry":{"type":"Point","coordinates":[85.33677693,28.16396894]}},{"type":"Feature","properties":{"clase":"emsr_edificio","aoi":"Syapru Besi","aoi_n":1,"damage_gra":"Possibly damaged","simplified":"Residential","fuente":"Copernicus EMSR927 GRA"},"geometry":{"type":"Point","coordinates":[85.33659935,28.1639811]}},{"type":"Feature","properties":{"clase":"emsr_edificio","aoi":"Syapru Besi","aoi_n":1,"damage_gra":"Possibly damaged","simplified":"Residential","fuente":"Copernicus EMSR927 GRA"},"geometry":{"type":"Point","coordinates":[85.33661153,28.16403341]}},{"type":"Feature","properties":{"clase":"emsr_edificio","aoi":"Syapru Besi","aoi_n":1,"damage_gra":"Possibly damaged","simplified":"Residential","fuente":"Copernicus EMSR927 GRA"},"geometry":{"type":"Point","coordinates":[85.33644988,28.1640624]}},{"type":"Feature","properties":{"clase":"emsr_edificio","aoi":"Syapru Besi","aoi_n":1,"damage_gra":"Possibly damaged","simplified":"Residential","fuente":"Copernicus EMSR927 GRA"},"geometry":{"type":"Point","coordinates":[85.33650972,28.16410837]}},{"type":"Feature","properties":{"clase":"emsr_edificio","aoi":"Syapru Besi","aoi_n":1,"damage_gra":"Possibly damaged","simplified":"Residential","fuente":"Copernicus EMSR927 GRA"},"geometry":{"type":"Point","coordinates":[85.33657093,28.16416966]}},{"type":"Feature","properties":{"clase":"emsr_edificio","aoi":"Syapru Besi","aoi_n":1,"damage_gra":"Possibly damaged","simplified":"Residential","fuente":"Copernicus EMSR927 GRA"},"geometry":{"type":"Point","coordinates":[85.33650562,28.16419109]}},{"type":"Feature","properties":{"clase":"emsr_edificio","aoi":"Syapru Besi","aoi_n":1,"damage_gra":"Possibly damaged","simplified":"Residential","fuente":"Copernicus EMSR927 GRA"},"geometry":{"type":"Point","coordinates":[85.33667695,28.16424445]}},{"type":"Feature","properties":{"clase":"emsr_edificio","aoi":"Syapru Besi","aoi_n":1,"damage_gra":"Possibly damaged","simplified":"Residential","fuente":"Copernicus EMSR927 GRA"},"geometry":{"type":"Point","coordinates":[85.3366882,28.16433925]}},{"type":"Feature","properties":{"clase":"emsr_edificio","aoi":"Syapru Besi","aoi_n":1,"damage_gra":"Damaged","simplified":"Residential","fuente":"Copernicus EMSR927 GRA"},"geometry":{"type":"Point","coordinates":[85.33725365,28.1641872]}},{"type":"Feature","properties":{"clase":"emsr_edificio","aoi":"Syapru Besi","aoi_n":1,"damage_gra":"Destroyed","simplified":"Residential","fuente":"Copernicus EMSR927 GRA"},"geometry":{"type":"Point","coordinates":[85.33735977,28.16423448]}},{"type":"Feature","properties":{"clase":"emsr_edificio","aoi":"Syapru Besi","aoi_n":1,"damage_gra":"Damaged","simplified":"Residential","fuente":"Copernicus EMSR927 GRA"},"geometry":{"type":"Point","coordinates":[85.33726174,28.16426425]}},{"type":"Feature","properties":{"clase":"emsr_edificio","aoi":"Syapru Besi","aoi_n":1,"damage_gra":"Possibly damaged","simplified":"Residential","fuente":"Copernicus EMSR927 GRA"},"geometry":{"type":"Point","coordinates":[85.33695012,28.16427623]}},{"type":"Feature","properties":{"clase":"emsr_edificio","aoi":"Syapru Besi","aoi_n":1,"damage_gra":"Damaged","simplified":"Residential","fuente":"Copernicus EMSR927 GRA"},"geometry":{"type":"Point","coordinates":[85.33730335,28.16432522]}},{"type":"Feature","properties":{"clase":"emsr_edificio","aoi":"Syapru Besi","aoi_n":1,"damage_gra":"Possibly damaged","simplified":"Residential","fuente":"Copernicus EMSR927 GRA"},"geometry":{"type":"Point","coordinates":[85.3369864,28.1643254]}},{"type":"Feature","properties":{"clase":"emsr_edificio","aoi":"Syapru Besi","aoi_n":1,"damage_gra":"Damaged","simplified":"Residential","fuente":"Copernicus EMSR927 GRA"},"geometry":{"type":"Point","coordinates":[85.33735384,28.16439262]}},{"type":"Feature","properties":{"clase":"emsr_edificio","aoi":"Syapru Besi","aoi_n":1,"damage_gra":"Damaged","simplified":"Residential","fuente":"Copernicus EMSR927 GRA"},"geometry":{"type":"Point","coordinates":[85.33714405,28.16439613]}},{"type":"Feature","properties":{"clase":"emsr_edificio","aoi":"Syapru Besi","aoi_n":1,"damage_gra":"Possibly damaged","simplified":"Residential","fuente":"Copernicus EMSR927 GRA"},"geometry":{"type":"Point","coordinates":[85.33685377,28.164399]}},{"type":"Feature","properties":{"clase":"emsr_edificio","aoi":"Syapru Besi","aoi_n":1,"damage_gra":"Damaged","simplified":"Residential","fuente":"Copernicus EMSR927 GRA"},"geometry":{"type":"Point","coordinates":[85.33745923,28.16440589]}},{"type":"Feature","properties":{"clase":"emsr_edificio","aoi":"Syapru Besi","aoi_n":1,"damage_gra":"Destroyed","simplified":"Residential","fuente":"Copernicus EMSR927 GRA"},"geometry":{"type":"Point","coordinates":[85.34317835,28.16292522]}},{"type":"Feature","properties":{"clase":"emsr_edificio","aoi":"Syapru Besi","aoi_n":1,"damage_gra":"Destroyed","simplified":"Residential","fuente":"Copernicus EMSR927 GRA"},"geometry":{"type":"Point","coordinates":[85.34312016,28.16296171]}},{"type":"Feature","properties":{"clase":"emsr_edificio","aoi":"Syapru Besi","aoi_n":1,"damage_gra":"Destroyed","simplified":"Residential","fuente":"Copernicus EMSR927 GRA"},"geometry":{"type":"Point","coordinates":[85.34372991,28.16382121]}},{"type":"Feature","properties":{"clase":"emsr_edificio","aoi":"Syapru Besi","aoi_n":1,"damage_gra":"Destroyed","simplified":"Residential","fuente":"Copernicus EMSR927 GRA"},"geometry":{"type":"Point","coordinates":[85.34378471,28.16390294]}},{"type":"Feature","properties":{"clase":"emsr_edificio","aoi":"Syapru Besi","aoi_n":1,"damage_gra":"Destroyed","simplified":"Residential","fuente":"Copernicus EMSR927 GRA"},"geometry":{"type":"Point","coordinates":[85.34361377,28.16390972]}},{"type":"Feature","properties":{"clase":"emsr_edificio","aoi":"Syapru Besi","aoi_n":1,"damage_gra":"Destroyed","simplified":"Residential","fuente":"Copernicus EMSR927 GRA"},"geometry":{"type":"Point","coordinates":[85.34344523,28.16402965]}},{"type":"Feature","properties":{"clase":"emsr_edificio","aoi":"Syapru Besi","aoi_n":1,"damage_gra":"Destroyed","simplified":"Residential","fuente":"Copernicus EMSR927 GRA"},"geometry":{"type":"Point","coordinates":[85.34357741,28.16404836]}},{"type":"Feature","properties":{"clase":"emsr_edificio","aoi":"Syapru Besi","aoi_n":1,"damage_gra":"Destroyed","simplified":"Residential","fuente":"Copernicus EMSR927 GRA"},"geometry":{"type":"Point","coordinates":[85.3433687,28.16408225]}},{"type":"Feature","properties":{"clase":"emsr_edificio","aoi":"Syapru Besi","aoi_n":1,"damage_gra":"Destroyed","simplified":"Residential","fuente":"Copernicus EMSR927 GRA"},"geometry":{"type":"Point","coordinates":[85.34328089,28.16408896]}},{"type":"Feature","properties":{"clase":"emsr_edificio","aoi":"Syapru Besi","aoi_n":1,"damage_gra":"Destroyed","simplified":"Residential","fuente":"Copernicus EMSR927 GRA"},"geometry":{"type":"Point","coordinates":[85.34351665,28.16411875]}},{"type":"Feature","properties":{"clase":"emsr_edificio","aoi":"Syapru Besi","aoi_n":1,"damage_gra":"Destroyed","simplified":"Non residential","fuente":"Copernicus EMSR927 GRA"},"geometry":{"type":"Point","coordinates":[85.34273128,28.16315018]}},{"type":"Feature","properties":{"clase":"emsr_edificio","aoi":"Syapru Besi","aoi_n":1,"damage_gra":"Destroyed","simplified":"Non residential","fuente":"Copernicus EMSR927 GRA"},"geometry":{"type":"Point","coordinates":[85.34278421,28.16316145]}},{"type":"Feature","properties":{"clase":"emsr_edificio","aoi":"Syapru Besi","aoi_n":1,"damage_gra":"Destroyed","simplified":"Non residential","fuente":"Copernicus EMSR927 GRA"},"geometry":{"type":"Point","coordinates":[85.34254583,28.1631809]}},{"type":"Feature","properties":{"clase":"emsr_edificio","aoi":"Syapru Besi","aoi_n":1,"damage_gra":"Destroyed","simplified":"Non residential","fuente":"Copernicus EMSR927 GRA"},"geometry":{"type":"Point","coordinates":[85.34240275,28.16319304]}},{"type":"Feature","properties":{"clase":"emsr_edificio","aoi":"Syapru Besi","aoi_n":1,"damage_gra":"Destroyed","simplified":"Non residential","fuente":"Copernicus EMSR927 GRA"},"geometry":{"type":"Point","coordinates":[85.34259731,28.16320667]}},{"type":"Feature","properties":{"clase":"emsr_edificio","aoi":"Syapru Besi","aoi_n":1,"damage_gra":"Destroyed","simplified":"Non residential","fuente":"Copernicus EMSR927 GRA"},"geometry":{"type":"Point","coordinates":[85.34246692,28.16322071]}},{"type":"Feature","properties":{"clase":"emsr_edificio","aoi":"Syapru Besi","aoi_n":1,"damage_gra":"Destroyed","simplified":"Non residential","fuente":"Copernicus EMSR927 GRA"},"geometry":{"type":"Point","coordinates":[85.34251974,28.16322308]}},{"type":"Feature","properties":{"clase":"emsr_edificio","aoi":"Syapru Besi","aoi_n":1,"damage_gra":"Destroyed","simplified":"Non residential","fuente":"Copernicus EMSR927 GRA"},"geometry":{"type":"Point","coordinates":[85.34158584,28.16371983]}},{"type":"Feature","properties":{"clase":"emsr_edificio","aoi":"Syapru Besi","aoi_n":1,"damage_gra":"Destroyed","simplified":"Residential","fuente":"Copernicus EMSR927 GRA"},"geometry":{"type":"Point","coordinates":[85.34269925,28.16417492]}},{"type":"Feature","properties":{"clase":"emsr_edificio","aoi":"Syapru Besi","aoi_n":1,"damage_gra":"Destroyed","simplified":"Residential","fuente":"Copernicus EMSR927 GRA"},"geometry":{"type":"Point","coordinates":[85.34275002,28.16424213]}},{"type":"Feature","properties":{"clase":"emsr_edificio","aoi":"Syapru Besi","aoi_n":1,"damage_gra":"Destroyed","simplified":"Residential","fuente":"Copernicus EMSR927 GRA"},"geometry":{"type":"Point","coordinates":[85.34332997,28.16413888]}},{"type":"Feature","properties":{"clase":"emsr_edificio","aoi":"Syapru Besi","aoi_n":1,"damage_gra":"Destroyed","simplified":"Residential","fuente":"Copernicus EMSR927 GRA"},"geometry":{"type":"Point","coordinates":[85.34342906,28.16419022]}},{"type":"Feature","properties":{"clase":"emsr_edificio","aoi":"Syapru Besi","aoi_n":1,"damage_gra":"Destroyed","simplified":"Non residential","fuente":"Copernicus EMSR927 GRA"},"geometry":{"type":"Point","coordinates":[85.3436289,28.16420195]}},{"type":"Feature","properties":{"clase":"emsr_edificio","aoi":"Syapru Besi","aoi_n":1,"damage_gra":"Destroyed","simplified":"Residential","fuente":"Copernicus EMSR927 GRA"},"geometry":{"type":"Point","coordinates":[85.34281715,28.16420478]}},{"type":"Feature","properties":{"clase":"emsr_edificio","aoi":"Syapru Besi","aoi_n":1,"damage_gra":"Destroyed","simplified":"Residential","fuente":"Copernicus EMSR927 GRA"},"geometry":{"type":"Point","coordinates":[85.34296799,28.1642353]}},{"type":"Feature","properties":{"clase":"emsr_edificio","aoi":"Syapru Besi","aoi_n":1,"damage_gra":"Destroyed","simplified":"Residential","fuente":"Copernicus EMSR927 GRA"},"geometry":{"type":"Point","coordinates":[85.34342737,28.16423761]}},{"type":"Feature","properties":{"clase":"emsr_edificio","aoi":"Syapru Besi","aoi_n":1,"damage_gra":"Destroyed","simplified":"Residential","fuente":"Copernicus EMSR927 GRA"},"geometry":{"type":"Point","coordinates":[85.3428333,28.16424316]}},{"type":"Feature","properties":{"clase":"emsr_edificio","aoi":"Syapru Besi","aoi_n":1,"damage_gra":"Destroyed","simplified":"Non residential","fuente":"Copernicus EMSR927 GRA"},"geometry":{"type":"Point","coordinates":[85.34367551,28.1642525]}},{"type":"Feature","properties":{"clase":"emsr_edificio","aoi":"Syapru Besi","aoi_n":1,"damage_gra":"Destroyed","simplified":"Residential","fuente":"Copernicus EMSR927 GRA"},"geometry":{"type":"Point","coordinates":[85.3431874,28.1642559]}},{"type":"Feature","properties":{"clase":"emsr_edificio","aoi":"Syapru Besi","aoi_n":1,"damage_gra":"Destroyed","simplified":"Residential","fuente":"Copernicus EMSR927 GRA"},"geometry":{"type":"Point","coordinates":[85.34353015,28.16426365]}},{"type":"Feature","properties":{"clase":"emsr_edificio","aoi":"Syapru Besi","aoi_n":1,"damage_gra":"Destroyed","simplified":"Residential","fuente":"Copernicus EMSR927 GRA"},"geometry":{"type":"Point","coordinates":[85.34337117,28.16429]}},{"type":"Feature","properties":{"clase":"emsr_edificio","aoi":"Syapru Besi","aoi_n":1,"damage_gra":"Destroyed","simplified":"Residential","fuente":"Copernicus EMSR927 GRA"},"geometry":{"type":"Point","coordinates":[85.34312156,28.16430922]}},{"type":"Feature","properties":{"clase":"emsr_edificio","aoi":"Syapru Besi","aoi_n":1,"damage_gra":"Destroyed","simplified":"Residential","fuente":"Copernicus EMSR927 GRA"},"geometry":{"type":"Point","coordinates":[85.34328532,28.16431985]}},{"type":"Feature","properties":{"clase":"emsr_edificio","aoi":"Syapru Besi","aoi_n":1,"damage_gra":"Destroyed","simplified":"Residential","fuente":"Copernicus EMSR927 GRA"},"geometry":{"type":"Point","coordinates":[85.3429375,28.16432844]}},{"type":"Feature","properties":{"clase":"emsr_edificio","aoi":"Syapru Besi","aoi_n":1,"damage_gra":"Destroyed","simplified":"Residential","fuente":"Copernicus EMSR927 GRA"},"geometry":{"type":"Point","coordinates":[85.3430403,28.16436708]}},{"type":"Feature","properties":{"clase":"emsr_edificio","aoi":"Syapru Besi","aoi_n":1,"damage_gra":"Destroyed","simplified":"Residential","fuente":"Copernicus EMSR927 GRA"},"geometry":{"type":"Point","coordinates":[85.34284334,28.16436816]}},{"type":"Feature","properties":{"clase":"emsr_edificio","aoi":"Syapru Besi","aoi_n":1,"damage_gra":"Destroyed","simplified":"Residential","fuente":"Copernicus EMSR927 GRA"},"geometry":{"type":"Point","coordinates":[85.34324278,28.16439555]}},{"type":"Feature","properties":{"clase":"emsr_edificio","aoi":"Syapru Besi","aoi_n":1,"damage_gra":"Destroyed","simplified":"Residential","fuente":"Copernicus EMSR927 GRA"},"geometry":{"type":"Point","coordinates":[85.34359696,28.16440554]}},{"type":"Feature","properties":{"clase":"emsr_edificio","aoi":"Syapru Besi","aoi_n":1,"damage_gra":"Destroyed","simplified":"Residential","fuente":"Copernicus EMSR927 GRA"},"geometry":{"type":"Point","coordinates":[85.3433723,28.16442052]}},{"type":"Feature","properties":{"clase":"emsr_edificio","aoi":"Syapru Besi","aoi_n":1,"damage_gra":"Destroyed","simplified":"Residential","fuente":"Copernicus EMSR927 GRA"},"geometry":{"type":"Point","coordinates":[85.3429685,28.16443312]}},{"type":"Feature","properties":{"clase":"emsr_edificio","aoi":"Syapru Besi","aoi_n":1,"damage_gra":"Destroyed","simplified":"Residential","fuente":"Copernicus EMSR927 GRA"},"geometry":{"type":"Point","coordinates":[85.34243067,28.16427081]}},{"type":"Feature","properties":{"clase":"emsr_edificio","aoi":"Syapru Besi","aoi_n":1,"damage_gra":"Destroyed","simplified":"Residential","fuente":"Copernicus EMSR927 GRA"},"geometry":{"type":"Point","coordinates":[85.34233907,28.16431927]}},{"type":"Feature","properties":{"clase":"emsr_edificio","aoi":"Syapru Besi","aoi_n":1,"damage_gra":"Destroyed","simplified":"Residential","fuente":"Copernicus EMSR927 GRA"},"geometry":{"type":"Point","coordinates":[85.34263001,28.16436652]}},{"type":"Feature","properties":{"clase":"emsr_edificio","aoi":"Syapru Besi","aoi_n":1,"damage_gra":"Destroyed","simplified":"Residential","fuente":"Copernicus EMSR927 GRA"},"geometry":{"type":"Point","coordinates":[85.34275799,28.16436693]}},{"type":"Feature","properties":{"clase":"emsr_edificio","aoi":"Syapru Besi","aoi_n":1,"damage_gra":"Destroyed","simplified":"Residential","fuente":"Copernicus EMSR927 GRA"},"geometry":{"type":"Point","coordinates":[85.34241078,28.16437923]}},{"type":"Feature","properties":{"clase":"emsr_edificio","aoi":"Syapru Besi","aoi_n":1,"damage_gra":"Destroyed","simplified":"Residential","fuente":"Copernicus EMSR927 GRA"},"geometry":{"type":"Point","coordinates":[85.34244442,28.16442694]}},{"type":"Feature","properties":{"clase":"emsr_edificio","aoi":"Syapru Besi","aoi_n":1,"damage_gra":"Destroyed","simplified":"Residential","fuente":"Copernicus EMSR927 GRA"},"geometry":{"type":"Point","coordinates":[85.3425335,28.16447395]}},{"type":"Feature","properties":{"clase":"emsr_edificio","aoi":"Syapru Besi","aoi_n":1,"damage_gra":"Destroyed","simplified":"Residential","fuente":"Copernicus EMSR927 GRA"},"geometry":{"type":"Point","coordinates":[85.34236628,28.1644801]}},{"type":"Feature","properties":{"clase":"emsr_edificio","aoi":"Syapru Besi","aoi_n":1,"damage_gra":"Destroyed","simplified":"Non residential","fuente":"Copernicus EMSR927 GRA"},"geometry":{"type":"Point","coordinates":[85.34248629,28.16460648]}},{"type":"Feature","properties":{"clase":"emsr_edificio","aoi":"Syapru Besi","aoi_n":1,"damage_gra":"Destroyed","simplified":"Residential","fuente":"Copernicus EMSR927 GRA"},"geometry":{"type":"Point","coordinates":[85.34263251,28.16475419]}},{"type":"Feature","properties":{"clase":"emsr_edificio","aoi":"Syapru Besi","aoi_n":1,"damage_gra":"Destroyed","simplified":"Residential","fuente":"Copernicus EMSR927 GRA"},"geometry":{"type":"Point","coordinates":[85.34318577,28.16449272]}},{"type":"Feature","properties":{"clase":"emsr_edificio","aoi":"Syapru Besi","aoi_n":1,"damage_gra":"Destroyed","simplified":"Residential","fuente":"Copernicus EMSR927 GRA"},"geometry":{"type":"Point","coordinates":[85.343448,28.16452929]}},{"type":"Feature","properties":{"clase":"emsr_edificio","aoi":"Syapru Besi","aoi_n":1,"damage_gra":"Destroyed","simplified":"Residential","fuente":"Copernicus EMSR927 GRA"},"geometry":{"type":"Point","coordinates":[85.34296835,28.16455275]}},{"type":"Feature","properties":{"clase":"emsr_edificio","aoi":"Syapru Besi","aoi_n":1,"damage_gra":"Destroyed","simplified":"Residential","fuente":"Copernicus EMSR927 GRA"},"geometry":{"type":"Point","coordinates":[85.34307953,28.16458574]}},{"type":"Feature","properties":{"clase":"emsr_edificio","aoi":"Syapru Besi","aoi_n":1,"damage_gra":"Destroyed","simplified":"Residential","fuente":"Copernicus EMSR927 GRA"},"geometry":{"type":"Point","coordinates":[85.34317197,28.16461309]}},{"type":"Feature","properties":{"clase":"emsr_edificio","aoi":"Syapru Besi","aoi_n":1,"damage_gra":"Destroyed","simplified":"Residential","fuente":"Copernicus EMSR927 GRA"},"geometry":{"type":"Point","coordinates":[85.34313951,28.164666]}},{"type":"Feature","properties":{"clase":"emsr_edificio","aoi":"Syapru Besi","aoi_n":1,"damage_gra":"Destroyed","simplified":"Residential","fuente":"Copernicus EMSR927 GRA"},"geometry":{"type":"Point","coordinates":[85.34306854,28.16467674]}},{"type":"Feature","properties":{"clase":"emsr_edificio","aoi":"Syapru Besi","aoi_n":1,"damage_gra":"Destroyed","simplified":"Residential","fuente":"Copernicus EMSR927 GRA"},"geometry":{"type":"Point","coordinates":[85.34286325,28.16471952]}},{"type":"Feature","properties":{"clase":"emsr_edificio","aoi":"Syapru Besi","aoi_n":1,"damage_gra":"Destroyed","simplified":"Residential","fuente":"Copernicus EMSR927 GRA"},"geometry":{"type":"Point","coordinates":[85.34289977,28.16479356]}},{"type":"Feature","properties":{"clase":"emsr_edificio","aoi":"Syapru Besi","aoi_n":1,"damage_gra":"Destroyed","simplified":"Residential","fuente":"Copernicus EMSR927 GRA"},"geometry":{"type":"Point","coordinates":[85.34296252,28.16484839]}},{"type":"Feature","properties":{"clase":"emsr_edificio","aoi":"Syapru Besi","aoi_n":1,"damage_gra":"Destroyed","simplified":"Residential","fuente":"Copernicus EMSR927 GRA"},"geometry":{"type":"Point","coordinates":[85.34268188,28.1647912]}},{"type":"Feature","properties":{"clase":"emsr_edificio","aoi":"Syapru Besi","aoi_n":1,"damage_gra":"Destroyed","simplified":"Residential","fuente":"Copernicus EMSR927 GRA"},"geometry":{"type":"Point","coordinates":[85.34263038,28.1648244]}},{"type":"Feature","properties":{"clase":"emsr_edificio","aoi":"Syapru Besi","aoi_n":1,"damage_gra":"Destroyed","simplified":"Residential","fuente":"Copernicus EMSR927 GRA"},"geometry":{"type":"Point","coordinates":[85.3425223,28.1648374]}},{"type":"Feature","properties":{"clase":"emsr_edificio","aoi":"Syapru Besi","aoi_n":1,"damage_gra":"Destroyed","simplified":"Residential","fuente":"Copernicus EMSR927 GRA"},"geometry":{"type":"Point","coordinates":[85.3427251,28.16490595]}},{"type":"Feature","properties":{"clase":"emsr_edificio","aoi":"Syapru Besi","aoi_n":1,"damage_gra":"Destroyed","simplified":"Residential","fuente":"Copernicus EMSR927 GRA"},"geometry":{"type":"Point","coordinates":[85.34280051,28.1649456]}},{"type":"Feature","properties":{"clase":"emsr_edificio","aoi":"Syapru Besi","aoi_n":1,"damage_gra":"Destroyed","simplified":"Residential","fuente":"Copernicus EMSR927 GRA"},"geometry":{"type":"Point","coordinates":[85.34260192,28.16496083]}},{"type":"Feature","properties":{"clase":"emsr_edificio","aoi":"Syapru Besi","aoi_n":1,"damage_gra":"Destroyed","simplified":"Residential","fuente":"Copernicus EMSR927 GRA"},"geometry":{"type":"Point","coordinates":[85.34280048,28.16501152]}},{"type":"Feature","properties":{"clase":"emsr_edificio","aoi":"Syapru Besi","aoi_n":1,"damage_gra":"Destroyed","simplified":"Residential","fuente":"Copernicus EMSR927 GRA"},"geometry":{"type":"Point","coordinates":[85.34154356,28.16506221]}},{"type":"Feature","properties":{"clase":"emsr_edificio","aoi":"Syapru Besi","aoi_n":1,"damage_gra":"Destroyed","simplified":"Residential","fuente":"Copernicus EMSR927 GRA"},"geometry":{"type":"Point","coordinates":[85.34170589,28.16507218]}},{"type":"Feature","properties":{"clase":"emsr_edificio","aoi":"Syapru Besi","aoi_n":1,"damage_gra":"Destroyed","simplified":"Residential","fuente":"Copernicus EMSR927 GRA"},"geometry":{"type":"Point","coordinates":[85.34277013,28.16507534]}},{"type":"Feature","properties":{"clase":"emsr_edificio","aoi":"Syapru Besi","aoi_n":1,"damage_gra":"Destroyed","simplified":"Residential","fuente":"Copernicus EMSR927 GRA"},"geometry":{"type":"Point","coordinates":[85.34175059,28.16520521]}},{"type":"Feature","properties":{"clase":"emsr_edificio","aoi":"Syapru Besi","aoi_n":1,"damage_gra":"Destroyed","simplified":"Residential","fuente":"Copernicus EMSR927 GRA"},"geometry":{"type":"Point","coordinates":[85.34183383,28.16526497]}},{"type":"Feature","properties":{"clase":"emsr_edificio","aoi":"Syapru Besi","aoi_n":1,"damage_gra":"Destroyed","simplified":"Non residential","fuente":"Copernicus EMSR927 GRA"},"geometry":{"type":"Point","coordinates":[85.34169296,28.16530339]}},{"type":"Feature","properties":{"clase":"emsr_edificio","aoi":"Syapru Besi","aoi_n":1,"damage_gra":"Destroyed","simplified":"Residential","fuente":"Copernicus EMSR927 GRA"},"geometry":{"type":"Point","coordinates":[85.34182529,28.16538876]}},{"type":"Feature","properties":{"clase":"emsr_edificio","aoi":"Syapru Besi","aoi_n":1,"damage_gra":"Destroyed","simplified":"Residential","fuente":"Copernicus EMSR927 GRA"},"geometry":{"type":"Point","coordinates":[85.34190201,28.16640814]}},{"type":"Feature","properties":{"clase":"emsr_edificio","aoi":"Syapru Besi","aoi_n":1,"damage_gra":"Destroyed","simplified":"Residential","fuente":"Copernicus EMSR927 GRA"},"geometry":{"type":"Point","coordinates":[85.34155495,28.16654114]}},{"type":"Feature","properties":{"clase":"emsr_edificio","aoi":"Syapru Besi","aoi_n":1,"damage_gra":"Destroyed","simplified":"Residential","fuente":"Copernicus EMSR927 GRA"},"geometry":{"type":"Point","coordinates":[85.34179974,28.16658449]}},{"type":"Feature","properties":{"clase":"emsr_edificio","aoi":"Syapru Besi","aoi_n":1,"damage_gra":"Destroyed","simplified":"Residential","fuente":"Copernicus EMSR927 GRA"},"geometry":{"type":"Point","coordinates":[85.34169048,28.16660629]}},{"type":"Feature","properties":{"clase":"emsr_edificio","aoi":"Syapru Besi","aoi_n":1,"damage_gra":"Destroyed","simplified":"Residential","fuente":"Copernicus EMSR927 GRA"},"geometry":{"type":"Point","coordinates":[85.34199846,28.16688002]}},{"type":"Feature","properties":{"clase":"emsr_edificio","aoi":"Syapru Besi","aoi_n":1,"damage_gra":"Destroyed","simplified":"Residential","fuente":"Copernicus EMSR927 GRA"},"geometry":{"type":"Point","coordinates":[85.34158657,28.16697284]}},{"type":"Feature","properties":{"clase":"emsr_edificio","aoi":"Syapru Besi","aoi_n":1,"damage_gra":"Destroyed","simplified":"Residential","fuente":"Copernicus EMSR927 GRA"},"geometry":{"type":"Point","coordinates":[85.34288538,28.16486632]}},{"type":"Feature","properties":{"clase":"emsr_edificio","aoi":"Syapru Besi","aoi_n":1,"damage_gra":"Destroyed","simplified":"Residential","fuente":"Copernicus EMSR927 GRA"},"geometry":{"type":"Point","coordinates":[85.34292708,28.16498881]}},{"type":"Feature","properties":{"clase":"emsr_edificio","aoi":"Syapru Besi","aoi_n":1,"damage_gra":"Destroyed","simplified":"Residential","fuente":"Copernicus EMSR927 GRA"},"geometry":{"type":"Point","coordinates":[85.34283925,28.16506555]}},{"type":"Feature","properties":{"clase":"emsr_edificio","aoi":"Syapru Besi","aoi_n":1,"damage_gra":"Destroyed","simplified":"Residential","fuente":"Copernicus EMSR927 GRA"},"geometry":{"type":"Point","coordinates":[85.34288653,28.16508269]}},{"type":"Feature","properties":{"clase":"emsr_edificio","aoi":"Syapru Besi","aoi_n":1,"damage_gra":"Possibly damaged","simplified":"Residential","fuente":"Copernicus EMSR927 GRA"},"geometry":{"type":"Point","coordinates":[85.34376908,28.16742694]}},{"type":"Feature","properties":{"clase":"emsr_edificio","aoi":"Syapru Besi","aoi_n":1,"damage_gra":"Possibly damaged","simplified":"Residential","fuente":"Copernicus EMSR927 GRA"},"geometry":{"type":"Point","coordinates":[85.34382765,28.16750824]}},{"type":"Feature","properties":{"clase":"emsr_edificio","aoi":"Syapru Besi","aoi_n":1,"damage_gra":"Possibly damaged","simplified":"Residential","fuente":"Copernicus EMSR927 GRA"},"geometry":{"type":"Point","coordinates":[85.34373761,28.16757731]}},{"type":"Feature","properties":{"clase":"emsr_edificio","aoi":"Syapru Besi","aoi_n":1,"damage_gra":"Possibly damaged","simplified":"Residential","fuente":"Copernicus EMSR927 GRA"},"geometry":{"type":"Point","coordinates":[85.34387869,28.16797177]}},{"type":"Feature","properties":{"clase":"emsr_edificio","aoi":"Syapru Besi","aoi_n":1,"damage_gra":"Destroyed","simplified":"Residential","fuente":"Copernicus EMSR927 GRA"},"geometry":{"type":"Point","coordinates":[85.34344142,28.16870808]}},{"type":"Feature","properties":{"clase":"emsr_edificio","aoi":"Syapru Besi","aoi_n":1,"damage_gra":"Possibly damaged","simplified":"Residential","fuente":"Copernicus EMSR927 GRA"},"geometry":{"type":"Point","coordinates":[85.34372985,28.16921537]}},{"type":"Feature","properties":{"clase":"emsr_edificio","aoi":"Syapru Besi","aoi_n":1,"damage_gra":"Destroyed","simplified":"Residential","fuente":"Copernicus EMSR927 GRA"},"geometry":{"type":"Point","coordinates":[85.34162787,28.16708772]}},{"type":"Feature","properties":{"clase":"emsr_edificio","aoi":"Syapru Besi","aoi_n":1,"damage_gra":"Destroyed","simplified":"Residential","fuente":"Copernicus EMSR927 GRA"},"geometry":{"type":"Point","coordinates":[85.34173737,28.16730265]}},{"type":"Feature","properties":{"clase":"emsr_edificio","aoi":"Syapru Besi","aoi_n":1,"damage_gra":"Destroyed","simplified":"Residential","fuente":"Copernicus EMSR927 GRA"},"geometry":{"type":"Point","coordinates":[85.34159905,28.1674377]}},{"type":"Feature","properties":{"clase":"emsr_edificio","aoi":"Syapru Besi","aoi_n":1,"damage_gra":"Destroyed","simplified":"Residential","fuente":"Copernicus EMSR927 GRA"},"geometry":{"type":"Point","coordinates":[85.3416396,28.16757643]}},{"type":"Feature","properties":{"clase":"emsr_edificio","aoi":"Syapru Besi","aoi_n":1,"damage_gra":"Destroyed","simplified":"Non residential","fuente":"Copernicus EMSR927 GRA"},"geometry":{"type":"Point","coordinates":[85.34188505,28.17996821]}},{"type":"Feature","properties":{"clase":"emsr_edificio","aoi":"Syapru Besi","aoi_n":1,"damage_gra":"Destroyed","simplified":"Non residential","fuente":"Copernicus EMSR927 GRA"},"geometry":{"type":"Point","coordinates":[85.34187224,28.18004291]}},{"type":"Feature","properties":{"clase":"emsr_edificio","aoi":"Syapru Besi","aoi_n":1,"damage_gra":"Destroyed","simplified":"Non residential","fuente":"Copernicus EMSR927 GRA"},"geometry":{"type":"Point","coordinates":[85.34185944,28.18015603]}},{"type":"Feature","properties":{"clase":"emsr_edificio","aoi":"Syapru Besi","aoi_n":1,"damage_gra":"Destroyed","simplified":"Non residential","fuente":"Copernicus EMSR927 GRA"},"geometry":{"type":"Point","coordinates":[85.34182315,28.18029902]}},{"type":"Feature","properties":{"clase":"emsr_edificio","aoi":"Syapru Besi","aoi_n":1,"damage_gra":"Destroyed","simplified":"Non residential","fuente":"Copernicus EMSR927 GRA"},"geometry":{"type":"Point","coordinates":[85.34180181,28.18042922]}},{"type":"Feature","properties":{"clase":"emsr_edificio","aoi":"Syapru Besi","aoi_n":1,"damage_gra":"Destroyed","simplified":"Non residential","fuente":"Copernicus EMSR927 GRA"},"geometry":{"type":"Point","coordinates":[85.34168229,28.18059996]}},{"type":"Feature","properties":{"clase":"emsr_edificio","aoi":"Syapru Besi","aoi_n":1,"damage_gra":"Damaged","simplified":"Residential","fuente":"Copernicus EMSR927 GRA"},"geometry":{"type":"Point","coordinates":[85.33814986,28.16455513]}},{"type":"Feature","properties":{"clase":"emsr_edificio","aoi":"Syapru Besi","aoi_n":1,"damage_gra":"Destroyed","simplified":"Non residential","fuente":"Copernicus EMSR927 GRA"},"geometry":{"type":"Point","coordinates":[85.33843,28.16459491]}},{"type":"Feature","properties":{"clase":"emsr_edificio","aoi":"Syapru Besi","aoi_n":1,"damage_gra":"Destroyed","simplified":"Residential","fuente":"Copernicus EMSR927 GRA"},"geometry":{"type":"Point","coordinates":[85.33839623,28.16467958]}},{"type":"Feature","properties":{"clase":"emsr_edificio","aoi":"Syapru Besi","aoi_n":1,"damage_gra":"Damaged","simplified":"School, university and research buildings","fuente":"Copernicus EMSR927 GRA"},"geometry":{"type":"Point","coordinates":[85.33922417,28.16496458]}},{"type":"Feature","properties":{"clase":"emsr_edificio","aoi":"Syapru Besi","aoi_n":1,"damage_gra":"Damaged","simplified":"Residential","fuente":"Copernicus EMSR927 GRA"},"geometry":{"type":"Point","coordinates":[85.33878367,28.16505122]}},{"type":"Feature","properties":{"clase":"emsr_edificio","aoi":"Syapru Besi","aoi_n":1,"damage_gra":"Damaged","simplified":"Residential","fuente":"Copernicus EMSR927 GRA"},"geometry":{"type":"Point","coordinates":[85.33886079,28.16506609]}},{"type":"Feature","properties":{"clase":"emsr_edificio","aoi":"Syapru Besi","aoi_n":1,"damage_gra":"Possibly damaged","simplified":"Residential","fuente":"Copernicus EMSR927 GRA"},"geometry":{"type":"Point","coordinates":[85.33896625,28.16514675]}},{"type":"Feature","properties":{"clase":"emsr_edificio","aoi":"Syapru Besi","aoi_n":1,"damage_gra":"Possibly damaged","simplified":"Residential","fuente":"Copernicus EMSR927 GRA"},"geometry":{"type":"Point","coordinates":[85.33902877,28.1651474]}},{"type":"Feature","properties":{"clase":"emsr_edificio","aoi":"Syapru Besi","aoi_n":1,"damage_gra":"Possibly damaged","simplified":"Residential","fuente":"Copernicus EMSR927 GRA"},"geometry":{"type":"Point","coordinates":[85.33910965,28.1651894]}},{"type":"Feature","properties":{"clase":"emsr_edificio","aoi":"Syapru Besi","aoi_n":1,"damage_gra":"Possibly damaged","simplified":"Residential","fuente":"Copernicus EMSR927 GRA"},"geometry":{"type":"Point","coordinates":[85.33925985,28.16521245]}},{"type":"Feature","properties":{"clase":"emsr_edificio","aoi":"Syapru Besi","aoi_n":1,"damage_gra":"Possibly damaged","simplified":"Residential","fuente":"Copernicus EMSR927 GRA"},"geometry":{"type":"Point","coordinates":[85.33938875,28.1652389]}},{"type":"Feature","properties":{"clase":"emsr_edificio","aoi":"Syapru Besi","aoi_n":1,"damage_gra":"Possibly damaged","simplified":"Residential","fuente":"Copernicus EMSR927 GRA"},"geometry":{"type":"Point","coordinates":[85.33863682,28.16524513]}},{"type":"Feature","properties":{"clase":"emsr_edificio","aoi":"Syapru Besi","aoi_n":1,"damage_gra":"Possibly damaged","simplified":"Residential","fuente":"Copernicus EMSR927 GRA"},"geometry":{"type":"Point","coordinates":[85.3401091,28.16510248]}},{"type":"Feature","properties":{"clase":"emsr_edificio","aoi":"Syapru Besi","aoi_n":1,"damage_gra":"Destroyed","simplified":"Residential","fuente":"Copernicus EMSR927 GRA"},"geometry":{"type":"Point","coordinates":[85.34086699,28.16511344]}},{"type":"Feature","properties":{"clase":"emsr_edificio","aoi":"Syapru Besi","aoi_n":1,"damage_gra":"Destroyed","simplified":"Residential","fuente":"Copernicus EMSR927 GRA"},"geometry":{"type":"Point","coordinates":[85.34131946,28.16512624]}},{"type":"Feature","properties":{"clase":"emsr_edificio","aoi":"Syapru Besi","aoi_n":1,"damage_gra":"Destroyed","simplified":"Residential","fuente":"Copernicus EMSR927 GRA"},"geometry":{"type":"Point","coordinates":[85.34140039,28.16514346]}},{"type":"Feature","properties":{"clase":"emsr_edificio","aoi":"Syapru Besi","aoi_n":1,"damage_gra":"Destroyed","simplified":"Residential","fuente":"Copernicus EMSR927 GRA"},"geometry":{"type":"Point","coordinates":[85.34108042,28.16516679]}},{"type":"Feature","properties":{"clase":"emsr_edificio","aoi":"Syapru Besi","aoi_n":1,"damage_gra":"Destroyed","simplified":"Residential","fuente":"Copernicus EMSR927 GRA"},"geometry":{"type":"Point","coordinates":[85.34119567,28.16522229]}},{"type":"Feature","properties":{"clase":"emsr_edificio","aoi":"Syapru Besi","aoi_n":1,"damage_gra":"Destroyed","simplified":"Residential","fuente":"Copernicus EMSR927 GRA"},"geometry":{"type":"Point","coordinates":[85.34153076,28.16525643]}},{"type":"Feature","properties":{"clase":"emsr_edificio","aoi":"Syapru Besi","aoi_n":1,"damage_gra":"Destroyed","simplified":"Residential","fuente":"Copernicus EMSR927 GRA"},"geometry":{"type":"Point","coordinates":[85.34132373,28.16529058]}},{"type":"Feature","properties":{"clase":"emsr_edificio","aoi":"Syapru Besi","aoi_n":1,"damage_gra":"Damaged","simplified":"Residential","fuente":"Copernicus EMSR927 GRA"},"geometry":{"type":"Point","coordinates":[85.34052087,28.1653453]}},{"type":"Feature","properties":{"clase":"emsr_edificio","aoi":"Syapru Besi","aoi_n":1,"damage_gra":"Possibly damaged","simplified":"Residential","fuente":"Copernicus EMSR927 GRA"},"geometry":{"type":"Point","coordinates":[85.34047389,28.16539447]}},{"type":"Feature","properties":{"clase":"emsr_edificio","aoi":"Syapru Besi","aoi_n":1,"damage_gra":"Possibly damaged","simplified":"Residential","fuente":"Copernicus EMSR927 GRA"},"geometry":{"type":"Point","coordinates":[85.34053405,28.16540825]}},{"type":"Feature","properties":{"clase":"emsr_edificio","aoi":"Syapru Besi","aoi_n":1,"damage_gra":"Possibly damaged","simplified":"Residential","fuente":"Copernicus EMSR927 GRA"},"geometry":{"type":"Point","coordinates":[85.34002108,28.16543129]}},{"type":"Feature","properties":{"clase":"emsr_edificio","aoi":"Syapru Besi","aoi_n":1,"damage_gra":"Damaged","simplified":"Residential","fuente":"Copernicus EMSR927 GRA"},"geometry":{"type":"Point","coordinates":[85.340698,28.16552553]}},{"type":"Feature","properties":{"clase":"emsr_edificio","aoi":"Syapru Besi","aoi_n":1,"damage_gra":"Damaged","simplified":"Residential","fuente":"Copernicus EMSR927 GRA"},"geometry":{"type":"Point","coordinates":[85.34080123,28.16560682]}},{"type":"Feature","properties":{"clase":"emsr_edificio","aoi":"Syapru Besi","aoi_n":1,"damage_gra":"Possibly damaged","simplified":"Residential","fuente":"Copernicus EMSR927 GRA"},"geometry":{"type":"Point","coordinates":[85.34059448,28.16568489]}},{"type":"Feature","properties":{"clase":"emsr_edificio","aoi":"Syapru Besi","aoi_n":1,"damage_gra":"Possibly damaged","simplified":"Residential","fuente":"Copernicus EMSR927 GRA"},"geometry":{"type":"Point","coordinates":[85.34056096,28.16573785]}},{"type":"Feature","properties":{"clase":"emsr_edificio","aoi":"Syapru Besi","aoi_n":1,"damage_gra":"Possibly damaged","simplified":"Residential","fuente":"Copernicus EMSR927 GRA"},"geometry":{"type":"Point","coordinates":[85.34063885,28.1657455]}},{"type":"Feature","properties":{"clase":"emsr_edificio","aoi":"Syapru Besi","aoi_n":1,"damage_gra":"Damaged","simplified":"Residential","fuente":"Copernicus EMSR927 GRA"},"geometry":{"type":"Point","coordinates":[85.34112954,28.16578922]}},{"type":"Feature","properties":{"clase":"emsr_edificio","aoi":"Syapru Besi","aoi_n":1,"damage_gra":"Possibly damaged","simplified":"Residential","fuente":"Copernicus EMSR927 GRA"},"geometry":{"type":"Point","coordinates":[85.34065935,28.1658646]}},{"type":"Feature","properties":{"clase":"emsr_edificio","aoi":"Syapru Besi","aoi_n":1,"damage_gra":"Destroyed","simplified":"Residential","fuente":"Copernicus EMSR927 GRA"},"geometry":{"type":"Point","coordinates":[85.34126586,28.16586628]}},{"type":"Feature","properties":{"clase":"emsr_edificio","aoi":"Syapru Besi","aoi_n":1,"damage_gra":"Possibly damaged","simplified":"Residential","fuente":"Copernicus EMSR927 GRA"},"geometry":{"type":"Point","coordinates":[85.34051621,28.165874]}},{"type":"Feature","properties":{"clase":"emsr_edificio","aoi":"Syapru Besi","aoi_n":1,"damage_gra":"Possibly damaged","simplified":"Residential","fuente":"Copernicus EMSR927 GRA"},"geometry":{"type":"Point","coordinates":[85.34071555,28.16592335]}},{"type":"Feature","properties":{"clase":"emsr_edificio","aoi":"Syapru Besi","aoi_n":1,"damage_gra":"Destroyed","simplified":"Residential","fuente":"Copernicus EMSR927 GRA"},"geometry":{"type":"Point","coordinates":[85.34143776,28.16594385]}},{"type":"Feature","properties":{"clase":"emsr_edificio","aoi":"Syapru Besi","aoi_n":1,"damage_gra":"Possibly damaged","simplified":"Residential","fuente":"Copernicus EMSR927 GRA"},"geometry":{"type":"Point","coordinates":[85.34073734,28.16600648]}},{"type":"Feature","properties":{"clase":"emsr_edificio","aoi":"Syapru Besi","aoi_n":1,"damage_gra":"Possibly damaged","simplified":"Residential","fuente":"Copernicus EMSR927 GRA"},"geometry":{"type":"Point","coordinates":[85.3405921,28.1660269]}},{"type":"Feature","properties":{"clase":"emsr_edificio","aoi":"Syapru Besi","aoi_n":1,"damage_gra":"Damaged","simplified":"Residential","fuente":"Copernicus EMSR927 GRA"},"geometry":{"type":"Point","coordinates":[85.34082971,28.16603189]}},{"type":"Feature","properties":{"clase":"emsr_edificio","aoi":"Syapru Besi","aoi_n":1,"damage_gra":"Destroyed","simplified":"Residential","fuente":"Copernicus EMSR927 GRA"},"geometry":{"type":"Point","coordinates":[85.34133271,28.1660758]}},{"type":"Feature","properties":{"clase":"emsr_edificio","aoi":"Syapru Besi","aoi_n":1,"damage_gra":"Possibly damaged","simplified":"Residential","fuente":"Copernicus EMSR927 GRA"},"geometry":{"type":"Point","coordinates":[85.34080245,28.16609074]}},{"type":"Feature","properties":{"clase":"emsr_edificio","aoi":"Syapru Besi","aoi_n":1,"damage_gra":"Possibly damaged","simplified":"Residential","fuente":"Copernicus EMSR927 GRA"},"geometry":{"type":"Point","coordinates":[85.3404598,28.1660912]}},{"type":"Feature","properties":{"clase":"emsr_edificio","aoi":"Syapru Besi","aoi_n":1,"damage_gra":"Possibly damaged","simplified":"Residential","fuente":"Copernicus EMSR927 GRA"},"geometry":{"type":"Point","coordinates":[85.34066834,28.16609927]}},{"type":"Feature","properties":{"clase":"emsr_edificio","aoi":"Syapru Besi","aoi_n":1,"damage_gra":"Damaged","simplified":"Residential","fuente":"Copernicus EMSR927 GRA"},"geometry":{"type":"Point","coordinates":[85.34121188,28.16616538]}},{"type":"Feature","properties":{"clase":"emsr_edificio","aoi":"Syapru Besi","aoi_n":1,"damage_gra":"Damaged","simplified":"Residential","fuente":"Copernicus EMSR927 GRA"},"geometry":{"type":"Point","coordinates":[85.34081263,28.1662278]}},{"type":"Feature","properties":{"clase":"emsr_edificio","aoi":"Syapru Besi","aoi_n":1,"damage_gra":"Possibly damaged","simplified":"Residential","fuente":"Copernicus EMSR927 GRA"},"geometry":{"type":"Point","coordinates":[85.3405931,28.16625355]}},{"type":"Feature","properties":{"clase":"emsr_edificio","aoi":"Syapru Besi","aoi_n":1,"damage_gra":"Destroyed","simplified":"Residential","fuente":"Copernicus EMSR927 GRA"},"geometry":{"type":"Point","coordinates":[85.34088696,28.16635572]}},{"type":"Feature","properties":{"clase":"emsr_edificio","aoi":"Syapru Besi","aoi_n":1,"damage_gra":"Damaged","simplified":"Residential","fuente":"Copernicus EMSR927 GRA"},"geometry":{"type":"Point","coordinates":[85.34116231,28.16635906]}},{"type":"Feature","properties":{"clase":"emsr_edificio","aoi":"Syapru Besi","aoi_n":1,"damage_gra":"Damaged","simplified":"Residential","fuente":"Copernicus EMSR927 GRA"},"geometry":{"type":"Point","coordinates":[85.34122717,28.16638181]}},{"type":"Feature","properties":{"clase":"emsr_edificio","aoi":"Syapru Besi","aoi_n":1,"damage_gra":"Destroyed","simplified":"Residential","fuente":"Copernicus EMSR927 GRA"},"geometry":{"type":"Point","coordinates":[85.34127938,28.16649179]}},{"type":"Feature","properties":{"clase":"emsr_edificio","aoi":"Syapru Besi","aoi_n":1,"damage_gra":"Destroyed","simplified":"Residential","fuente":"Copernicus EMSR927 GRA"},"geometry":{"type":"Point","coordinates":[85.34116365,28.16663355]}},{"type":"Feature","properties":{"clase":"emsr_edificio","aoi":"Syapru Besi","aoi_n":1,"damage_gra":"Destroyed","simplified":"Residential","fuente":"Copernicus EMSR927 GRA"},"geometry":{"type":"Point","coordinates":[85.34147393,28.16666744]}},{"type":"Feature","properties":{"clase":"emsr_edificio","aoi":"Syapru Besi","aoi_n":1,"damage_gra":"Destroyed","simplified":"Residential","fuente":"Copernicus EMSR927 GRA"},"geometry":{"type":"Point","coordinates":[85.34123074,28.16672322]}},{"type":"Feature","properties":{"clase":"emsr_edificio","aoi":"Syapru Besi","aoi_n":1,"damage_gra":"Destroyed","simplified":"Residential","fuente":"Copernicus EMSR927 GRA"},"geometry":{"type":"Point","coordinates":[85.34111747,28.1667888]}},{"type":"Feature","properties":{"clase":"emsr_edificio","aoi":"Syapru Besi","aoi_n":1,"damage_gra":"Destroyed","simplified":"Residential","fuente":"Copernicus EMSR927 GRA"},"geometry":{"type":"Point","coordinates":[85.34144368,28.16679665]}},{"type":"Feature","properties":{"clase":"emsr_edificio","aoi":"Syapru Besi","aoi_n":1,"damage_gra":"Destroyed","simplified":"Residential","fuente":"Copernicus EMSR927 GRA"},"geometry":{"type":"Point","coordinates":[85.34144884,28.16685511]}},{"type":"Feature","properties":{"clase":"emsr_edificio","aoi":"Syapru Besi","aoi_n":1,"damage_gra":"Destroyed","simplified":"Residential","fuente":"Copernicus EMSR927 GRA"},"geometry":{"type":"Point","coordinates":[85.34137093,28.16687838]}},{"type":"Feature","properties":{"clase":"emsr_edificio","aoi":"Syapru Besi","aoi_n":1,"damage_gra":"Damaged","simplified":"Residential","fuente":"Copernicus EMSR927 GRA"},"geometry":{"type":"Point","coordinates":[85.34106446,28.16694293]}},{"type":"Feature","properties":{"clase":"emsr_edificio","aoi":"Syapru Besi","aoi_n":1,"damage_gra":"Destroyed","simplified":"Residential","fuente":"Copernicus EMSR927 GRA"},"geometry":{"type":"Point","coordinates":[85.34134121,28.16697564]}},{"type":"Feature","properties":{"clase":"emsr_edificio","aoi":"Syapru Besi","aoi_n":1,"damage_gra":"Destroyed","simplified":"Residential","fuente":"Copernicus EMSR927 GRA"},"geometry":{"type":"Point","coordinates":[85.34148733,28.16697723]}},{"type":"Feature","properties":{"clase":"emsr_edificio","aoi":"Syapru Besi","aoi_n":1,"damage_gra":"Destroyed","simplified":"Non residential","fuente":"Copernicus EMSR927 GRA"},"geometry":{"type":"Point","coordinates":[85.34128895,28.18095485]}},{"type":"Feature","properties":{"clase":"emsr_edificio","aoi":"Syapru Besi","aoi_n":1,"damage_gra":"Destroyed","simplified":"Non residential","fuente":"Copernicus EMSR927 GRA"},"geometry":{"type":"Point","coordinates":[85.34091607,28.1811314]}},{"type":"Feature","properties":{"clase":"emsr_edificio","aoi":"Syapru Besi","aoi_n":1,"damage_gra":"Destroyed","simplified":"Non residential","fuente":"Copernicus EMSR927 GRA"},"geometry":{"type":"Point","coordinates":[85.3414027,28.18114207]}},{"type":"Feature","properties":{"clase":"emsr_edificio","aoi":"Syapru Besi","aoi_n":1,"damage_gra":"Possibly damaged","simplified":"Residential","fuente":"Copernicus EMSR927 GRA"},"geometry":{"type":"Point","coordinates":[85.3437328,28.1694689]}},{"type":"Feature","properties":{"clase":"emsr_edificio","aoi":"Syapru Besi","aoi_n":1,"damage_gra":"Destroyed","simplified":"Residential","fuente":"Copernicus EMSR927 GRA"},"geometry":{"type":"Point","coordinates":[85.34342343,28.16953725]}},{"type":"Feature","properties":{"clase":"emsr_edificio","aoi":"Syapru Besi","aoi_n":1,"damage_gra":"Destroyed","simplified":"Non residential","fuente":"Copernicus EMSR927 GRA"},"geometry":{"type":"Point","coordinates":[85.34307949,28.18289443]}},{"type":"Feature","properties":{"clase":"emsr_edificio","aoi":"Syapru Besi","aoi_n":1,"damage_gra":"Destroyed","simplified":"Residential","fuente":"Copernicus EMSR927 GRA"},"geometry":{"type":"Point","coordinates":[85.34293513,28.18314619]}},{"type":"Feature","properties":{"clase":"emsr_edificio","aoi":"Syapru Besi","aoi_n":1,"damage_gra":"Destroyed","simplified":"Residential","fuente":"Copernicus EMSR927 GRA"},"geometry":{"type":"Point","coordinates":[85.34289031,28.18326998]}},{"type":"Feature","properties":{"clase":"emsr_edificio","aoi":"Syapru Besi","aoi_n":1,"damage_gra":"Destroyed","simplified":"Residential","fuente":"Copernicus EMSR927 GRA"},"geometry":{"type":"Point","coordinates":[85.34306319,28.18339804]}},{"type":"Feature","properties":{"clase":"emsr_edificio","aoi":"Syapru Besi","aoi_n":1,"damage_gra":"Destroyed","simplified":"Residential","fuente":"Copernicus EMSR927 GRA"},"geometry":{"type":"Point","coordinates":[85.34298422,28.18344926]}},{"type":"Feature","properties":{"clase":"emsr_edificio","aoi":"Syapru Besi","aoi_n":1,"damage_gra":"Possibly damaged","simplified":"Residential","fuente":"Copernicus EMSR927 GRA"},"geometry":{"type":"Point","coordinates":[85.34362451,28.18526572]}},{"type":"Feature","properties":{"clase":"emsr_edificio","aoi":"Syapru Besi","aoi_n":1,"damage_gra":"Possibly damaged","simplified":"Residential","fuente":"Copernicus EMSR927 GRA"},"geometry":{"type":"Point","coordinates":[85.34353845,28.18534358]}},{"type":"Feature","properties":{"clase":"emsr_edificio","aoi":"Syapru Besi","aoi_n":1,"damage_gra":"Destroyed","simplified":"Non residential","fuente":"Copernicus EMSR927 GRA"},"geometry":{"type":"Point","coordinates":[85.34647954,28.18741293]}},{"type":"Feature","properties":{"clase":"emsr_edificio","aoi":"Syapru Besi","aoi_n":1,"damage_gra":"Destroyed","simplified":"Non residential","fuente":"Copernicus EMSR927 GRA"},"geometry":{"type":"Point","coordinates":[85.34153289,28.18071948]}},{"type":"Feature","properties":{"clase":"emsr_edificio","aoi":"Syapru Besi","aoi_n":1,"damage_gra":"Destroyed","simplified":"Non residential","fuente":"Copernicus EMSR927 GRA"},"geometry":{"type":"Point","coordinates":[85.34165028,28.18078351]}},{"type":"Feature","properties":{"clase":"emsr_edificio","aoi":"Syapru Besi","aoi_n":1,"damage_gra":"Destroyed","simplified":"Non residential","fuente":"Copernicus EMSR927 GRA"},"geometry":{"type":"Point","coordinates":[85.34157143,28.18119399]}},{"type":"Feature","properties":{"clase":"emsr_edificio","aoi":"Syapru Besi","aoi_n":1,"damage_gra":"Destroyed","simplified":"Non residential","fuente":"Copernicus EMSR927 GRA"},"geometry":{"type":"Point","coordinates":[85.3419875,28.181411]}},{"type":"Feature","properties":{"clase":"emsr_edificio","aoi":"Syapru Besi","aoi_n":1,"damage_gra":"Destroyed","simplified":"Non residential","fuente":"Copernicus EMSR927 GRA"},"geometry":{"type":"Point","coordinates":[85.34185517,28.18152838]}},{"type":"Feature","properties":{"clase":"emsr_edificio","aoi":"Syapru Besi","aoi_n":1,"damage_gra":"Destroyed","simplified":"Residential","fuente":"Copernicus EMSR927 GRA"},"geometry":{"type":"Point","coordinates":[85.34234957,28.18203218]}},{"type":"Feature","properties":{"clase":"emsr_edificio","aoi":"Syapru Besi","aoi_n":1,"damage_gra":"Destroyed","simplified":"Residential","fuente":"Copernicus EMSR927 GRA"},"geometry":{"type":"Point","coordinates":[85.3422367,28.18203387]}},{"type":"Feature","properties":{"clase":"emsr_edificio","aoi":"Syapru Besi","aoi_n":1,"damage_gra":"Destroyed","simplified":"Residential","fuente":"Copernicus EMSR927 GRA"},"geometry":{"type":"Point","coordinates":[85.34219044,28.18203765]}},{"type":"Feature","properties":{"clase":"emsr_edificio","aoi":"Syapru Besi","aoi_n":1,"damage_gra":"Destroyed","simplified":"Residential","fuente":"Copernicus EMSR927 GRA"},"geometry":{"type":"Point","coordinates":[85.34228997,28.18203797]}},{"type":"Feature","properties":{"clase":"emsr_edificio","aoi":"Syapru Besi","aoi_n":1,"damage_gra":"Destroyed","simplified":"Residential","fuente":"Copernicus EMSR927 GRA"},"geometry":{"type":"Point","coordinates":[85.34242025,28.18260405]}},{"type":"Feature","properties":{"clase":"emsr_edificio","aoi":"Syapru Besi","aoi_n":1,"damage_gra":"Destroyed","simplified":"Non residential","fuente":"Copernicus EMSR927 GRA"},"geometry":{"type":"Point","coordinates":[85.34135574,28.18165644]}},{"type":"Feature","properties":{"clase":"emsr_edificio","aoi":"Syapru Besi","aoi_n":1,"damage_gra":"Destroyed","simplified":"Non residential","fuente":"Copernicus EMSR927 GRA"},"geometry":{"type":"Point","coordinates":[85.34125543,28.18175249]}},{"type":"Feature","properties":{"clase":"emsr_edificio","aoi":"Syapru Besi","aoi_n":1,"damage_gra":"Destroyed","simplified":"Non residential","fuente":"Copernicus EMSR927 GRA"},"geometry":{"type":"Point","coordinates":[85.34276532,28.18282886]}},{"type":"Feature","properties":{"clase":"emsr_edificio","aoi":"Syapru Besi","aoi_n":1,"damage_gra":"Destroyed","simplified":"Residential","fuente":"Copernicus EMSR927 GRA"},"geometry":{"type":"Point","coordinates":[85.34268719,28.18332352]}},{"type":"Feature","properties":{"clase":"emsr_edificio","aoi":"Syapru Besi","aoi_n":1,"damage_gra":"Destroyed","simplified":"Non residential","fuente":"Copernicus EMSR927 GRA"},"geometry":{"type":"Point","coordinates":[85.34625923,28.18748918]}},{"type":"Feature","properties":{"clase":"emsr_deslizamiento","aoi":"Timure","aoi_n":2,"obj_desc":"Landslide","event_type":"6-Mass Movement","area_ha":129.36,"det_method":"Photo-interpretation","sensor":"Legion 27 ago 2026 05:05 UTC","fuente":"Copernicus EMSR927 GRA"},"geometry":{"type":"Polygon","coordinates":[[[85.37939527,28.27845531],[85.37932822,28.2783715],[85.37925809,28.278353],[85.37913545,28.27820528],[85.37893013,28.27818293],[85.37886308,28.27799017],[85.37871236,28.27787066],[85.37852366,28.27780998],[85.37838537,28.2775376],[85.37837324,28.27741826],[85.37849863,28.27704858],[85.37856824,28.27657194],[85.3785338,28.27652874],[85.37853999,28.27641125],[85.3784078,28.27624608],[85.3784109,28.27615642],[85.37845193000001,28.27612325],[85.3785624,28.27611468],[85.37859023,28.27608221],[85.37860239,28.27586317],[85.37863429,28.27573153],[85.37870128,28.27568824],[85.37872808,28.2756398],[85.37870154,28.27555864],[85.37846539,28.27540855],[85.37843061,28.27522071],[85.37845148,28.27514187],[85.37865361,28.27497529],[85.37876289,28.27483214],[85.37880103,28.27468211],[85.3788881,28.2746181],[85.37889323,28.27451062],[85.3788545,28.27438372],[85.3788927,28.27433216],[85.37892986,28.27409484],[85.37881497,28.27394046],[85.37888667,28.27388052],[85.37889877,28.27379286],[85.37884733,28.27365318],[85.37884404,28.27356348],[85.37894143,28.27340557],[85.3789267,28.27329372],[85.37910233,28.27323172],[85.37913728,28.27301557],[85.37910186,28.27288297],[85.3791661,28.27280035],[85.37916483,28.27269923],[85.37930423,28.27266179],[85.37936605,28.27261375],[85.37936653,28.27254095],[85.37932349,28.27247607],[85.37933844,28.27233735],[85.37936438,28.27224791],[85.37949152,28.27208558],[85.37949725,28.27200014],[85.37953866,28.27195375],[85.37957419,28.27185243],[85.37956741,28.271812],[85.37942931,28.27171609],[85.37942265,28.27161759],[85.37947276,28.27143065],[85.37960188,28.27134089],[85.37961393,28.27130332],[85.37971429,28.27132399],[85.379716,28.270867],[85.37957124,28.27038463],[85.37929069,28.27024749],[85.37915448,28.27007844],[85.37908278,28.26989115],[85.37892306,28.26975058],[85.37880925,28.26950348],[85.37870068,28.2694298],[85.37856668,28.26929186],[85.37837352,28.26918136],[85.37826972,28.26906961],[85.37816506,28.26886311],[85.37814735000002,28.26878567],[85.37816097000001,28.26870503],[85.37812584,28.26865286],[85.37812767,28.2685402],[85.37809571,28.26845117],[85.37809803,28.26837928],[85.37817091,28.268209],[85.37815387,28.26810614],[85.37812963,28.26808755],[85.37796666,28.26809951],[85.37794526,28.26798412],[85.37788275,28.26790147],[85.37781475,28.26786126],[85.37780701,28.26778827],[85.37772815,28.26774314],[85.37771255,28.26768199],[85.37767157,28.26765276],[85.37761324,28.26768213],[85.3775662,28.26757324],[85.37745384,28.26753183],[85.37736909,28.26740598],[85.37724588,28.26736589],[85.37721646,28.26732135],[85.37722985,28.26714691],[85.37719874,28.26710871],[85.37719739,28.26704142],[85.37711468,28.2669267],[85.37699916,28.26684797],[85.37697485,28.26674567],[85.37687401,28.26661028],[85.37687837,28.26647164],[85.37693943,28.26642026],[85.37703,28.26613492],[85.37711374,28.26602296],[85.37712420000001,28.26592768],[85.37707668,28.26580443],[85.37709376,28.26576507],[85.377132,28.26573739],[85.37735043,28.26573769],[85.37770815,28.26577594],[85.37779703,28.26580854],[85.37796924,28.26571479],[85.37692706,28.26436263],[85.37682214,28.26432532],[85.37645487,28.26434824],[85.37641221,28.26431782],[85.37634623,28.26415096],[85.37623853,28.26411613],[85.37604512,28.26413372],[85.37593981,28.26411481],[85.37584033,28.26406134],[85.37581716,28.26398611],[85.37568334,28.26389165],[85.37556494,28.26397434],[85.3754041,28.26396713],[85.37518725000001,28.26391169],[85.37486217000001,28.2637442],[85.37479015,28.26364538],[85.37461088,28.26356536],[85.37457003000002,28.26337689],[85.37445099,28.26327321],[85.3742449,28.26294186],[85.37412316,28.26282011],[85.3739214,28.26243922],[85.37371204,28.26219865],[85.37359493,28.26210459],[85.37359682,28.26205751],[85.37349485,28.26188762],[85.37352485,28.26176255],[85.37349877,28.26162874],[85.37344219,28.26154996],[85.37325354,28.26135742],[85.37306661,28.26133958],[85.3730551,28.26123612],[85.37289385,28.26121902],[85.37277744,28.26117583],[85.37277238,28.26108297],[85.37258725,28.26101835],[85.3724434,28.26076342],[85.37245422,28.26067224],[85.3722093,28.2605091],[85.37220883,28.26035593],[85.37213369,28.26032991],[85.37209468,28.26026736],[85.37192477,28.26016429],[85.37187528,28.26000656],[85.3717018,28.25995313],[85.37165301,28.25983567],[85.37151824,28.25979679],[85.37149442,28.25973598],[85.37142553,28.25971293],[85.37140295,28.25965231],[85.37129303,28.25956207],[85.37121592,28.25944848],[85.371071,28.25939711],[85.37101107,28.25933424],[85.37079664,28.2592608],[85.37066382,28.25912946],[85.37053512,28.2591625],[85.3705069,28.259148],[85.37004465,28.25877118],[85.3698116,28.25861639],[85.36973681,28.25860421],[85.36969554,28.2586881],[85.36966998,28.2586881],[85.36931595,28.25856473],[85.3692368,28.25848906],[85.36911259,28.25844925],[85.36908489,28.25838051],[85.36902682,28.25833856],[85.3687211,28.2582668],[85.36863452,28.25829905],[85.36857812,28.25829048],[85.36850891,28.25818679],[85.36836825,28.25812011],[85.36822368,28.25796243],[85.36790632,28.25773069],[85.36762426,28.25745417],[85.36761036,28.25736163],[85.36750013,28.25724069],[85.36742435,28.25721925],[85.36733857,28.25704648],[85.36725099,28.25698101],[85.36722588,28.25689391],[85.36723296,28.256744],[85.36712265,28.25662127],[85.36707778,28.25641609],[85.36702373,28.256291099999988],[85.36701453,28.25621876],[85.36703982,28.25619645],[85.36705614000002,28.25610592],[85.36700595,28.2557241],[85.36707248,28.25551861],[85.3672342,28.2553273],[85.36723888,28.25519396],[85.36731415,28.25504325],[85.36733037,28.25495383],[85.36724879,28.25483208],[85.36722141,28.25473427],[85.36716220000001,28.25468778],[85.36716981,28.25462886],[85.36714835,28.25460058999999],[85.36717781,28.25455562],[85.36717473,28.25431495],[85.3671395,28.2541984],[85.36716451,28.254101],[85.36711686,28.25403783],[85.36712769,28.25367627],[85.3670516,28.25358405],[85.36696729,28.2532352],[85.36701442,28.25296528],[85.36698796,28.25267741],[85.36718205,28.2523421],[85.3670308,28.25228557],[85.36703063,28.25210652],[85.36709565,28.25206214],[85.36711285,28.25200956],[85.36708538,28.25188117],[85.36708814,28.25172104],[85.36704008,28.25163998],[85.3670716,28.25158619],[85.36697743,28.25150664],[85.36696594,28.25143987],[85.36698918,28.25134626],[85.36688759,28.25123109],[85.36690006,28.25120091],[85.36695777,28.25118866],[85.36698186,28.25115711],[85.36697745,28.25112316],[85.36693285,28.25109185],[85.36693285,28.25100795],[85.36698719,28.25073493],[85.36709536,28.25065136],[85.36726796,28.25062632],[85.36729618,28.25060224],[85.36728095,28.25056821],[85.36731482,28.25055046],[85.3673171,28.25049786],[85.3672866,28.25046823],[85.36722781,28.25046267],[85.36696927,28.25048886],[85.36682584,28.25040359],[85.36675876,28.25029672],[85.36674515,28.25021526],[85.36681351,28.25012696],[85.36682014,28.25008488],[85.36674299,28.25000753],[85.36660616,28.24998553],[85.36657144,28.24992621],[85.3666038,28.24986366],[85.36649454,28.24981628],[85.36649764,28.24974007],[85.36644342,28.24971557],[85.36642092,28.24962881],[85.36643373,28.24956771],[85.36631562,28.24939992],[85.36634633,28.24932029],[85.36628462,28.24927097],[85.36629185,28.24919013],[85.36625406,28.24917546],[85.36621139,28.24907322],[85.36612822,28.24897992],[85.36614362,28.24887797],[85.36610588,28.24871726],[85.36605398,28.24866946],[85.36603060000002,28.24853571],[85.36594474,28.24844373],[85.36592875,28.24837628],[85.36587035,28.24831641],[85.36585949,28.24826894],[85.36578555,28.24821083],[85.36569596,28.24806078],[85.36559862,28.24796634],[85.36551939,28.24782085],[85.36543032,28.24773202],[85.36531521,28.24767555],[85.36521629,28.24751947],[85.3649856,28.24740794],[85.36460634,28.24714126],[85.36456306,28.24706826],[85.36456573,28.24697682],[85.36453059,28.24691623],[85.3645457,28.24683088],[85.36451298,28.24678328],[85.36440933,28.24674242],[85.36431910000002,28.24662785],[85.3642217,28.24656872],[85.36411213,28.24644697],[85.36406517,28.24633914],[85.36392256,28.24625044],[85.36385299,28.24616696],[85.36378168,28.24586085],[85.36363093,28.24578192],[85.36363498,28.24571794],[85.36356080000002,28.24559301],[85.36337013,28.2453486],[85.36330411,28.24508289],[85.36323732,28.24503983],[85.36302559,28.24502588],[85.36295098,28.24492765],[85.36262118,28.24487079],[85.36254837,28.24474782],[85.36230966,28.24466607],[85.36219375,28.24454092],[85.36208368,28.24450597],[85.36205868000002,28.24439875],[85.36202669,28.24437796],[85.36178563,28.24435825],[85.36164998,28.24430112],[85.36158286000001,28.24423619],[85.361458,28.24423869],[85.36136442,28.2441755],[85.36124787,28.24415012],[85.36116901,28.24415647],[85.36113668,28.24418555],[85.3610372,28.24417443],[85.36091658,28.24403305],[85.360839,28.24400842],[85.36073226,28.24392279999999],[85.36055582,28.24385044],[85.36049027,28.24372966],[85.36035725,28.24357729],[85.36032693,28.2434799],[85.36001421,28.2433207],[85.35971115,28.24285987],[85.35962284,28.24278615],[85.35963034,28.24274274],[85.35970169,28.24268022],[85.35972787,28.24249057],[85.359394,28.242372],[85.35746756,28.24327145],[85.35763746,28.24336803],[85.3577167,28.24351329],[85.35787308,28.24369772],[85.35794142,28.24384764],[85.35805626,28.24391844999999],[85.35823534,28.24397282],[85.35821708,28.24411552],[85.35831231,28.24410098],[85.35836947,28.24421665],[85.35839773,28.2442137],[85.35843305,28.24424816],[85.35842493,28.2442913],[85.35839137,28.24431717],[85.35839457,28.2443554],[85.35842567,28.24437596],[85.35858508,28.24435324],[85.35856937,28.24443278],[85.35851686,28.24451187],[85.35845064,28.2445397],[85.3583894,28.24465556],[85.35827648,28.24469615],[85.35819754,28.24481481],[85.35832531,28.24480253],[85.35849439,28.24484433],[85.35852448,28.24471276],[85.35863313,28.2446923],[85.35865567,28.24461924],[85.35877004,28.24457028],[85.35885014,28.24460561],[85.35885297,28.2445331],[85.35887964,28.24452251],[85.35895139,28.24458996],[85.35894617,28.24469873],[85.35904923,28.24477492],[85.35906372,28.24486724],[85.3591097,28.24493428],[85.35926677,28.24496499],[85.35930527,28.24492041],[85.35941004000001,28.24491201],[85.35941523,28.24499773],[85.35950708,28.24507102],[85.35955795,28.24521582],[85.35963883,28.24523538],[85.35973108,28.24520328],[85.35984362,28.24534365],[85.3598971,28.24537626],[85.3601059,28.24539629],[85.36013995,28.24546714],[85.36023831,28.24551503],[85.36027486,28.24560881],[85.36034113,28.24568798],[85.36050156,28.24578151],[85.36052718,28.2458558],[85.3605991,28.24590661],[85.36064847,28.24602977],[85.36069202,28.24607378],[85.36073607,28.24607954],[85.36083078,28.24600973],[85.36089845,28.24603858],[85.36093506,28.24617286],[85.36104372,28.2463366],[85.36113143,28.2463501],[85.36118306,28.24628912],[85.36125551,28.24628621],[85.36135943,28.24634235],[85.36143147,28.24641341],[85.36148607,28.24665824],[85.36151359,28.24666485],[85.36154334,28.24663526],[85.36158855,28.24665622],[85.36161519,28.2467974],[85.36166118,28.24683381],[85.3616829,28.24689007],[85.36189498,28.24686186],[85.36202712,28.24693215],[85.36218225,28.24693195],[85.36231758,28.24711995],[85.36242393,28.247192],[85.36253254,28.24737671],[85.36257767,28.24756323],[85.36264719,28.24764496],[85.36273864,28.24785122],[85.36276193000002,28.24814885],[85.36281122,28.24829272],[85.36303717000001,28.2486288],[85.36312846,28.24873154],[85.36330514,28.24879244],[85.36344109,28.24888154],[85.36348973,28.24910655],[85.36353155,28.24917919],[85.3636218,28.24922761],[85.36374605000002,28.24921222],[85.36381621,28.24923675],[85.36383092,28.24994961],[85.3638023,28.25001345],[85.3636877,28.25004173],[85.36365923000001,28.25008829],[85.36367243,28.25012131],[85.36378469,28.25014552],[85.36381771,28.25020715],[85.36377149,28.25055935],[85.36377369,28.25059677],[85.36383068,28.25064245],[85.36383996,28.25074124],[85.36379919,28.25090409],[85.36385795,28.25100753],[85.36384543,28.25114131],[85.36377734,28.2512164],[85.3636769,28.25149309],[85.36333929,28.25199576],[85.36330182,28.25200102],[85.36322449,28.25207134],[85.36287585,28.25210532],[85.36269609,28.25220797],[85.36244145,28.25227478],[85.36241109,28.25232899],[85.36246488,28.25238144],[85.36247049,28.25243293],[85.36243808,28.25246652],[85.36236256,28.25243959],[85.36231532,28.25245211],[85.36231712,28.25255807],[85.36228378,28.25263544],[85.36230865,28.2526803],[85.36235362,28.25268832],[85.36246176,28.25262847],[85.36251443,28.25270812],[85.36255241,28.25271365],[85.36266242,28.25268413],[85.3629016,28.2526803],[85.36296075,28.25257027],[85.36311109,28.25263756],[85.36314262,28.25261402],[85.36323898,28.252631],[85.36360226,28.25259588],[85.36363889,28.25262361],[85.36360029,28.25271666],[85.36361516,28.25277366],[85.36366072,28.25278788],[85.36372014,28.25286009],[85.3637857,28.25281229],[85.36382453,28.2528153],[85.36377078,28.25302405],[85.36379913,28.2533947],[85.36378659,28.25380951],[85.36381337,28.25395121],[85.36386638,28.25400503],[85.36384866,28.25405528],[85.36386685,28.25422867],[85.36394108,28.2543366],[85.36385563,28.254408],[85.36384122,28.25444833],[85.36387147,28.25450307],[85.3638902,28.2546644],[85.36372031,28.25500746],[85.36363996000001,28.25531563],[85.36364767,28.25547522],[85.36374452,28.25578008],[85.36384798,28.25591876],[85.36388321,28.25606798],[85.36390613,28.25635589],[85.36398611,28.25641899],[85.36409145,28.25644026],[85.36409201,28.25656056],[85.36412542,28.25660217],[85.3641401,28.25668168],[85.36403661,28.25683965],[85.3640229,28.25697638],[85.36409903,28.25710701],[85.36410073,28.25721695],[85.3641987,28.25738564],[85.36435408,28.25754491],[85.36449642,28.25756399],[85.36472095,28.2577709],[85.36469663,28.2578063],[85.3646003,28.25781123],[85.36452868,28.25786267],[85.36450632,28.25788655],[85.36450282,28.25796396],[85.36465638,28.25806146],[85.36485302,28.25812897],[85.36491025,28.2581862],[85.36506477,28.25823524],[85.36506625,28.25835321],[85.3651247,28.25840772],[85.36551485,28.25857655],[85.36569619,28.25858339],[85.36572571,28.25860624],[85.36579451,28.25877631],[85.36583105,28.25877631],[85.36586972,28.25873538],[85.36594105,28.25874155],[85.36604069,28.2588092],[85.36607102,28.2588627],[85.36629848,28.25893901],[85.36631609,28.2589669],[85.36630142,28.25907989],[85.36635718,28.2590975],[85.36643643,28.25907109],[85.3665054,28.25918408],[85.36656116,28.2593455],[85.36660225,28.25938806],[85.36690703,28.25950444],[85.36699158,28.25957803],[85.3672253,28.25966173],[85.36734292,28.26002957],[85.36740438,28.26011151],[85.36748116,28.26012459],[85.36760119,28.26024055],[85.36799475,28.26035366],[85.36823985,28.26031061],[85.36840644,28.26023772],[85.36862494,28.26022698],[85.36890179,28.26030523],[85.3690145,28.26030442],[85.3691905,28.26036504],[85.36927308,28.26041759],[85.36930451,28.26047262],[85.36931122,28.26070145],[85.36943889,28.2607895],[85.36946237,28.2608482],[85.36950492,28.26087755],[85.36970918000002,28.26085023],[85.37005864,28.26085672],[85.37011787000002,28.26098525],[85.3702441,28.26100061],[85.37028067,28.26107726],[85.37028538,28.26128563],[85.37033466,28.261312],[85.37048373,28.26130899],[85.37055357,28.26137082],[85.3705557,28.26147673],[85.37062705,28.26159995],[85.37059819,28.26173309],[85.37061434,28.2617595],[85.37071706,28.26176831],[85.37084179,28.26194147],[85.37096489,28.26192617],[85.37098742,28.26195339],[85.37097792,28.26213185],[85.37101331,28.26220639],[85.37100258,28.26226716],[85.37105898,28.26235383],[85.3710235,28.26251902],[85.37104839,28.26253945],[85.37112189,28.26253629],[85.3711222,28.26263868],[85.371147,28.26269769],[85.37125105,28.26282615],[85.37129108,28.26283168],[85.37137053,28.26289439],[85.37134604,28.26306233],[85.37139503,28.26315063],[85.37138597,28.26328461],[85.37152767,28.26359273],[85.37151390000001,28.26364962],[85.37144493,28.26370832],[85.37140145,28.26394365],[85.37134302,28.26404386],[85.37133651,28.26417822],[85.37113332,28.264282],[85.37104473,28.26437034],[85.37094319,28.264547],[85.37094319,28.26460393],[85.37099737,28.26462765],[85.37110219,28.26460003],[85.37123568,28.26450682],[85.37139937,28.2644375],[85.37145737,28.2643746],[85.37158478,28.26436292],[85.37176323,28.26445847],[85.37179739,28.26448208],[85.37181447,28.26462508],[85.37192687,28.26472187],[85.37191668,28.26503334],[85.37195932,28.26525995],[85.37199876,28.26531432],[85.37227691,28.26530811],[85.37239242,28.26541025],[85.37277188,28.26561662],[85.37278054,28.26567831],[85.37274399000002,28.26576607],[85.37270168,28.26580271],[85.37270007,28.26587184],[85.37278248,28.26596159],[85.37294512,28.2660641],[85.37310659,28.26613175],[85.3731301,28.26617546],[85.3732802,28.2662995],[85.37349942,28.26631592],[85.37361358,28.26653312],[85.37374458,28.26667393],[85.37387799,28.26669528],[85.3740949,28.26666606],[85.37421576,28.26667656],[85.37431418,28.26670357],[85.37456599,28.26685434],[85.37460801,28.26700187],[85.37469478,28.26705023],[85.37474078,28.26711365],[85.37489195,28.26715445],[85.3750203,28.26730808],[85.37501107,28.26749487],[85.3751431,28.26763543],[85.37514571,28.26776157],[85.3751072,28.26787834],[85.37503383,28.26796638],[85.375034,28.2681067],[85.3750971,28.26839291],[85.37526792,28.26872041],[85.375402,28.26885213],[85.37546527,28.26894813],[85.37550782,28.26898188],[85.3756373,28.26896126],[85.37563653,28.26915409],[85.37569152,28.26922514],[85.37569174,28.26934613],[85.37578518,28.26959382],[85.37570255,28.2698025],[85.37571951,28.26989997],[85.37570704,28.2700465],[85.3755357,28.27012064],[85.37550635,28.27017934],[85.37563403,28.2704024],[85.37570053,28.27044209],[85.37575583,28.27058583],[85.37575583,28.2706416],[85.37563712,28.27071553],[85.37563664,28.27074672],[85.37571605,28.27082912],[85.37573601,28.27088846],[85.37578798,28.27091626],[85.37586882,28.27091601],[85.37594513,28.27098205],[85.37596421,28.27103782],[85.37593486,28.2711376],[85.37590991,28.27115668],[85.37576023,28.27115815],[85.37573088,28.27123592],[85.37575289,28.27127408],[85.37582663000002,28.2713102],[85.37597086000001,28.27149512],[85.37615736,28.27157675],[85.37620398,28.27166595],[85.37619865,28.2718801],[85.37615003,28.27219716],[85.37615755,28.27261132],[85.37612233,28.27282263],[85.37601463,28.27294162],[85.3760546,28.2730566],[85.37605634,28.27321728],[85.37592822,28.27355001],[85.37590383,28.27378241],[85.37587232,28.27387758],[85.37570776,28.27419374],[85.37571474,28.27442989],[85.37540363,28.27472118],[85.37528623,28.27472559],[85.3752246,28.27475494],[85.3751659,28.27482831],[85.37516003,28.27487967],[85.37533713,28.27497419],[85.37544151,28.27510655],[85.37550662,28.27533756],[85.37551956,28.27552976],[85.37557199,28.27564546],[85.37552062,28.27583439],[85.37554457,28.27604403],[85.37550262,28.2761491],[85.3754638,28.27617179],[85.37546595,28.276287],[85.37536683,28.27638382],[85.37524921,28.27643034],[85.37522006,28.27651249],[85.37523236,28.27654217],[85.37538043,28.2766311],[85.37563403,28.27690259],[85.37564723,28.27694661],[85.37579398,28.27702292],[85.37582115,28.27712242],[85.37586147,28.27717138],[85.37583663,28.27739096],[85.37593973,28.27765813],[85.37583213,28.27804796],[85.375703,28.27813307],[85.37567511,28.27817563],[85.37568098,28.27824313],[85.37574115,28.2783143],[85.37574463000001,28.27835306],[85.37567365,28.2785321],[85.37560614,28.27857258],[85.37559147,28.27860927],[85.37563366,28.27894495],[85.37577894,28.27901979],[85.3757661,28.27915663],[85.3758788,28.27922704],[85.37585086,28.27934438],[85.37581445,28.2793942],[85.37647673,28.27994405],[85.37699093,28.2788461],[85.3768701,28.27834555],[85.37696216,28.27792555],[85.37796901,28.27841459],[85.3790205,28.27911026],[85.37950779,28.27851615],[85.37939527,28.27845531]]]}},{"type":"Feature","properties":{"clase":"emsr_aoi","aoi":"Timure","aoi_n":2,"locality":"Timure","emsr_id":"EMSR927","map_type":"Grading","estado":"publicado 28 ago 2026","fuente":"Copernicus EMSR927 GRA"},"geometry":{"type":"Polygon","coordinates":[[[85.378301,28.266152],[85.374258,28.260824],[85.369497,28.256273],[85.367946,28.252208],[85.366716,28.248731],[85.36438,28.244793],[85.361182,28.243007],[85.359394,28.242372],[85.357083,28.243451],[85.366921,28.263924],[85.375277,28.278948],[85.37647673,28.27994405],[85.37699093,28.2788461],[85.3768701,28.27834555],[85.37696216,28.27792555],[85.37796901,28.27841459],[85.3790205,28.27911026],[85.37966872,28.27831994],[85.38057829,28.27831017],[85.3805787,28.27831015],[85.379703,28.274343],[85.379716,28.270867],[85.378301,28.266152]]]}},{"type":"Feature","properties":{"clase":"emsr_edificio","aoi":"Timure","aoi_n":2,"damage_gra":"Destroyed","simplified":"Non residential","fuente":"Copernicus EMSR927 GRA"},"geometry":{"type":"Point","coordinates":[85.35860191,28.2427795]}},{"type":"Feature","properties":{"clase":"emsr_edificio","aoi":"Timure","aoi_n":2,"damage_gra":"Destroyed","simplified":"Non residential","fuente":"Copernicus EMSR927 GRA"},"geometry":{"type":"Point","coordinates":[85.35878233,28.24285431]}},{"type":"Feature","properties":{"clase":"emsr_edificio","aoi":"Timure","aoi_n":2,"damage_gra":"Destroyed","simplified":"Non residential","fuente":"Copernicus EMSR927 GRA"},"geometry":{"type":"Point","coordinates":[85.35874712,28.24287485]}},{"type":"Feature","properties":{"clase":"emsr_edificio","aoi":"Timure","aoi_n":2,"damage_gra":"Destroyed","simplified":"Non residential","fuente":"Copernicus EMSR927 GRA"},"geometry":{"type":"Point","coordinates":[85.35886487,28.24303138]}},{"type":"Feature","properties":{"clase":"emsr_edificio","aoi":"Timure","aoi_n":2,"damage_gra":"Destroyed","simplified":"Non residential","fuente":"Copernicus EMSR927 GRA"},"geometry":{"type":"Point","coordinates":[85.35882193,28.2430582]}},{"type":"Feature","properties":{"clase":"emsr_edificio","aoi":"Timure","aoi_n":2,"damage_gra":"Destroyed","simplified":"Non residential","fuente":"Copernicus EMSR927 GRA"},"geometry":{"type":"Point","coordinates":[85.35908009,28.24323715]}},{"type":"Feature","properties":{"clase":"emsr_edificio","aoi":"Timure","aoi_n":2,"damage_gra":"Destroyed","simplified":"Residential","fuente":"Copernicus EMSR927 GRA"},"geometry":{"type":"Point","coordinates":[85.36172376,28.24572406]}},{"type":"Feature","properties":{"clase":"emsr_edificio","aoi":"Timure","aoi_n":2,"damage_gra":"Destroyed","simplified":"Residential","fuente":"Copernicus EMSR927 GRA"},"geometry":{"type":"Point","coordinates":[85.36198129,28.24586015]}},{"type":"Feature","properties":{"clase":"emsr_edificio","aoi":"Timure","aoi_n":2,"damage_gra":"Destroyed","simplified":"Unclassified","fuente":"Copernicus EMSR927 GRA"},"geometry":{"type":"Point","coordinates":[85.36205835,28.24602665]}},{"type":"Feature","properties":{"clase":"emsr_edificio","aoi":"Timure","aoi_n":2,"damage_gra":"Destroyed","simplified":"Unclassified","fuente":"Copernicus EMSR927 GRA"},"geometry":{"type":"Point","coordinates":[85.36220115,28.24614087]}},{"type":"Feature","properties":{"clase":"emsr_edificio","aoi":"Timure","aoi_n":2,"damage_gra":"Destroyed","simplified":"Unclassified","fuente":"Copernicus EMSR927 GRA"},"geometry":{"type":"Point","coordinates":[85.36235616,28.24626749]}},{"type":"Feature","properties":{"clase":"emsr_edificio","aoi":"Timure","aoi_n":2,"damage_gra":"Destroyed","simplified":"Residential","fuente":"Copernicus EMSR927 GRA"},"geometry":{"type":"Point","coordinates":[85.36430789,28.24804617]}},{"type":"Feature","properties":{"clase":"emsr_edificio","aoi":"Timure","aoi_n":2,"damage_gra":"Destroyed","simplified":"Residential","fuente":"Copernicus EMSR927 GRA"},"geometry":{"type":"Point","coordinates":[85.36588903,28.24997421]}},{"type":"Feature","properties":{"clase":"emsr_edificio","aoi":"Timure","aoi_n":2,"damage_gra":"Destroyed","simplified":"Residential","fuente":"Copernicus EMSR927 GRA"},"geometry":{"type":"Point","coordinates":[85.3660049,28.25024117]}},{"type":"Feature","properties":{"clase":"emsr_edificio","aoi":"Timure","aoi_n":2,"damage_gra":"Destroyed","simplified":"Residential","fuente":"Copernicus EMSR927 GRA"},"geometry":{"type":"Point","coordinates":[85.36593596,28.25027051]}},{"type":"Feature","properties":{"clase":"emsr_edificio","aoi":"Timure","aoi_n":2,"damage_gra":"Destroyed","simplified":"Residential","fuente":"Copernicus EMSR927 GRA"},"geometry":{"type":"Point","coordinates":[85.36592301,28.25082032]}},{"type":"Feature","properties":{"clase":"emsr_edificio","aoi":"Timure","aoi_n":2,"damage_gra":"Destroyed","simplified":"Residential","fuente":"Copernicus EMSR927 GRA"},"geometry":{"type":"Point","coordinates":[85.36592496,28.25089073]}},{"type":"Feature","properties":{"clase":"emsr_edificio","aoi":"Timure","aoi_n":2,"damage_gra":"Destroyed","simplified":"Residential","fuente":"Copernicus EMSR927 GRA"},"geometry":{"type":"Point","coordinates":[85.36584771,28.25115964]}},{"type":"Feature","properties":{"clase":"emsr_edificio","aoi":"Timure","aoi_n":2,"damage_gra":"Destroyed","simplified":"Unclassified","fuente":"Copernicus EMSR927 GRA"},"geometry":{"type":"Point","coordinates":[85.36597578,28.25147211]}},{"type":"Feature","properties":{"clase":"emsr_edificio","aoi":"Timure","aoi_n":2,"damage_gra":"Destroyed","simplified":"Unclassified","fuente":"Copernicus EMSR927 GRA"},"geometry":{"type":"Point","coordinates":[85.36602183,28.2518834]}},{"type":"Feature","properties":{"clase":"emsr_edificio","aoi":"Timure","aoi_n":2,"damage_gra":"Destroyed","simplified":"Unclassified","fuente":"Copernicus EMSR927 GRA"},"geometry":{"type":"Point","coordinates":[85.3661117,28.2507045]}},{"type":"Feature","properties":{"clase":"emsr_edificio","aoi":"Timure","aoi_n":2,"damage_gra":"Destroyed","simplified":"Unclassified","fuente":"Copernicus EMSR927 GRA"},"geometry":{"type":"Point","coordinates":[85.36616115,28.2508352]}},{"type":"Feature","properties":{"clase":"emsr_edificio","aoi":"Timure","aoi_n":2,"damage_gra":"Destroyed","simplified":"Non residential","fuente":"Copernicus EMSR927 GRA"},"geometry":{"type":"Point","coordinates":[85.36642915,28.25116045]}},{"type":"Feature","properties":{"clase":"emsr_edificio","aoi":"Timure","aoi_n":2,"damage_gra":"Destroyed","simplified":"Non residential","fuente":"Copernicus EMSR927 GRA"},"geometry":{"type":"Point","coordinates":[85.36635265,28.25125944]}},{"type":"Feature","properties":{"clase":"emsr_edificio","aoi":"Timure","aoi_n":2,"damage_gra":"Destroyed","simplified":"Unclassified","fuente":"Copernicus EMSR927 GRA"},"geometry":{"type":"Point","coordinates":[85.36644257,28.25137217]}},{"type":"Feature","properties":{"clase":"emsr_edificio","aoi":"Timure","aoi_n":2,"damage_gra":"Destroyed","simplified":"Non residential","fuente":"Copernicus EMSR927 GRA"},"geometry":{"type":"Point","coordinates":[85.36625465,28.25138586]}},{"type":"Feature","properties":{"clase":"emsr_edificio","aoi":"Timure","aoi_n":2,"damage_gra":"Destroyed","simplified":"Non residential","fuente":"Copernicus EMSR927 GRA"},"geometry":{"type":"Point","coordinates":[85.36620758,28.25147683]}},{"type":"Feature","properties":{"clase":"emsr_edificio","aoi":"Timure","aoi_n":2,"damage_gra":"Destroyed","simplified":"Unclassified","fuente":"Copernicus EMSR927 GRA"},"geometry":{"type":"Point","coordinates":[85.36633705,28.25152305]}},{"type":"Feature","properties":{"clase":"emsr_edificio","aoi":"Timure","aoi_n":2,"damage_gra":"Destroyed","simplified":"Residential","fuente":"Copernicus EMSR927 GRA"},"geometry":{"type":"Point","coordinates":[85.36629949,28.25156448]}},{"type":"Feature","properties":{"clase":"emsr_edificio","aoi":"Timure","aoi_n":2,"damage_gra":"Destroyed","simplified":"Residential","fuente":"Copernicus EMSR927 GRA"},"geometry":{"type":"Point","coordinates":[85.36644747,28.25159455]}},{"type":"Feature","properties":{"clase":"emsr_edificio","aoi":"Timure","aoi_n":2,"damage_gra":"Destroyed","simplified":"Residential","fuente":"Copernicus EMSR927 GRA"},"geometry":{"type":"Point","coordinates":[85.36613113,28.25167604]}},{"type":"Feature","properties":{"clase":"emsr_edificio","aoi":"Timure","aoi_n":2,"damage_gra":"Destroyed","simplified":"Residential","fuente":"Copernicus EMSR927 GRA"},"geometry":{"type":"Point","coordinates":[85.36632426,28.25169429]}},{"type":"Feature","properties":{"clase":"emsr_edificio","aoi":"Timure","aoi_n":2,"damage_gra":"Destroyed","simplified":"Residential","fuente":"Copernicus EMSR927 GRA"},"geometry":{"type":"Point","coordinates":[85.36611339,28.25180547]}},{"type":"Feature","properties":{"clase":"emsr_edificio","aoi":"Timure","aoi_n":2,"damage_gra":"Destroyed","simplified":"Residential","fuente":"Copernicus EMSR927 GRA"},"geometry":{"type":"Point","coordinates":[85.36629069,28.25181482]}},{"type":"Feature","properties":{"clase":"emsr_edificio","aoi":"Timure","aoi_n":2,"damage_gra":"Destroyed","simplified":"Unclassified","fuente":"Copernicus EMSR927 GRA"},"geometry":{"type":"Point","coordinates":[85.36625855,28.2518705]}},{"type":"Feature","properties":{"clase":"emsr_edificio","aoi":"Timure","aoi_n":2,"damage_gra":"Destroyed","simplified":"Residential","fuente":"Copernicus EMSR927 GRA"},"geometry":{"type":"Point","coordinates":[85.36632035,28.25201895]}},{"type":"Feature","properties":{"clase":"emsr_edificio","aoi":"Timure","aoi_n":2,"damage_gra":"Destroyed","simplified":"Residential","fuente":"Copernicus EMSR927 GRA"},"geometry":{"type":"Point","coordinates":[85.36626168,28.2520209]}},{"type":"Feature","properties":{"clase":"emsr_edificio","aoi":"Timure","aoi_n":2,"damage_gra":"Destroyed","simplified":"Residential","fuente":"Copernicus EMSR927 GRA"},"geometry":{"type":"Point","coordinates":[85.36616976,28.25207958]}},{"type":"Feature","properties":{"clase":"emsr_edificio","aoi":"Timure","aoi_n":2,"damage_gra":"Destroyed","simplified":"Unclassified","fuente":"Copernicus EMSR927 GRA"},"geometry":{"type":"Point","coordinates":[85.36639985,28.25215105]}},{"type":"Feature","properties":{"clase":"emsr_edificio","aoi":"Timure","aoi_n":2,"damage_gra":"Destroyed","simplified":"Unclassified","fuente":"Copernicus EMSR927 GRA"},"geometry":{"type":"Point","coordinates":[85.36611406,28.25220413]}},{"type":"Feature","properties":{"clase":"emsr_edificio","aoi":"Timure","aoi_n":2,"damage_gra":"Destroyed","simplified":"Residential","fuente":"Copernicus EMSR927 GRA"},"geometry":{"type":"Point","coordinates":[85.365967,28.25194975]}},{"type":"Feature","properties":{"clase":"emsr_edificio","aoi":"Timure","aoi_n":2,"damage_gra":"Destroyed","simplified":"Unclassified","fuente":"Copernicus EMSR927 GRA"},"geometry":{"type":"Point","coordinates":[85.36576259,28.25196517]}},{"type":"Feature","properties":{"clase":"emsr_edificio","aoi":"Timure","aoi_n":2,"damage_gra":"Destroyed","simplified":"Unclassified","fuente":"Copernicus EMSR927 GRA"},"geometry":{"type":"Point","coordinates":[85.3660226,28.25208365]}},{"type":"Feature","properties":{"clase":"emsr_edificio","aoi":"Timure","aoi_n":2,"damage_gra":"Destroyed","simplified":"Residential","fuente":"Copernicus EMSR927 GRA"},"geometry":{"type":"Point","coordinates":[85.36593618,28.25208752]}},{"type":"Feature","properties":{"clase":"emsr_edificio","aoi":"Timure","aoi_n":2,"damage_gra":"Destroyed","simplified":"Unclassified","fuente":"Copernicus EMSR927 GRA"},"geometry":{"type":"Point","coordinates":[85.36598122,28.25219371]}},{"type":"Feature","properties":{"clase":"emsr_edificio","aoi":"Timure","aoi_n":2,"damage_gra":"Destroyed","simplified":"Residential","fuente":"Copernicus EMSR927 GRA"},"geometry":{"type":"Point","coordinates":[85.3645504,28.25223017]}},{"type":"Feature","properties":{"clase":"emsr_edificio","aoi":"Timure","aoi_n":2,"damage_gra":"Destroyed","simplified":"Unclassified","fuente":"Copernicus EMSR927 GRA"},"geometry":{"type":"Point","coordinates":[85.36609516,28.25227698]}},{"type":"Feature","properties":{"clase":"emsr_edificio","aoi":"Timure","aoi_n":2,"damage_gra":"Destroyed","simplified":"Unclassified","fuente":"Copernicus EMSR927 GRA"},"geometry":{"type":"Point","coordinates":[85.36589577,28.25228721]}},{"type":"Feature","properties":{"clase":"emsr_edificio","aoi":"Timure","aoi_n":2,"damage_gra":"Destroyed","simplified":"Unclassified","fuente":"Copernicus EMSR927 GRA"},"geometry":{"type":"Point","coordinates":[85.3659531,28.25231825]}},{"type":"Feature","properties":{"clase":"emsr_edificio","aoi":"Timure","aoi_n":2,"damage_gra":"Destroyed","simplified":"Unclassified","fuente":"Copernicus EMSR927 GRA"},"geometry":{"type":"Point","coordinates":[85.3645134,28.25232345]}},{"type":"Feature","properties":{"clase":"emsr_edificio","aoi":"Timure","aoi_n":2,"damage_gra":"Destroyed","simplified":"Unclassified","fuente":"Copernicus EMSR927 GRA"},"geometry":{"type":"Point","coordinates":[85.36599767,28.25243264]}},{"type":"Feature","properties":{"clase":"emsr_edificio","aoi":"Timure","aoi_n":2,"damage_gra":"Destroyed","simplified":"Residential","fuente":"Copernicus EMSR927 GRA"},"geometry":{"type":"Point","coordinates":[85.36407222,28.25243357]}},{"type":"Feature","properties":{"clase":"emsr_edificio","aoi":"Timure","aoi_n":2,"damage_gra":"Destroyed","simplified":"Unclassified","fuente":"Copernicus EMSR927 GRA"},"geometry":{"type":"Point","coordinates":[85.36587185,28.25244102]}},{"type":"Feature","properties":{"clase":"emsr_edificio","aoi":"Timure","aoi_n":2,"damage_gra":"Destroyed","simplified":"Unclassified","fuente":"Copernicus EMSR927 GRA"},"geometry":{"type":"Point","coordinates":[85.36566975,28.2524548]}},{"type":"Feature","properties":{"clase":"emsr_edificio","aoi":"Timure","aoi_n":2,"damage_gra":"Destroyed","simplified":"Unclassified","fuente":"Copernicus EMSR927 GRA"},"geometry":{"type":"Point","coordinates":[85.36443125,28.25249695]}},{"type":"Feature","properties":{"clase":"emsr_edificio","aoi":"Timure","aoi_n":2,"damage_gra":"Destroyed","simplified":"Unclassified","fuente":"Copernicus EMSR927 GRA"},"geometry":{"type":"Point","coordinates":[85.36599215,28.25251545]}},{"type":"Feature","properties":{"clase":"emsr_edificio","aoi":"Timure","aoi_n":2,"damage_gra":"Destroyed","simplified":"Residential","fuente":"Copernicus EMSR927 GRA"},"geometry":{"type":"Point","coordinates":[85.36456213,28.25267021]}},{"type":"Feature","properties":{"clase":"emsr_edificio","aoi":"Timure","aoi_n":2,"damage_gra":"Destroyed","simplified":"Residential","fuente":"Copernicus EMSR927 GRA"},"geometry":{"type":"Point","coordinates":[85.36600352,28.25273671]}},{"type":"Feature","properties":{"clase":"emsr_edificio","aoi":"Timure","aoi_n":2,"damage_gra":"Destroyed","simplified":"Residential","fuente":"Copernicus EMSR927 GRA"},"geometry":{"type":"Point","coordinates":[85.36457582,28.2527504]}},{"type":"Feature","properties":{"clase":"emsr_edificio","aoi":"Timure","aoi_n":2,"damage_gra":"Destroyed","simplified":"Residential","fuente":"Copernicus EMSR927 GRA"},"geometry":{"type":"Point","coordinates":[85.36606415,28.25277778]}},{"type":"Feature","properties":{"clase":"emsr_edificio","aoi":"Timure","aoi_n":2,"damage_gra":"Destroyed","simplified":"Residential","fuente":"Copernicus EMSR927 GRA"},"geometry":{"type":"Point","coordinates":[85.3662695,28.25221452]}},{"type":"Feature","properties":{"clase":"emsr_edificio","aoi":"Timure","aoi_n":2,"damage_gra":"Destroyed","simplified":"Residential","fuente":"Copernicus EMSR927 GRA"},"geometry":{"type":"Point","coordinates":[85.36635164,28.2522243]}},{"type":"Feature","properties":{"clase":"emsr_edificio","aoi":"Timure","aoi_n":2,"damage_gra":"Destroyed","simplified":"Residential","fuente":"Copernicus EMSR927 GRA"},"geometry":{"type":"Point","coordinates":[85.36633795,28.25227124]}},{"type":"Feature","properties":{"clase":"emsr_edificio","aoi":"Timure","aoi_n":2,"damage_gra":"Destroyed","simplified":"Residential","fuente":"Copernicus EMSR927 GRA"},"geometry":{"type":"Point","coordinates":[85.36612152,28.25237612]}},{"type":"Feature","properties":{"clase":"emsr_edificio","aoi":"Timure","aoi_n":2,"damage_gra":"Destroyed","simplified":"Unclassified","fuente":"Copernicus EMSR927 GRA"},"geometry":{"type":"Point","coordinates":[85.36614023,28.25248541]}},{"type":"Feature","properties":{"clase":"emsr_edificio","aoi":"Timure","aoi_n":2,"damage_gra":"Destroyed","simplified":"Residential","fuente":"Copernicus EMSR927 GRA"},"geometry":{"type":"Point","coordinates":[85.3661678,28.25270737]}},{"type":"Feature","properties":{"clase":"emsr_edificio","aoi":"Timure","aoi_n":2,"damage_gra":"Destroyed","simplified":"Residential","fuente":"Copernicus EMSR927 GRA"},"geometry":{"type":"Point","coordinates":[85.36624603,28.25281298]}},{"type":"Feature","properties":{"clase":"emsr_edificio","aoi":"Timure","aoi_n":2,"damage_gra":"Destroyed","simplified":"Unclassified","fuente":"Copernicus EMSR927 GRA"},"geometry":{"type":"Point","coordinates":[85.36645476,28.25283447]}},{"type":"Feature","properties":{"clase":"emsr_edificio","aoi":"Timure","aoi_n":2,"damage_gra":"Destroyed","simplified":"Residential","fuente":"Copernicus EMSR927 GRA"},"geometry":{"type":"Point","coordinates":[85.36626722,28.25296186]}},{"type":"Feature","properties":{"clase":"emsr_edificio","aoi":"Timure","aoi_n":2,"damage_gra":"Destroyed","simplified":"Residential","fuente":"Copernicus EMSR927 GRA"},"geometry":{"type":"Point","coordinates":[85.36626233,28.25311441]}},{"type":"Feature","properties":{"clase":"emsr_edificio","aoi":"Timure","aoi_n":2,"damage_gra":"Destroyed","simplified":"Residential","fuente":"Copernicus EMSR927 GRA"},"geometry":{"type":"Point","coordinates":[85.36462472,28.25281689]}},{"type":"Feature","properties":{"clase":"emsr_edificio","aoi":"Timure","aoi_n":2,"damage_gra":"Destroyed","simplified":"Unclassified","fuente":"Copernicus EMSR927 GRA"},"geometry":{"type":"Point","coordinates":[85.36603162,28.25284387]}},{"type":"Feature","properties":{"clase":"emsr_edificio","aoi":"Timure","aoi_n":2,"damage_gra":"Destroyed","simplified":"Residential","fuente":"Copernicus EMSR927 GRA"},"geometry":{"type":"Point","coordinates":[85.36463254,28.25288339]}},{"type":"Feature","properties":{"clase":"emsr_edificio","aoi":"Timure","aoi_n":2,"damage_gra":"Destroyed","simplified":"Residential","fuente":"Copernicus EMSR927 GRA"},"geometry":{"type":"Point","coordinates":[85.36590608,28.25295268]}},{"type":"Feature","properties":{"clase":"emsr_edificio","aoi":"Timure","aoi_n":2,"damage_gra":"Destroyed","simplified":"Residential","fuente":"Copernicus EMSR927 GRA"},"geometry":{"type":"Point","coordinates":[85.36461494,28.25295966]}},{"type":"Feature","properties":{"clase":"emsr_edificio","aoi":"Timure","aoi_n":2,"damage_gra":"Destroyed","simplified":"Unclassified","fuente":"Copernicus EMSR927 GRA"},"geometry":{"type":"Point","coordinates":[85.3656759,28.25305058]}},{"type":"Feature","properties":{"clase":"emsr_edificio","aoi":"Timure","aoi_n":2,"damage_gra":"Destroyed","simplified":"Residential","fuente":"Copernicus EMSR927 GRA"},"geometry":{"type":"Point","coordinates":[85.36467361,28.25305158]}},{"type":"Feature","properties":{"clase":"emsr_edificio","aoi":"Timure","aoi_n":2,"damage_gra":"Destroyed","simplified":"Unclassified","fuente":"Copernicus EMSR927 GRA"},"geometry":{"type":"Point","coordinates":[85.36609991,28.25317721]}},{"type":"Feature","properties":{"clase":"emsr_edificio","aoi":"Timure","aoi_n":2,"damage_gra":"Destroyed","simplified":"Residential","fuente":"Copernicus EMSR927 GRA"},"geometry":{"type":"Point","coordinates":[85.36596404,28.25318261]}},{"type":"Feature","properties":{"clase":"emsr_edificio","aoi":"Timure","aoi_n":2,"damage_gra":"Destroyed","simplified":"Unclassified","fuente":"Copernicus EMSR927 GRA"},"geometry":{"type":"Point","coordinates":[85.36457241,28.25327629]}},{"type":"Feature","properties":{"clase":"emsr_edificio","aoi":"Timure","aoi_n":2,"damage_gra":"Destroyed","simplified":"Residential","fuente":"Copernicus EMSR927 GRA"},"geometry":{"type":"Point","coordinates":[85.36641683,28.25326403]}},{"type":"Feature","properties":{"clase":"emsr_edificio","aoi":"Timure","aoi_n":2,"damage_gra":"Destroyed","simplified":"Residential","fuente":"Copernicus EMSR927 GRA"},"geometry":{"type":"Point","coordinates":[85.36630633,28.25327283]}},{"type":"Feature","properties":{"clase":"emsr_edificio","aoi":"Timure","aoi_n":2,"damage_gra":"Destroyed","simplified":"Unclassified","fuente":"Copernicus EMSR927 GRA"},"geometry":{"type":"Point","coordinates":[85.36638314,28.25334453]}},{"type":"Feature","properties":{"clase":"emsr_edificio","aoi":"Timure","aoi_n":2,"damage_gra":"Destroyed","simplified":"Unclassified","fuente":"Copernicus EMSR927 GRA"},"geometry":{"type":"Point","coordinates":[85.36620171,28.25336507]}},{"type":"Feature","properties":{"clase":"emsr_edificio","aoi":"Timure","aoi_n":2,"damage_gra":"Destroyed","simplified":"Residential","fuente":"Copernicus EMSR927 GRA"},"geometry":{"type":"Point","coordinates":[85.36610522,28.25339384]}},{"type":"Feature","properties":{"clase":"emsr_edificio","aoi":"Timure","aoi_n":2,"damage_gra":"Destroyed","simplified":"Unclassified","fuente":"Copernicus EMSR927 GRA"},"geometry":{"type":"Point","coordinates":[85.36629621,28.25345842]}},{"type":"Feature","properties":{"clase":"emsr_edificio","aoi":"Timure","aoi_n":2,"damage_gra":"Destroyed","simplified":"Unclassified","fuente":"Copernicus EMSR927 GRA"},"geometry":{"type":"Point","coordinates":[85.3664484,28.25349065]}},{"type":"Feature","properties":{"clase":"emsr_edificio","aoi":"Timure","aoi_n":2,"damage_gra":"Destroyed","simplified":"Unclassified","fuente":"Copernicus EMSR927 GRA"},"geometry":{"type":"Point","coordinates":[85.36619778,28.25350823]}},{"type":"Feature","properties":{"clase":"emsr_edificio","aoi":"Timure","aoi_n":2,"damage_gra":"Destroyed","simplified":"Unclassified","fuente":"Copernicus EMSR927 GRA"},"geometry":{"type":"Point","coordinates":[85.36629435,28.25351017]}},{"type":"Feature","properties":{"clase":"emsr_edificio","aoi":"Timure","aoi_n":2,"damage_gra":"Destroyed","simplified":"Unclassified","fuente":"Copernicus EMSR927 GRA"},"geometry":{"type":"Point","coordinates":[85.36614947,28.2535645]}},{"type":"Feature","properties":{"clase":"emsr_edificio","aoi":"Timure","aoi_n":2,"damage_gra":"Destroyed","simplified":"Unclassified","fuente":"Copernicus EMSR927 GRA"},"geometry":{"type":"Point","coordinates":[85.36633171,28.25360373]}},{"type":"Feature","properties":{"clase":"emsr_edificio","aoi":"Timure","aoi_n":2,"damage_gra":"Destroyed","simplified":"Unclassified","fuente":"Copernicus EMSR927 GRA"},"geometry":{"type":"Point","coordinates":[85.36640966,28.25360867]}},{"type":"Feature","properties":{"clase":"emsr_edificio","aoi":"Timure","aoi_n":2,"damage_gra":"Destroyed","simplified":"Unclassified","fuente":"Copernicus EMSR927 GRA"},"geometry":{"type":"Point","coordinates":[85.36641745,28.2536811]}},{"type":"Feature","properties":{"clase":"emsr_edificio","aoi":"Timure","aoi_n":2,"damage_gra":"Destroyed","simplified":"Unclassified","fuente":"Copernicus EMSR927 GRA"},"geometry":{"type":"Point","coordinates":[85.36621827,28.25370757]}},{"type":"Feature","properties":{"clase":"emsr_edificio","aoi":"Timure","aoi_n":2,"damage_gra":"Destroyed","simplified":"Residential","fuente":"Copernicus EMSR927 GRA"},"geometry":{"type":"Point","coordinates":[85.36613814,28.25372656]}},{"type":"Feature","properties":{"clase":"emsr_edificio","aoi":"Timure","aoi_n":2,"damage_gra":"Destroyed","simplified":"Residential","fuente":"Copernicus EMSR927 GRA"},"geometry":{"type":"Point","coordinates":[85.36620757,28.25381946]}},{"type":"Feature","properties":{"clase":"emsr_edificio","aoi":"Timure","aoi_n":2,"damage_gra":"Destroyed","simplified":"Residential","fuente":"Copernicus EMSR927 GRA"},"geometry":{"type":"Point","coordinates":[85.36643835,28.25386835]}},{"type":"Feature","properties":{"clase":"emsr_edificio","aoi":"Timure","aoi_n":2,"damage_gra":"Destroyed","simplified":"Unclassified","fuente":"Copernicus EMSR927 GRA"},"geometry":{"type":"Point","coordinates":[85.36612107,28.25387359]}},{"type":"Feature","properties":{"clase":"emsr_edificio","aoi":"Timure","aoi_n":2,"damage_gra":"Destroyed","simplified":"Unclassified","fuente":"Copernicus EMSR927 GRA"},"geometry":{"type":"Point","coordinates":[85.36623428,28.25391916]}},{"type":"Feature","properties":{"clase":"emsr_edificio","aoi":"Timure","aoi_n":2,"damage_gra":"Destroyed","simplified":"Unclassified","fuente":"Copernicus EMSR927 GRA"},"geometry":{"type":"Point","coordinates":[85.36630685,28.25394405]}},{"type":"Feature","properties":{"clase":"emsr_edificio","aoi":"Timure","aoi_n":2,"damage_gra":"Destroyed","simplified":"Residential","fuente":"Copernicus EMSR927 GRA"},"geometry":{"type":"Point","coordinates":[85.3665332,28.25116942]}},{"type":"Feature","properties":{"clase":"emsr_edificio","aoi":"Timure","aoi_n":2,"damage_gra":"Destroyed","simplified":"Unclassified","fuente":"Copernicus EMSR927 GRA"},"geometry":{"type":"Point","coordinates":[85.3665434,28.25203405]}},{"type":"Feature","properties":{"clase":"emsr_edificio","aoi":"Timure","aoi_n":2,"damage_gra":"Destroyed","simplified":"Residential","fuente":"Copernicus EMSR927 GRA"},"geometry":{"type":"Point","coordinates":[85.36667499,28.25205244]}},{"type":"Feature","properties":{"clase":"emsr_edificio","aoi":"Timure","aoi_n":2,"damage_gra":"Destroyed","simplified":"Residential","fuente":"Copernicus EMSR927 GRA"},"geometry":{"type":"Point","coordinates":[85.36672975,28.25208276]}},{"type":"Feature","properties":{"clase":"emsr_edificio","aoi":"Timure","aoi_n":2,"damage_gra":"Destroyed","simplified":"Unclassified","fuente":"Copernicus EMSR927 GRA"},"geometry":{"type":"Point","coordinates":[85.36669794,28.25210473]}},{"type":"Feature","properties":{"clase":"emsr_edificio","aoi":"Timure","aoi_n":2,"damage_gra":"Destroyed","simplified":"Residential","fuente":"Copernicus EMSR927 GRA"},"geometry":{"type":"Point","coordinates":[85.36663588,28.25211209]}},{"type":"Feature","properties":{"clase":"emsr_edificio","aoi":"Timure","aoi_n":2,"damage_gra":"Destroyed","simplified":"Residential","fuente":"Copernicus EMSR927 GRA"},"geometry":{"type":"Point","coordinates":[85.36667499,28.25215121]}},{"type":"Feature","properties":{"clase":"emsr_edificio","aoi":"Timure","aoi_n":2,"damage_gra":"Destroyed","simplified":"Residential","fuente":"Copernicus EMSR927 GRA"},"geometry":{"type":"Point","coordinates":[85.36671802,28.25215512]}},{"type":"Feature","properties":{"clase":"emsr_edificio","aoi":"Timure","aoi_n":2,"damage_gra":"Destroyed","simplified":"Residential","fuente":"Copernicus EMSR927 GRA"},"geometry":{"type":"Point","coordinates":[85.36665739,28.25237807]}},{"type":"Feature","properties":{"clase":"emsr_edificio","aoi":"Timure","aoi_n":2,"damage_gra":"Destroyed","simplified":"Unclassified","fuente":"Copernicus EMSR927 GRA"},"geometry":{"type":"Point","coordinates":[85.3667173,28.2525711]}},{"type":"Feature","properties":{"clase":"emsr_edificio","aoi":"Timure","aoi_n":2,"damage_gra":"Destroyed","simplified":"Unclassified","fuente":"Copernicus EMSR927 GRA"},"geometry":{"type":"Point","coordinates":[85.36678295,28.25198037]}},{"type":"Feature","properties":{"clase":"emsr_edificio","aoi":"Timure","aoi_n":2,"damage_gra":"Damaged","simplified":"Unclassified","fuente":"Copernicus EMSR927 GRA"},"geometry":{"type":"Point","coordinates":[85.36697425,28.2522526]}},{"type":"Feature","properties":{"clase":"emsr_edificio","aoi":"Timure","aoi_n":2,"damage_gra":"Destroyed","simplified":"Unclassified","fuente":"Copernicus EMSR927 GRA"},"geometry":{"type":"Point","coordinates":[85.36694395,28.25241687]}},{"type":"Feature","properties":{"clase":"emsr_edificio","aoi":"Timure","aoi_n":2,"damage_gra":"Destroyed","simplified":"Unclassified","fuente":"Copernicus EMSR927 GRA"},"geometry":{"type":"Point","coordinates":[85.36677108,28.25267591]}},{"type":"Feature","properties":{"clase":"emsr_edificio","aoi":"Timure","aoi_n":2,"damage_gra":"Possibly damaged","simplified":"Residential","fuente":"Copernicus EMSR927 GRA"},"geometry":{"type":"Point","coordinates":[85.36701751,28.25273261]}},{"type":"Feature","properties":{"clase":"emsr_edificio","aoi":"Timure","aoi_n":2,"damage_gra":"Damaged","simplified":"Residential","fuente":"Copernicus EMSR927 GRA"},"geometry":{"type":"Point","coordinates":[85.36694716,28.25275991]}},{"type":"Feature","properties":{"clase":"emsr_edificio","aoi":"Timure","aoi_n":2,"damage_gra":"Damaged","simplified":"Residential","fuente":"Copernicus EMSR927 GRA"},"geometry":{"type":"Point","coordinates":[85.36694381,28.25284056]}},{"type":"Feature","properties":{"clase":"emsr_edificio","aoi":"Timure","aoi_n":2,"damage_gra":"Damaged","simplified":"Unclassified","fuente":"Copernicus EMSR927 GRA"},"geometry":{"type":"Point","coordinates":[85.36690965,28.25290845]}},{"type":"Feature","properties":{"clase":"emsr_edificio","aoi":"Timure","aoi_n":2,"damage_gra":"Possibly damaged","simplified":"Residential","fuente":"Copernicus EMSR927 GRA"},"geometry":{"type":"Point","coordinates":[85.36700747,28.25300007]}},{"type":"Feature","properties":{"clase":"emsr_edificio","aoi":"Timure","aoi_n":2,"damage_gra":"Damaged","simplified":"Unclassified","fuente":"Copernicus EMSR927 GRA"},"geometry":{"type":"Point","coordinates":[85.36694697,28.25332848]}},{"type":"Feature","properties":{"clase":"emsr_edificio","aoi":"Timure","aoi_n":2,"damage_gra":"Destroyed","simplified":"Unclassified","fuente":"Copernicus EMSR927 GRA"},"geometry":{"type":"Point","coordinates":[85.3664864,28.25265837]}},{"type":"Feature","properties":{"clase":"emsr_edificio","aoi":"Timure","aoi_n":2,"damage_gra":"Destroyed","simplified":"Unclassified","fuente":"Copernicus EMSR927 GRA"},"geometry":{"type":"Point","coordinates":[85.36663795,28.25268695]}},{"type":"Feature","properties":{"clase":"emsr_edificio","aoi":"Timure","aoi_n":2,"damage_gra":"Destroyed","simplified":"Unclassified","fuente":"Copernicus EMSR927 GRA"},"geometry":{"type":"Point","coordinates":[85.36651975,28.25296019]}},{"type":"Feature","properties":{"clase":"emsr_edificio","aoi":"Timure","aoi_n":2,"damage_gra":"Destroyed","simplified":"Unclassified","fuente":"Copernicus EMSR927 GRA"},"geometry":{"type":"Point","coordinates":[85.3665418,28.25303366]}},{"type":"Feature","properties":{"clase":"emsr_edificio","aoi":"Timure","aoi_n":2,"damage_gra":"Destroyed","simplified":"Unclassified","fuente":"Copernicus EMSR927 GRA"},"geometry":{"type":"Point","coordinates":[85.36655665,28.2531136]}},{"type":"Feature","properties":{"clase":"emsr_edificio","aoi":"Timure","aoi_n":2,"damage_gra":"Destroyed","simplified":"Unclassified","fuente":"Copernicus EMSR927 GRA"},"geometry":{"type":"Point","coordinates":[85.36669958,28.2531219]}},{"type":"Feature","properties":{"clase":"emsr_edificio","aoi":"Timure","aoi_n":2,"damage_gra":"Destroyed","simplified":"Residential","fuente":"Copernicus EMSR927 GRA"},"geometry":{"type":"Point","coordinates":[85.36672486,28.25315255]}},{"type":"Feature","properties":{"clase":"emsr_edificio","aoi":"Timure","aoi_n":2,"damage_gra":"Destroyed","simplified":"Unclassified","fuente":"Copernicus EMSR927 GRA"},"geometry":{"type":"Point","coordinates":[85.36655959,28.25321838]}},{"type":"Feature","properties":{"clase":"emsr_edificio","aoi":"Timure","aoi_n":2,"damage_gra":"Destroyed","simplified":"Unclassified","fuente":"Copernicus EMSR927 GRA"},"geometry":{"type":"Point","coordinates":[85.366513,28.2533412]}},{"type":"Feature","properties":{"clase":"emsr_edificio","aoi":"Timure","aoi_n":2,"damage_gra":"Destroyed","simplified":"Residential","fuente":"Copernicus EMSR927 GRA"},"geometry":{"type":"Point","coordinates":[85.36674638,28.25344493]}},{"type":"Feature","properties":{"clase":"emsr_edificio","aoi":"Timure","aoi_n":2,"damage_gra":"Damaged","simplified":"Residential","fuente":"Copernicus EMSR927 GRA"},"geometry":{"type":"Point","coordinates":[85.36695845,28.25344114]}},{"type":"Feature","properties":{"clase":"emsr_edificio","aoi":"Timure","aoi_n":2,"damage_gra":"Destroyed","simplified":"Unclassified","fuente":"Copernicus EMSR927 GRA"},"geometry":{"type":"Point","coordinates":[85.3668003,28.25347785]}},{"type":"Feature","properties":{"clase":"emsr_edificio","aoi":"Timure","aoi_n":2,"damage_gra":"Destroyed","simplified":"Unclassified","fuente":"Copernicus EMSR927 GRA"},"geometry":{"type":"Point","coordinates":[85.3668149,28.25375977]}},{"type":"Feature","properties":{"clase":"emsr_edificio","aoi":"Timure","aoi_n":2,"damage_gra":"Destroyed","simplified":"Residential","fuente":"Copernicus EMSR927 GRA"},"geometry":{"type":"Point","coordinates":[85.36683121,28.25378548]}},{"type":"Feature","properties":{"clase":"emsr_edificio","aoi":"Timure","aoi_n":2,"damage_gra":"Damaged","simplified":"Residential","fuente":"Copernicus EMSR927 GRA"},"geometry":{"type":"Point","coordinates":[85.36697642,28.25384415]}},{"type":"Feature","properties":{"clase":"emsr_edificio","aoi":"Timure","aoi_n":2,"damage_gra":"Destroyed","simplified":"Residential","fuente":"Copernicus EMSR927 GRA"},"geometry":{"type":"Point","coordinates":[85.36690308,28.25386615]}},{"type":"Feature","properties":{"clase":"emsr_edificio","aoi":"Timure","aoi_n":2,"damage_gra":"Destroyed","simplified":"Residential","fuente":"Copernicus EMSR927 GRA"},"geometry":{"type":"Point","coordinates":[85.36675787,28.25388816]}},{"type":"Feature","properties":{"clase":"emsr_edificio","aoi":"Timure","aoi_n":2,"damage_gra":"Damaged","simplified":"Residential","fuente":"Copernicus EMSR927 GRA"},"geometry":{"type":"Point","coordinates":[85.36696322,28.25389109]}},{"type":"Feature","properties":{"clase":"emsr_edificio","aoi":"Timure","aoi_n":2,"damage_gra":"Destroyed","simplified":"Residential","fuente":"Copernicus EMSR927 GRA"},"geometry":{"type":"Point","coordinates":[85.36681654,28.25390576]}},{"type":"Feature","properties":{"clase":"emsr_edificio","aoi":"Timure","aoi_n":2,"damage_gra":"Destroyed","simplified":"Residential","fuente":"Copernicus EMSR927 GRA"},"geometry":{"type":"Point","coordinates":[85.36682885,28.25402359]}},{"type":"Feature","properties":{"clase":"emsr_edificio","aoi":"Timure","aoi_n":2,"damage_gra":"Destroyed","simplified":"Residential","fuente":"Copernicus EMSR927 GRA"},"geometry":{"type":"Point","coordinates":[85.36672095,28.25354663]}},{"type":"Feature","properties":{"clase":"emsr_edificio","aoi":"Timure","aoi_n":2,"damage_gra":"Destroyed","simplified":"Unclassified","fuente":"Copernicus EMSR927 GRA"},"geometry":{"type":"Point","coordinates":[85.36663235,28.25360755]}},{"type":"Feature","properties":{"clase":"emsr_edificio","aoi":"Timure","aoi_n":2,"damage_gra":"Destroyed","simplified":"Residential","fuente":"Copernicus EMSR927 GRA"},"geometry":{"type":"Point","coordinates":[85.36652342,28.25363855]}},{"type":"Feature","properties":{"clase":"emsr_edificio","aoi":"Timure","aoi_n":2,"damage_gra":"Destroyed","simplified":"Unclassified","fuente":"Copernicus EMSR927 GRA"},"geometry":{"type":"Point","coordinates":[85.36672905,28.25366415]}},{"type":"Feature","properties":{"clase":"emsr_edificio","aoi":"Timure","aoi_n":2,"damage_gra":"Destroyed","simplified":"Residential","fuente":"Copernicus EMSR927 GRA"},"geometry":{"type":"Point","coordinates":[85.36658992,28.25369625]}},{"type":"Feature","properties":{"clase":"emsr_edificio","aoi":"Timure","aoi_n":2,"damage_gra":"Destroyed","simplified":"Residential","fuente":"Copernicus EMSR927 GRA"},"geometry":{"type":"Point","coordinates":[85.36660459,28.25378621]}},{"type":"Feature","properties":{"clase":"emsr_edificio","aoi":"Timure","aoi_n":2,"damage_gra":"Destroyed","simplified":"Unclassified","fuente":"Copernicus EMSR927 GRA"},"geometry":{"type":"Point","coordinates":[85.36674281,28.2537984]}},{"type":"Feature","properties":{"clase":"emsr_edificio","aoi":"Timure","aoi_n":2,"damage_gra":"Destroyed","simplified":"Unclassified","fuente":"Copernicus EMSR927 GRA"},"geometry":{"type":"Point","coordinates":[85.36652273,28.25382151]}},{"type":"Feature","properties":{"clase":"emsr_edificio","aoi":"Timure","aoi_n":2,"damage_gra":"Destroyed","simplified":"Residential","fuente":"Copernicus EMSR927 GRA"},"geometry":{"type":"Point","coordinates":[85.36654787,28.25394756]}},{"type":"Feature","properties":{"clase":"emsr_edificio","aoi":"Timure","aoi_n":2,"damage_gra":"Destroyed","simplified":"Unclassified","fuente":"Copernicus EMSR927 GRA"},"geometry":{"type":"Point","coordinates":[85.36652615,28.25401253]}},{"type":"Feature","properties":{"clase":"emsr_edificio","aoi":"Timure","aoi_n":2,"damage_gra":"Possibly damaged","simplified":"Non residential","fuente":"Copernicus EMSR927 GRA"},"geometry":{"type":"Point","coordinates":[85.3679105,28.2530405]}},{"type":"Feature","properties":{"clase":"emsr_edificio","aoi":"Timure","aoi_n":2,"damage_gra":"Possibly damaged","simplified":"Non residential","fuente":"Copernicus EMSR927 GRA"},"geometry":{"type":"Point","coordinates":[85.36785234,28.25325935]}},{"type":"Feature","properties":{"clase":"emsr_edificio","aoi":"Timure","aoi_n":2,"damage_gra":"Possibly damaged","simplified":"Residential","fuente":"Copernicus EMSR927 GRA"},"geometry":{"type":"Point","coordinates":[85.36713558,28.25374543]}},{"type":"Feature","properties":{"clase":"emsr_edificio","aoi":"Timure","aoi_n":2,"damage_gra":"Damaged","simplified":"Residential","fuente":"Copernicus EMSR927 GRA"},"geometry":{"type":"Point","coordinates":[85.36727056,28.25392718]}},{"type":"Feature","properties":{"clase":"emsr_edificio","aoi":"Timure","aoi_n":2,"damage_gra":"Damaged","simplified":"Residential","fuente":"Copernicus EMSR927 GRA"},"geometry":{"type":"Point","coordinates":[85.36714849,28.25398765]}},{"type":"Feature","properties":{"clase":"emsr_edificio","aoi":"Timure","aoi_n":2,"damage_gra":"Possibly damaged","simplified":"Residential","fuente":"Copernicus EMSR927 GRA"},"geometry":{"type":"Point","coordinates":[85.36728084,28.2540868]}},{"type":"Feature","properties":{"clase":"emsr_edificio","aoi":"Timure","aoi_n":2,"damage_gra":"Possibly damaged","simplified":"Residential","fuente":"Copernicus EMSR927 GRA"},"geometry":{"type":"Point","coordinates":[85.36743747,28.25465537]}},{"type":"Feature","properties":{"clase":"emsr_edificio","aoi":"Timure","aoi_n":2,"damage_gra":"Possibly damaged","simplified":"Residential","fuente":"Copernicus EMSR927 GRA"},"geometry":{"type":"Point","coordinates":[85.36719965,28.2546863]}},{"type":"Feature","properties":{"clase":"emsr_edificio","aoi":"Timure","aoi_n":2,"damage_gra":"Destroyed","simplified":"Residential","fuente":"Copernicus EMSR927 GRA"},"geometry":{"type":"Point","coordinates":[85.36711438,28.25474722]}},{"type":"Feature","properties":{"clase":"emsr_edificio","aoi":"Timure","aoi_n":2,"damage_gra":"Destroyed","simplified":"Residential","fuente":"Copernicus EMSR927 GRA"},"geometry":{"type":"Point","coordinates":[85.3671209,28.25493106]}},{"type":"Feature","properties":{"clase":"emsr_edificio","aoi":"Timure","aoi_n":2,"damage_gra":"Destroyed","simplified":"Residential","fuente":"Copernicus EMSR927 GRA"},"geometry":{"type":"Point","coordinates":[85.3670439,28.25405684]}},{"type":"Feature","properties":{"clase":"emsr_edificio","aoi":"Timure","aoi_n":2,"damage_gra":"Destroyed","simplified":"Residential","fuente":"Copernicus EMSR927 GRA"},"geometry":{"type":"Point","coordinates":[85.36684058,28.25410573]}},{"type":"Feature","properties":{"clase":"emsr_edificio","aoi":"Timure","aoi_n":2,"damage_gra":"Destroyed","simplified":"Residential","fuente":"Copernicus EMSR927 GRA"},"geometry":{"type":"Point","coordinates":[85.36684645,28.25418983]}},{"type":"Feature","properties":{"clase":"emsr_edificio","aoi":"Timure","aoi_n":2,"damage_gra":"Destroyed","simplified":"Residential","fuente":"Copernicus EMSR927 GRA"},"geometry":{"type":"Point","coordinates":[85.36677604,28.25419961]}},{"type":"Feature","properties":{"clase":"emsr_edificio","aoi":"Timure","aoi_n":2,"damage_gra":"Destroyed","simplified":"Residential","fuente":"Copernicus EMSR927 GRA"},"geometry":{"type":"Point","coordinates":[85.3670835,28.25427833]}},{"type":"Feature","properties":{"clase":"emsr_edificio","aoi":"Timure","aoi_n":2,"damage_gra":"Damaged","simplified":"Residential","fuente":"Copernicus EMSR927 GRA"},"geometry":{"type":"Point","coordinates":[85.36689852,28.25428302]}},{"type":"Feature","properties":{"clase":"emsr_edificio","aoi":"Timure","aoi_n":2,"damage_gra":"Damaged","simplified":"Residential","fuente":"Copernicus EMSR927 GRA"},"geometry":{"type":"Point","coordinates":[85.36684881,28.25434873]}},{"type":"Feature","properties":{"clase":"emsr_edificio","aoi":"Timure","aoi_n":2,"damage_gra":"Destroyed","simplified":"Residential","fuente":"Copernicus EMSR927 GRA"},"geometry":{"type":"Point","coordinates":[85.36702189,28.25440887]}},{"type":"Feature","properties":{"clase":"emsr_edificio","aoi":"Timure","aoi_n":2,"damage_gra":"Destroyed","simplified":"Residential","fuente":"Copernicus EMSR927 GRA"},"geometry":{"type":"Point","coordinates":[85.36690903,28.25450666]}},{"type":"Feature","properties":{"clase":"emsr_edificio","aoi":"Timure","aoi_n":2,"damage_gra":"Damaged","simplified":"Residential","fuente":"Copernicus EMSR927 GRA"},"geometry":{"type":"Point","coordinates":[85.36701374,28.25450957]}},{"type":"Feature","properties":{"clase":"emsr_edificio","aoi":"Timure","aoi_n":2,"damage_gra":"Destroyed","simplified":"Unclassified","fuente":"Copernicus EMSR927 GRA"},"geometry":{"type":"Point","coordinates":[85.3666989,28.2545982]}},{"type":"Feature","properties":{"clase":"emsr_edificio","aoi":"Timure","aoi_n":2,"damage_gra":"Destroyed","simplified":"Unclassified","fuente":"Copernicus EMSR927 GRA"},"geometry":{"type":"Point","coordinates":[85.36660255,28.25462615]}},{"type":"Feature","properties":{"clase":"emsr_edificio","aoi":"Timure","aoi_n":2,"damage_gra":"Destroyed","simplified":"Residential","fuente":"Copernicus EMSR927 GRA"},"geometry":{"type":"Point","coordinates":[85.36652978,28.25467143]}},{"type":"Feature","properties":{"clase":"emsr_edificio","aoi":"Timure","aoi_n":2,"damage_gra":"Destroyed","simplified":"Residential","fuente":"Copernicus EMSR927 GRA"},"geometry":{"type":"Point","coordinates":[85.3667256,28.25475504]}},{"type":"Feature","properties":{"clase":"emsr_edificio","aoi":"Timure","aoi_n":2,"damage_gra":"Destroyed","simplified":"Unclassified","fuente":"Copernicus EMSR927 GRA"},"geometry":{"type":"Point","coordinates":[85.36655417,28.25476419]}},{"type":"Feature","properties":{"clase":"emsr_edificio","aoi":"Timure","aoi_n":2,"damage_gra":"Destroyed","simplified":"Unclassified","fuente":"Copernicus EMSR927 GRA"},"geometry":{"type":"Point","coordinates":[85.36658244,28.25490478]}},{"type":"Feature","properties":{"clase":"emsr_edificio","aoi":"Timure","aoi_n":2,"damage_gra":"Destroyed","simplified":"Residential","fuente":"Copernicus EMSR927 GRA"},"geometry":{"type":"Point","coordinates":[85.3667212,28.2549868]}},{"type":"Feature","properties":{"clase":"emsr_edificio","aoi":"Timure","aoi_n":2,"damage_gra":"Destroyed","simplified":"Residential","fuente":"Copernicus EMSR927 GRA"},"geometry":{"type":"Point","coordinates":[85.36665959,28.25501613]}},{"type":"Feature","properties":{"clase":"emsr_edificio","aoi":"Timure","aoi_n":2,"damage_gra":"Destroyed","simplified":"Unclassified","fuente":"Copernicus EMSR927 GRA"},"geometry":{"type":"Point","coordinates":[85.3666945,28.255045]}},{"type":"Feature","properties":{"clase":"emsr_edificio","aoi":"Timure","aoi_n":2,"damage_gra":"Destroyed","simplified":"Unclassified","fuente":"Copernicus EMSR927 GRA"},"geometry":{"type":"Point","coordinates":[85.3666357,28.25506613]}},{"type":"Feature","properties":{"clase":"emsr_edificio","aoi":"Timure","aoi_n":2,"damage_gra":"Destroyed","simplified":"Residential","fuente":"Copernicus EMSR927 GRA"},"geometry":{"type":"Point","coordinates":[85.36703224,28.25458489]}},{"type":"Feature","properties":{"clase":"emsr_edificio","aoi":"Timure","aoi_n":2,"damage_gra":"Destroyed","simplified":"Unclassified","fuente":"Copernicus EMSR927 GRA"},"geometry":{"type":"Point","coordinates":[85.36690365,28.25459055]}},{"type":"Feature","properties":{"clase":"emsr_edificio","aoi":"Timure","aoi_n":2,"damage_gra":"Destroyed","simplified":"Residential","fuente":"Copernicus EMSR927 GRA"},"geometry":{"type":"Point","coordinates":[85.36688181,28.25475357]}},{"type":"Feature","properties":{"clase":"emsr_edificio","aoi":"Timure","aoi_n":2,"damage_gra":"Damaged","simplified":"Residential","fuente":"Copernicus EMSR927 GRA"},"geometry":{"type":"Point","coordinates":[85.36704833,28.25488152]}},{"type":"Feature","properties":{"clase":"emsr_edificio","aoi":"Timure","aoi_n":2,"damage_gra":"Destroyed","simplified":"Unclassified","fuente":"Copernicus EMSR927 GRA"},"geometry":{"type":"Point","coordinates":[85.366989,28.254945]}},{"type":"Feature","properties":{"clase":"emsr_edificio","aoi":"Timure","aoi_n":2,"damage_gra":"Destroyed","simplified":"Residential","fuente":"Copernicus EMSR927 GRA"},"geometry":{"type":"Point","coordinates":[85.36681947,28.25494573]}},{"type":"Feature","properties":{"clase":"emsr_edificio","aoi":"Timure","aoi_n":2,"damage_gra":"Damaged","simplified":"Residential","fuente":"Copernicus EMSR927 GRA"},"geometry":{"type":"Point","coordinates":[85.36706188,28.25496612]}},{"type":"Feature","properties":{"clase":"emsr_edificio","aoi":"Timure","aoi_n":2,"damage_gra":"Destroyed","simplified":"Residential","fuente":"Copernicus EMSR927 GRA"},"geometry":{"type":"Point","coordinates":[85.36689868,28.25499853]}},{"type":"Feature","properties":{"clase":"emsr_edificio","aoi":"Timure","aoi_n":2,"damage_gra":"Destroyed","simplified":"Unclassified","fuente":"Copernicus EMSR927 GRA"},"geometry":{"type":"Point","coordinates":[85.36682637,28.25507649]}},{"type":"Feature","properties":{"clase":"emsr_edificio","aoi":"Timure","aoi_n":2,"damage_gra":"Destroyed","simplified":"Residential","fuente":"Copernicus EMSR927 GRA"},"geometry":{"type":"Point","coordinates":[85.36709743,28.25512321]}},{"type":"Feature","properties":{"clase":"emsr_edificio","aoi":"Timure","aoi_n":2,"damage_gra":"Damaged","simplified":"Residential","fuente":"Copernicus EMSR927 GRA"},"geometry":{"type":"Point","coordinates":[85.36728521,28.2549591]}},{"type":"Feature","properties":{"clase":"emsr_edificio","aoi":"Timure","aoi_n":2,"damage_gra":"Damaged","simplified":"Residential","fuente":"Copernicus EMSR927 GRA"},"geometry":{"type":"Point","coordinates":[85.36720451,28.25496479]}},{"type":"Feature","properties":{"clase":"emsr_edificio","aoi":"Timure","aoi_n":2,"damage_gra":"Damaged","simplified":"Residential","fuente":"Copernicus EMSR927 GRA"},"geometry":{"type":"Point","coordinates":[85.36727971,28.2550416]}},{"type":"Feature","properties":{"clase":"emsr_edificio","aoi":"Timure","aoi_n":2,"damage_gra":"Damaged","simplified":"Residential","fuente":"Copernicus EMSR927 GRA"},"geometry":{"type":"Point","coordinates":[85.36724278,28.25505491]}},{"type":"Feature","properties":{"clase":"emsr_edificio","aoi":"Timure","aoi_n":2,"damage_gra":"Destroyed","simplified":"Residential","fuente":"Copernicus EMSR927 GRA"},"geometry":{"type":"Point","coordinates":[85.36721625,28.25511148]}},{"type":"Feature","properties":{"clase":"emsr_edificio","aoi":"Timure","aoi_n":2,"damage_gra":"Damaged","simplified":"Residential","fuente":"Copernicus EMSR927 GRA"},"geometry":{"type":"Point","coordinates":[85.36719131,28.25520975]}},{"type":"Feature","properties":{"clase":"emsr_edificio","aoi":"Timure","aoi_n":2,"damage_gra":"Possibly damaged","simplified":"Residential","fuente":"Copernicus EMSR927 GRA"},"geometry":{"type":"Point","coordinates":[85.36733689,28.25526292]}},{"type":"Feature","properties":{"clase":"emsr_edificio","aoi":"Timure","aoi_n":2,"damage_gra":"Possibly damaged","simplified":"Residential","fuente":"Copernicus EMSR927 GRA"},"geometry":{"type":"Point","coordinates":[85.36759652,28.25528713]}},{"type":"Feature","properties":{"clase":"emsr_edificio","aoi":"Timure","aoi_n":2,"damage_gra":"Possibly damaged","simplified":"Unclassified","fuente":"Copernicus EMSR927 GRA"},"geometry":{"type":"Point","coordinates":[85.3675006,28.2552876]}},{"type":"Feature","properties":{"clase":"emsr_edificio","aoi":"Timure","aoi_n":2,"damage_gra":"Possibly damaged","simplified":"Residential","fuente":"Copernicus EMSR927 GRA"},"geometry":{"type":"Point","coordinates":[85.36770567,28.25530342]}},{"type":"Feature","properties":{"clase":"emsr_edificio","aoi":"Timure","aoi_n":2,"damage_gra":"Destroyed","simplified":"Unclassified","fuente":"Copernicus EMSR927 GRA"},"geometry":{"type":"Point","coordinates":[85.36615249,28.25394763]}},{"type":"Feature","properties":{"clase":"emsr_edificio","aoi":"Timure","aoi_n":2,"damage_gra":"Destroyed","simplified":"Residential","fuente":"Copernicus EMSR927 GRA"},"geometry":{"type":"Point","coordinates":[85.36634969,28.25402555]}},{"type":"Feature","properties":{"clase":"emsr_edificio","aoi":"Timure","aoi_n":2,"damage_gra":"Destroyed","simplified":"Unclassified","fuente":"Copernicus EMSR927 GRA"},"geometry":{"type":"Point","coordinates":[85.36644546,28.25404628]}},{"type":"Feature","properties":{"clase":"emsr_edificio","aoi":"Timure","aoi_n":2,"damage_gra":"Destroyed","simplified":"Residential","fuente":"Copernicus EMSR927 GRA"},"geometry":{"type":"Point","coordinates":[85.3662695,28.25406271]}},{"type":"Feature","properties":{"clase":"emsr_edificio","aoi":"Timure","aoi_n":2,"damage_gra":"Destroyed","simplified":"Residential","fuente":"Copernicus EMSR927 GRA"},"geometry":{"type":"Point","coordinates":[85.36630079,28.2541644]}},{"type":"Feature","properties":{"clase":"emsr_edificio","aoi":"Timure","aoi_n":2,"damage_gra":"Destroyed","simplified":"Residential","fuente":"Copernicus EMSR927 GRA"},"geometry":{"type":"Point","coordinates":[85.36639858,28.25417418]}},{"type":"Feature","properties":{"clase":"emsr_edificio","aoi":"Timure","aoi_n":2,"damage_gra":"Destroyed","simplified":"Unclassified","fuente":"Copernicus EMSR927 GRA"},"geometry":{"type":"Point","coordinates":[85.36637895,28.25424115]}},{"type":"Feature","properties":{"clase":"emsr_edificio","aoi":"Timure","aoi_n":2,"damage_gra":"Destroyed","simplified":"Residential","fuente":"Copernicus EMSR927 GRA"},"geometry":{"type":"Point","coordinates":[85.36637723,28.25435167]}},{"type":"Feature","properties":{"clase":"emsr_edificio","aoi":"Timure","aoi_n":2,"damage_gra":"Destroyed","simplified":"Residential","fuente":"Copernicus EMSR927 GRA"},"geometry":{"type":"Point","coordinates":[85.36640803,28.25439567]}},{"type":"Feature","properties":{"clase":"emsr_edificio","aoi":"Timure","aoi_n":2,"damage_gra":"Destroyed","simplified":"Residential","fuente":"Copernicus EMSR927 GRA"},"geometry":{"type":"Point","coordinates":[85.36642417,28.25442941]}},{"type":"Feature","properties":{"clase":"emsr_edificio","aoi":"Timure","aoi_n":2,"damage_gra":"Destroyed","simplified":"Unclassified","fuente":"Copernicus EMSR927 GRA"},"geometry":{"type":"Point","coordinates":[85.36663685,28.25404345]}},{"type":"Feature","properties":{"clase":"emsr_edificio","aoi":"Timure","aoi_n":2,"damage_gra":"Destroyed","simplified":"Residential","fuente":"Copernicus EMSR927 GRA"},"geometry":{"type":"Point","coordinates":[85.36673497,28.25406466]}},{"type":"Feature","properties":{"clase":"emsr_edificio","aoi":"Timure","aoi_n":2,"damage_gra":"Destroyed","simplified":"Unclassified","fuente":"Copernicus EMSR927 GRA"},"geometry":{"type":"Point","coordinates":[85.36648342,28.2541726]}},{"type":"Feature","properties":{"clase":"emsr_edificio","aoi":"Timure","aoi_n":2,"damage_gra":"Destroyed","simplified":"Unclassified","fuente":"Copernicus EMSR927 GRA"},"geometry":{"type":"Point","coordinates":[85.3664903,28.25424945]}},{"type":"Feature","properties":{"clase":"emsr_edificio","aoi":"Timure","aoi_n":2,"damage_gra":"Destroyed","simplified":"Residential","fuente":"Copernicus EMSR927 GRA"},"geometry":{"type":"Point","coordinates":[85.36656132,28.25440594]}},{"type":"Feature","properties":{"clase":"emsr_edificio","aoi":"Timure","aoi_n":2,"damage_gra":"Damaged","simplified":"Residential","fuente":"Copernicus EMSR927 GRA"},"geometry":{"type":"Point","coordinates":[85.36669282,28.25443068]}},{"type":"Feature","properties":{"clase":"emsr_edificio","aoi":"Timure","aoi_n":2,"damage_gra":"Damaged","simplified":"Residential","fuente":"Copernicus EMSR927 GRA"},"geometry":{"type":"Point","coordinates":[85.36662273,28.2544411]}},{"type":"Feature","properties":{"clase":"emsr_edificio","aoi":"Timure","aoi_n":2,"damage_gra":"Destroyed","simplified":"Residential","fuente":"Copernicus EMSR927 GRA"},"geometry":{"type":"Point","coordinates":[85.36646084,28.25447781]}},{"type":"Feature","properties":{"clase":"emsr_edificio","aoi":"Timure","aoi_n":2,"damage_gra":"Destroyed","simplified":"Residential","fuente":"Copernicus EMSR927 GRA"},"geometry":{"type":"Point","coordinates":[85.36647257,28.25451448]}},{"type":"Feature","properties":{"clase":"emsr_edificio","aoi":"Timure","aoi_n":2,"damage_gra":"Destroyed","simplified":"Residential","fuente":"Copernicus EMSR927 GRA"},"geometry":{"type":"Point","coordinates":[85.36649751,28.25459369]}},{"type":"Feature","properties":{"clase":"emsr_edificio","aoi":"Timure","aoi_n":2,"damage_gra":"Destroyed","simplified":"Unclassified","fuente":"Copernicus EMSR927 GRA"},"geometry":{"type":"Point","coordinates":[85.36603585,28.2532887]}},{"type":"Feature","properties":{"clase":"emsr_edificio","aoi":"Timure","aoi_n":2,"damage_gra":"Destroyed","simplified":"Unclassified","fuente":"Copernicus EMSR927 GRA"},"geometry":{"type":"Point","coordinates":[85.3660447,28.2533571]}},{"type":"Feature","properties":{"clase":"emsr_edificio","aoi":"Timure","aoi_n":2,"damage_gra":"Destroyed","simplified":"Non residential","fuente":"Copernicus EMSR927 GRA"},"geometry":{"type":"Point","coordinates":[85.36607421,28.25347037]}},{"type":"Feature","properties":{"clase":"emsr_edificio","aoi":"Timure","aoi_n":2,"damage_gra":"Destroyed","simplified":"Non residential","fuente":"Copernicus EMSR927 GRA"},"geometry":{"type":"Point","coordinates":[85.3660667,28.2535954]}},{"type":"Feature","properties":{"clase":"emsr_edificio","aoi":"Timure","aoi_n":2,"damage_gra":"Destroyed","simplified":"Residential","fuente":"Copernicus EMSR927 GRA"},"geometry":{"type":"Point","coordinates":[85.36609902,28.25364638]}},{"type":"Feature","properties":{"clase":"emsr_edificio","aoi":"Timure","aoi_n":2,"damage_gra":"Destroyed","simplified":"Unclassified","fuente":"Copernicus EMSR927 GRA"},"geometry":{"type":"Point","coordinates":[85.3647159,28.2538022]}},{"type":"Feature","properties":{"clase":"emsr_edificio","aoi":"Timure","aoi_n":2,"damage_gra":"Destroyed","simplified":"Non residential","fuente":"Copernicus EMSR927 GRA"},"geometry":{"type":"Point","coordinates":[85.36574228,28.25505445]}},{"type":"Feature","properties":{"clase":"emsr_edificio","aoi":"Timure","aoi_n":2,"damage_gra":"Destroyed","simplified":"Unclassified","fuente":"Copernicus EMSR927 GRA"},"geometry":{"type":"Point","coordinates":[85.36432571,28.25519802]}},{"type":"Feature","properties":{"clase":"emsr_edificio","aoi":"Timure","aoi_n":2,"damage_gra":"Destroyed","simplified":"Unclassified","fuente":"Copernicus EMSR927 GRA"},"geometry":{"type":"Point","coordinates":[85.36419828,28.25533793]}},{"type":"Feature","properties":{"clase":"emsr_edificio","aoi":"Timure","aoi_n":2,"damage_gra":"Destroyed","simplified":"Unclassified","fuente":"Copernicus EMSR927 GRA"},"geometry":{"type":"Point","coordinates":[85.36419645,28.2555566]}},{"type":"Feature","properties":{"clase":"emsr_edificio","aoi":"Timure","aoi_n":2,"damage_gra":"Destroyed","simplified":"Unclassified","fuente":"Copernicus EMSR927 GRA"},"geometry":{"type":"Point","coordinates":[85.36645752,28.25601038]}},{"type":"Feature","properties":{"clase":"emsr_edificio","aoi":"Timure","aoi_n":2,"damage_gra":"Destroyed","simplified":"Non residential","fuente":"Copernicus EMSR927 GRA"},"geometry":{"type":"Point","coordinates":[85.36626621,28.25717079]}},{"type":"Feature","properties":{"clase":"emsr_edificio","aoi":"Timure","aoi_n":2,"damage_gra":"Destroyed","simplified":"Unclassified","fuente":"Copernicus EMSR927 GRA"},"geometry":{"type":"Point","coordinates":[85.36425995,28.256013]}},{"type":"Feature","properties":{"clase":"emsr_edificio","aoi":"Timure","aoi_n":2,"damage_gra":"Destroyed","simplified":"Non residential","fuente":"Copernicus EMSR927 GRA"},"geometry":{"type":"Point","coordinates":[85.36610284,28.25754702]}},{"type":"Feature","properties":{"clase":"emsr_edificio","aoi":"Timure","aoi_n":2,"damage_gra":"Destroyed","simplified":"Non residential","fuente":"Copernicus EMSR927 GRA"},"geometry":{"type":"Point","coordinates":[85.36650878,28.25711138]}},{"type":"Feature","properties":{"clase":"emsr_edificio","aoi":"Timure","aoi_n":2,"damage_gra":"Destroyed","simplified":"Non residential","fuente":"Copernicus EMSR927 GRA"},"geometry":{"type":"Point","coordinates":[85.36654979,28.25717245]}},{"type":"Feature","properties":{"clase":"emsr_edificio","aoi":"Timure","aoi_n":2,"damage_gra":"Destroyed","simplified":"Unclassified","fuente":"Copernicus EMSR927 GRA"},"geometry":{"type":"Point","coordinates":[85.36685991,28.25518702]}},{"type":"Feature","properties":{"clase":"emsr_edificio","aoi":"Timure","aoi_n":2,"damage_gra":"Destroyed","simplified":"Residential","fuente":"Copernicus EMSR927 GRA"},"geometry":{"type":"Point","coordinates":[85.3670549,28.25521415]}},{"type":"Feature","properties":{"clase":"emsr_edificio","aoi":"Timure","aoi_n":2,"damage_gra":"Destroyed","simplified":"Residential","fuente":"Copernicus EMSR927 GRA"},"geometry":{"type":"Point","coordinates":[85.36677963,28.25523127]}},{"type":"Feature","properties":{"clase":"emsr_edificio","aoi":"Timure","aoi_n":2,"damage_gra":"Destroyed","simplified":"Residential","fuente":"Copernicus EMSR927 GRA"},"geometry":{"type":"Point","coordinates":[85.36699182,28.25527136]}},{"type":"Feature","properties":{"clase":"emsr_edificio","aoi":"Timure","aoi_n":2,"damage_gra":"Damaged","simplified":"Residential","fuente":"Copernicus EMSR927 GRA"},"geometry":{"type":"Point","coordinates":[85.36708482,28.25529196]}},{"type":"Feature","properties":{"clase":"emsr_edificio","aoi":"Timure","aoi_n":2,"damage_gra":"Destroyed","simplified":"Residential","fuente":"Copernicus EMSR927 GRA"},"geometry":{"type":"Point","coordinates":[85.36688915,28.25531341]}},{"type":"Feature","properties":{"clase":"emsr_edificio","aoi":"Timure","aoi_n":2,"damage_gra":"Damaged","simplified":"Residential","fuente":"Copernicus EMSR927 GRA"},"geometry":{"type":"Point","coordinates":[85.36703893,28.25533645]}},{"type":"Feature","properties":{"clase":"emsr_edificio","aoi":"Timure","aoi_n":2,"damage_gra":"Damaged","simplified":"Residential","fuente":"Copernicus EMSR927 GRA"},"geometry":{"type":"Point","coordinates":[85.36700131,28.2553948]}},{"type":"Feature","properties":{"clase":"emsr_edificio","aoi":"Timure","aoi_n":2,"damage_gra":"Damaged","simplified":"Residential","fuente":"Copernicus EMSR927 GRA"},"geometry":{"type":"Point","coordinates":[85.36704651,28.25539534]}},{"type":"Feature","properties":{"clase":"emsr_edificio","aoi":"Timure","aoi_n":2,"damage_gra":"Damaged","simplified":"Residential","fuente":"Copernicus EMSR927 GRA"},"geometry":{"type":"Point","coordinates":[85.36696093,28.2554481]}},{"type":"Feature","properties":{"clase":"emsr_edificio","aoi":"Timure","aoi_n":2,"damage_gra":"Destroyed","simplified":"Residential","fuente":"Copernicus EMSR927 GRA"},"geometry":{"type":"Point","coordinates":[85.36669227,28.25513217]}},{"type":"Feature","properties":{"clase":"emsr_edificio","aoi":"Timure","aoi_n":2,"damage_gra":"Destroyed","simplified":"Non residential","fuente":"Copernicus EMSR927 GRA"},"geometry":{"type":"Point","coordinates":[85.36652465,28.25517625]}},{"type":"Feature","properties":{"clase":"emsr_edificio","aoi":"Timure","aoi_n":2,"damage_gra":"Destroyed","simplified":"Residential","fuente":"Copernicus EMSR927 GRA"},"geometry":{"type":"Point","coordinates":[85.36672356,28.25523909]}},{"type":"Feature","properties":{"clase":"emsr_edificio","aoi":"Timure","aoi_n":2,"damage_gra":"Destroyed","simplified":"Residential","fuente":"Copernicus EMSR927 GRA"},"geometry":{"type":"Point","coordinates":[85.36656352,28.2553139]}},{"type":"Feature","properties":{"clase":"emsr_edificio","aoi":"Timure","aoi_n":2,"damage_gra":"Destroyed","simplified":"Residential","fuente":"Copernicus EMSR927 GRA"},"geometry":{"type":"Point","coordinates":[85.36659285,28.25545618]}},{"type":"Feature","properties":{"clase":"emsr_edificio","aoi":"Timure","aoi_n":2,"damage_gra":"Destroyed","simplified":"Residential","fuente":"Copernicus EMSR927 GRA"},"geometry":{"type":"Point","coordinates":[85.36653271,28.25557646]}},{"type":"Feature","properties":{"clase":"emsr_edificio","aoi":"Timure","aoi_n":2,"damage_gra":"Destroyed","simplified":"Residential","fuente":"Copernicus EMSR927 GRA"},"geometry":{"type":"Point","coordinates":[85.36662512,28.2556498]}},{"type":"Feature","properties":{"clase":"emsr_edificio","aoi":"Timure","aoi_n":2,"damage_gra":"Destroyed","simplified":"Residential","fuente":"Copernicus EMSR927 GRA"},"geometry":{"type":"Point","coordinates":[85.36656938,28.2557378]}},{"type":"Feature","properties":{"clase":"emsr_edificio","aoi":"Timure","aoi_n":2,"damage_gra":"Destroyed","simplified":"Unclassified","fuente":"Copernicus EMSR927 GRA"},"geometry":{"type":"Point","coordinates":[85.36656058,28.25603143]}},{"type":"Feature","properties":{"clase":"emsr_edificio","aoi":"Timure","aoi_n":2,"damage_gra":"Destroyed","simplified":"Residential","fuente":"Copernicus EMSR927 GRA"},"geometry":{"type":"Point","coordinates":[85.36670791,28.25610744]}},{"type":"Feature","properties":{"clase":"emsr_edificio","aoi":"Timure","aoi_n":2,"damage_gra":"Damaged","simplified":"Residential","fuente":"Copernicus EMSR927 GRA"},"geometry":{"type":"Point","coordinates":[85.36721582,28.2553173]}},{"type":"Feature","properties":{"clase":"emsr_edificio","aoi":"Timure","aoi_n":2,"damage_gra":"Possibly damaged","simplified":"Residential","fuente":"Copernicus EMSR927 GRA"},"geometry":{"type":"Point","coordinates":[85.36732369,28.25534873]}},{"type":"Feature","properties":{"clase":"emsr_edificio","aoi":"Timure","aoi_n":2,"damage_gra":"Destroyed","simplified":"Residential","fuente":"Copernicus EMSR927 GRA"},"geometry":{"type":"Point","coordinates":[85.3670989,28.25539457]}},{"type":"Feature","properties":{"clase":"emsr_edificio","aoi":"Timure","aoi_n":2,"damage_gra":"Possibly damaged","simplified":"Residential","fuente":"Copernicus EMSR927 GRA"},"geometry":{"type":"Point","coordinates":[85.36752831,28.25539714]}},{"type":"Feature","properties":{"clase":"emsr_edificio","aoi":"Timure","aoi_n":2,"damage_gra":"Possibly damaged","simplified":"Unclassified","fuente":"Copernicus EMSR927 GRA"},"geometry":{"type":"Point","coordinates":[85.36730834,28.25549397]}},{"type":"Feature","properties":{"clase":"emsr_edificio","aoi":"Timure","aoi_n":2,"damage_gra":"Possibly damaged","simplified":"Unclassified","fuente":"Copernicus EMSR927 GRA"},"geometry":{"type":"Point","coordinates":[85.36753846,28.25556034]}},{"type":"Feature","properties":{"clase":"emsr_edificio","aoi":"Timure","aoi_n":2,"damage_gra":"Possibly damaged","simplified":"Unclassified","fuente":"Copernicus EMSR927 GRA"},"geometry":{"type":"Point","coordinates":[85.3676962,28.25561705]}},{"type":"Feature","properties":{"clase":"emsr_edificio","aoi":"Timure","aoi_n":2,"damage_gra":"Possibly damaged","simplified":"Non residential","fuente":"Copernicus EMSR927 GRA"},"geometry":{"type":"Point","coordinates":[85.36723128,28.25569857]}},{"type":"Feature","properties":{"clase":"emsr_edificio","aoi":"Timure","aoi_n":2,"damage_gra":"Possibly damaged","simplified":"Residential","fuente":"Copernicus EMSR927 GRA"},"geometry":{"type":"Point","coordinates":[85.3675528,28.25591447]}},{"type":"Feature","properties":{"clase":"emsr_edificio","aoi":"Timure","aoi_n":2,"damage_gra":"Possibly damaged","simplified":"Unclassified","fuente":"Copernicus EMSR927 GRA"},"geometry":{"type":"Point","coordinates":[85.36726426,28.25598315]}},{"type":"Feature","properties":{"clase":"emsr_edificio","aoi":"Timure","aoi_n":2,"damage_gra":"Destroyed","simplified":"Unclassified","fuente":"Copernicus EMSR927 GRA"},"geometry":{"type":"Point","coordinates":[85.36684848,28.25547303]}},{"type":"Feature","properties":{"clase":"emsr_edificio","aoi":"Timure","aoi_n":2,"damage_gra":"Destroyed","simplified":"Residential","fuente":"Copernicus EMSR927 GRA"},"geometry":{"type":"Point","coordinates":[85.3668448,28.25559095]}},{"type":"Feature","properties":{"clase":"emsr_edificio","aoi":"Timure","aoi_n":2,"damage_gra":"Destroyed","simplified":"Unclassified","fuente":"Copernicus EMSR927 GRA"},"geometry":{"type":"Point","coordinates":[85.36699427,28.2556732]}},{"type":"Feature","properties":{"clase":"emsr_edificio","aoi":"Timure","aoi_n":2,"damage_gra":"Destroyed","simplified":"Residential","fuente":"Copernicus EMSR927 GRA"},"geometry":{"type":"Point","coordinates":[85.36686307,28.255685]}},{"type":"Feature","properties":{"clase":"emsr_edificio","aoi":"Timure","aoi_n":2,"damage_gra":"Damaged","simplified":"Unclassified","fuente":"Copernicus EMSR927 GRA"},"geometry":{"type":"Point","coordinates":[85.36699917,28.25582705]}},{"type":"Feature","properties":{"clase":"emsr_edificio","aoi":"Timure","aoi_n":2,"damage_gra":"Destroyed","simplified":"Unclassified","fuente":"Copernicus EMSR927 GRA"},"geometry":{"type":"Point","coordinates":[85.36676482,28.25590447]}},{"type":"Feature","properties":{"clase":"emsr_edificio","aoi":"Timure","aoi_n":2,"damage_gra":"Destroyed","simplified":"Unclassified","fuente":"Copernicus EMSR927 GRA"},"geometry":{"type":"Point","coordinates":[85.3667621,28.25599445]}},{"type":"Feature","properties":{"clase":"emsr_edificio","aoi":"Timure","aoi_n":2,"damage_gra":"Damaged","simplified":"Unclassified","fuente":"Copernicus EMSR927 GRA"},"geometry":{"type":"Point","coordinates":[85.36701688,28.25599644]}},{"type":"Feature","properties":{"clase":"emsr_edificio","aoi":"Timure","aoi_n":2,"damage_gra":"Damaged","simplified":"Residential","fuente":"Copernicus EMSR927 GRA"},"geometry":{"type":"Point","coordinates":[85.36698275,28.25617174]}},{"type":"Feature","properties":{"clase":"emsr_edificio","aoi":"Timure","aoi_n":2,"damage_gra":"Destroyed","simplified":"Unclassified","fuente":"Copernicus EMSR927 GRA"},"geometry":{"type":"Point","coordinates":[85.36678885,28.25622225]}},{"type":"Feature","properties":{"clase":"emsr_edificio","aoi":"Timure","aoi_n":2,"damage_gra":"Damaged","simplified":"Residential","fuente":"Copernicus EMSR927 GRA"},"geometry":{"type":"Point","coordinates":[85.36702761,28.25636852]}},{"type":"Feature","properties":{"clase":"emsr_edificio","aoi":"Timure","aoi_n":2,"damage_gra":"Damaged","simplified":"Residential","fuente":"Copernicus EMSR927 GRA"},"geometry":{"type":"Point","coordinates":[85.36706361,28.25650969]}},{"type":"Feature","properties":{"clase":"emsr_edificio","aoi":"Timure","aoi_n":2,"damage_gra":"Possibly damaged","simplified":"Unclassified","fuente":"Copernicus EMSR927 GRA"},"geometry":{"type":"Point","coordinates":[85.3674467,28.25599665]}},{"type":"Feature","properties":{"clase":"emsr_edificio","aoi":"Timure","aoi_n":2,"damage_gra":"Possibly damaged","simplified":"Unclassified","fuente":"Copernicus EMSR927 GRA"},"geometry":{"type":"Point","coordinates":[85.3675274,28.25605025]}},{"type":"Feature","properties":{"clase":"emsr_edificio","aoi":"Timure","aoi_n":2,"damage_gra":"Possibly damaged","simplified":"Residential","fuente":"Copernicus EMSR927 GRA"},"geometry":{"type":"Point","coordinates":[85.36767793,28.25612541]}},{"type":"Feature","properties":{"clase":"emsr_edificio","aoi":"Timure","aoi_n":2,"damage_gra":"Possibly damaged","simplified":"Residential","fuente":"Copernicus EMSR927 GRA"},"geometry":{"type":"Point","coordinates":[85.36752611,28.25618261]}},{"type":"Feature","properties":{"clase":"emsr_edificio","aoi":"Timure","aoi_n":2,"damage_gra":"Possibly damaged","simplified":"Residential","fuente":"Copernicus EMSR927 GRA"},"geometry":{"type":"Point","coordinates":[85.36753051,28.25630803]}},{"type":"Feature","properties":{"clase":"emsr_edificio","aoi":"Timure","aoi_n":2,"damage_gra":"Possibly damaged","simplified":"Unclassified","fuente":"Copernicus EMSR927 GRA"},"geometry":{"type":"Point","coordinates":[85.36755101,28.25637196]}},{"type":"Feature","properties":{"clase":"emsr_edificio","aoi":"Timure","aoi_n":2,"damage_gra":"Destroyed","simplified":"Non residential","fuente":"Copernicus EMSR927 GRA"},"geometry":{"type":"Point","coordinates":[85.36750113,28.25767351]}},{"type":"Feature","properties":{"clase":"emsr_edificio","aoi":"Timure","aoi_n":2,"damage_gra":"Destroyed","simplified":"Non residential","fuente":"Copernicus EMSR927 GRA"},"geometry":{"type":"Point","coordinates":[85.36740127,28.25770933]}},{"type":"Feature","properties":{"clase":"emsr_edificio","aoi":"Timure","aoi_n":2,"damage_gra":"Destroyed","simplified":"Non residential","fuente":"Copernicus EMSR927 GRA"},"geometry":{"type":"Point","coordinates":[85.36763998,28.25811202]}},{"type":"Feature","properties":{"clase":"emsr_edificio","aoi":"Timure","aoi_n":2,"damage_gra":"Destroyed","simplified":"Unclassified","fuente":"Copernicus EMSR927 GRA"},"geometry":{"type":"Point","coordinates":[85.37015962,28.25977002]}},{"type":"Feature","properties":{"clase":"emsr_edificio","aoi":"Timure","aoi_n":2,"damage_gra":"Destroyed","simplified":"Non residential","fuente":"Copernicus EMSR927 GRA"},"geometry":{"type":"Point","coordinates":[85.37054401,28.26011263]}},{"type":"Feature","properties":{"clase":"emsr_edificio","aoi":"Timure","aoi_n":2,"damage_gra":"Destroyed","simplified":"Non residential","fuente":"Copernicus EMSR927 GRA"},"geometry":{"type":"Point","coordinates":[85.37044965,28.26030519]}},{"type":"Feature","properties":{"clase":"emsr_edificio","aoi":"Timure","aoi_n":2,"damage_gra":"Destroyed","simplified":"Residential","fuente":"Copernicus EMSR927 GRA"},"geometry":{"type":"Point","coordinates":[85.37375327,28.2631661]}},{"type":"Feature","properties":{"clase":"emsr_edificio","aoi":"Timure","aoi_n":2,"damage_gra":"Destroyed","simplified":"Unclassified","fuente":"Copernicus EMSR927 GRA"},"geometry":{"type":"Point","coordinates":[85.37350144,28.26317758]}},{"type":"Feature","properties":{"clase":"emsr_edificio","aoi":"Timure","aoi_n":2,"damage_gra":"Destroyed","simplified":"Unclassified","fuente":"Copernicus EMSR927 GRA"},"geometry":{"type":"Point","coordinates":[85.3735379,28.2632827]}},{"type":"Feature","properties":{"clase":"emsr_edificio","aoi":"Timure","aoi_n":2,"damage_gra":"Destroyed","simplified":"Unclassified","fuente":"Copernicus EMSR927 GRA"},"geometry":{"type":"Point","coordinates":[85.37355695,28.2633956]}},{"type":"Feature","properties":{"clase":"emsr_edificio","aoi":"Timure","aoi_n":2,"damage_gra":"Destroyed","simplified":"Non residential","fuente":"Copernicus EMSR927 GRA"},"geometry":{"type":"Point","coordinates":[85.37391609,28.26340813]}},{"type":"Feature","properties":{"clase":"emsr_edificio","aoi":"Timure","aoi_n":2,"damage_gra":"Destroyed","simplified":"Non residential","fuente":"Copernicus EMSR927 GRA"},"geometry":{"type":"Point","coordinates":[85.37358538,28.26343717]}},{"type":"Feature","properties":{"clase":"emsr_edificio","aoi":"Timure","aoi_n":2,"damage_gra":"Destroyed","simplified":"Non residential","fuente":"Copernicus EMSR927 GRA"},"geometry":{"type":"Point","coordinates":[85.37382038,28.26346643]}},{"type":"Feature","properties":{"clase":"emsr_edificio","aoi":"Timure","aoi_n":2,"damage_gra":"Destroyed","simplified":"Non residential","fuente":"Copernicus EMSR927 GRA"},"geometry":{"type":"Point","coordinates":[85.37378073,28.26348149]}},{"type":"Feature","properties":{"clase":"emsr_edificio","aoi":"Timure","aoi_n":2,"damage_gra":"Destroyed","simplified":"Non residential","fuente":"Copernicus EMSR927 GRA"},"geometry":{"type":"Point","coordinates":[85.37357704,28.2634844]}},{"type":"Feature","properties":{"clase":"emsr_edificio","aoi":"Timure","aoi_n":2,"damage_gra":"Destroyed","simplified":"Non residential","fuente":"Copernicus EMSR927 GRA"},"geometry":{"type":"Point","coordinates":[85.37391279,28.26349724]}},{"type":"Feature","properties":{"clase":"emsr_edificio","aoi":"Timure","aoi_n":2,"damage_gra":"Destroyed","simplified":"Non residential","fuente":"Copernicus EMSR927 GRA"},"geometry":{"type":"Point","coordinates":[85.37396395,28.2635787]}},{"type":"Feature","properties":{"clase":"emsr_edificio","aoi":"Timure","aoi_n":2,"damage_gra":"Destroyed","simplified":"Non residential","fuente":"Copernicus EMSR927 GRA"},"geometry":{"type":"Point","coordinates":[85.37355296,28.26359276]}},{"type":"Feature","properties":{"clase":"emsr_edificio","aoi":"Timure","aoi_n":2,"damage_gra":"Destroyed","simplified":"Residential","fuente":"Copernicus EMSR927 GRA"},"geometry":{"type":"Point","coordinates":[85.37387649,28.26362155]}},{"type":"Feature","properties":{"clase":"emsr_edificio","aoi":"Timure","aoi_n":2,"damage_gra":"Destroyed","simplified":"Non residential","fuente":"Copernicus EMSR927 GRA"},"geometry":{"type":"Point","coordinates":[85.37356639,28.26367586]}},{"type":"Feature","properties":{"clase":"emsr_edificio","aoi":"Timure","aoi_n":2,"damage_gra":"Destroyed","simplified":"Residential","fuente":"Copernicus EMSR927 GRA"},"geometry":{"type":"Point","coordinates":[85.37381048,28.26376346]}},{"type":"Feature","properties":{"clase":"emsr_edificio","aoi":"Timure","aoi_n":2,"damage_gra":"Destroyed","simplified":"Non residential","fuente":"Copernicus EMSR927 GRA"},"geometry":{"type":"Point","coordinates":[85.37373392,28.26385696]}},{"type":"Feature","properties":{"clase":"emsr_edificio","aoi":"Timure","aoi_n":2,"damage_gra":"Destroyed","simplified":"Non residential","fuente":"Copernicus EMSR927 GRA"},"geometry":{"type":"Point","coordinates":[85.37358059,28.26394208]}},{"type":"Feature","properties":{"clase":"emsr_edificio","aoi":"Timure","aoi_n":2,"damage_gra":"Destroyed","simplified":"Residential","fuente":"Copernicus EMSR927 GRA"},"geometry":{"type":"Point","coordinates":[85.37391141,28.26399806]}},{"type":"Feature","properties":{"clase":"emsr_edificio","aoi":"Timure","aoi_n":2,"damage_gra":"Destroyed","simplified":"Non residential","fuente":"Copernicus EMSR927 GRA"},"geometry":{"type":"Point","coordinates":[85.37409541,28.26355884]}},{"type":"Feature","properties":{"clase":"emsr_edificio","aoi":"Timure","aoi_n":2,"damage_gra":"Destroyed","simplified":"Non residential","fuente":"Copernicus EMSR927 GRA"},"geometry":{"type":"Point","coordinates":[85.37400985,28.26366977]}},{"type":"Feature","properties":{"clase":"emsr_edificio","aoi":"Timure","aoi_n":2,"damage_gra":"Destroyed","simplified":"Unclassified","fuente":"Copernicus EMSR927 GRA"},"geometry":{"type":"Point","coordinates":[85.3741427,28.26400405]}},{"type":"Feature","properties":{"clase":"emsr_edificio","aoi":"Timure","aoi_n":2,"damage_gra":"Destroyed","simplified":"Unclassified","fuente":"Copernicus EMSR927 GRA"},"geometry":{"type":"Point","coordinates":[85.37398485,28.2640797]}},{"type":"Feature","properties":{"clase":"emsr_edificio","aoi":"Timure","aoi_n":2,"damage_gra":"Destroyed","simplified":"Unclassified","fuente":"Copernicus EMSR927 GRA"},"geometry":{"type":"Point","coordinates":[85.3740851,28.2641648]}},{"type":"Feature","properties":{"clase":"emsr_edificio","aoi":"Timure","aoi_n":2,"damage_gra":"Destroyed","simplified":"Residential","fuente":"Copernicus EMSR927 GRA"},"geometry":{"type":"Point","coordinates":[85.37409733,28.26421368]}},{"type":"Feature","properties":{"clase":"emsr_edificio","aoi":"Timure","aoi_n":2,"damage_gra":"Destroyed","simplified":"Unclassified","fuente":"Copernicus EMSR927 GRA"},"geometry":{"type":"Point","coordinates":[85.3743274,28.2642772]}},{"type":"Feature","properties":{"clase":"emsr_edificio","aoi":"Timure","aoi_n":2,"damage_gra":"Destroyed","simplified":"Unclassified","fuente":"Copernicus EMSR927 GRA"},"geometry":{"type":"Point","coordinates":[85.37441844,28.26429312]}},{"type":"Feature","properties":{"clase":"emsr_edificio","aoi":"Timure","aoi_n":2,"damage_gra":"Destroyed","simplified":"Residential","fuente":"Copernicus EMSR927 GRA"},"geometry":{"type":"Point","coordinates":[85.37407643,28.26433084]}},{"type":"Feature","properties":{"clase":"emsr_edificio","aoi":"Timure","aoi_n":2,"damage_gra":"Destroyed","simplified":"Non residential","fuente":"Copernicus EMSR927 GRA"},"geometry":{"type":"Point","coordinates":[85.37406063,28.26439844]}},{"type":"Feature","properties":{"clase":"emsr_edificio","aoi":"Timure","aoi_n":2,"damage_gra":"Destroyed","simplified":"Unclassified","fuente":"Copernicus EMSR927 GRA"},"geometry":{"type":"Point","coordinates":[85.3738097,28.2642086]}},{"type":"Feature","properties":{"clase":"emsr_edificio","aoi":"Timure","aoi_n":2,"damage_gra":"Destroyed","simplified":"Unclassified","fuente":"Copernicus EMSR927 GRA"},"geometry":{"type":"Point","coordinates":[85.37397331,28.26439031]}},{"type":"Feature","properties":{"clase":"emsr_edificio","aoi":"Timure","aoi_n":2,"damage_gra":"Destroyed","simplified":"Unclassified","fuente":"Copernicus EMSR927 GRA"},"geometry":{"type":"Point","coordinates":[85.3748136,28.26440225]}},{"type":"Feature","properties":{"clase":"emsr_edificio","aoi":"Timure","aoi_n":2,"damage_gra":"Destroyed","simplified":"Unclassified","fuente":"Copernicus EMSR927 GRA"},"geometry":{"type":"Point","coordinates":[85.37407022,28.26445123]}},{"type":"Feature","properties":{"clase":"emsr_edificio","aoi":"Timure","aoi_n":2,"damage_gra":"Destroyed","simplified":"Residential","fuente":"Copernicus EMSR927 GRA"},"geometry":{"type":"Point","coordinates":[85.37427555,28.26448761]}},{"type":"Feature","properties":{"clase":"emsr_edificio","aoi":"Timure","aoi_n":2,"damage_gra":"Destroyed","simplified":"Residential","fuente":"Copernicus EMSR927 GRA"},"geometry":{"type":"Point","coordinates":[85.37441746,28.26452226]}},{"type":"Feature","properties":{"clase":"emsr_edificio","aoi":"Timure","aoi_n":2,"damage_gra":"Destroyed","simplified":"Unclassified","fuente":"Copernicus EMSR927 GRA"},"geometry":{"type":"Point","coordinates":[85.37464947,28.26457004]}},{"type":"Feature","properties":{"clase":"emsr_edificio","aoi":"Timure","aoi_n":2,"damage_gra":"Destroyed","simplified":"Unclassified","fuente":"Copernicus EMSR927 GRA"},"geometry":{"type":"Point","coordinates":[85.37422035,28.264574]}},{"type":"Feature","properties":{"clase":"emsr_edificio","aoi":"Timure","aoi_n":2,"damage_gra":"Destroyed","simplified":"Residential","fuente":"Copernicus EMSR927 GRA"},"geometry":{"type":"Point","coordinates":[85.37451977,28.26459982]}},{"type":"Feature","properties":{"clase":"emsr_edificio","aoi":"Timure","aoi_n":2,"damage_gra":"Destroyed","simplified":"Residential","fuente":"Copernicus EMSR927 GRA"},"geometry":{"type":"Point","coordinates":[85.3748036,28.26464602]}},{"type":"Feature","properties":{"clase":"emsr_edificio","aoi":"Timure","aoi_n":2,"damage_gra":"Destroyed","simplified":"Residential","fuente":"Copernicus EMSR927 GRA"},"geometry":{"type":"Point","coordinates":[85.37553957,28.26469718]}},{"type":"Feature","properties":{"clase":"emsr_edificio","aoi":"Timure","aoi_n":2,"damage_gra":"Destroyed","simplified":"Residential","fuente":"Copernicus EMSR927 GRA"},"geometry":{"type":"Point","coordinates":[85.3757607,28.26471203]}},{"type":"Feature","properties":{"clase":"emsr_edificio","aoi":"Timure","aoi_n":2,"damage_gra":"Destroyed","simplified":"Residential","fuente":"Copernicus EMSR927 GRA"},"geometry":{"type":"Point","coordinates":[85.37459568,28.26471368]}},{"type":"Feature","properties":{"clase":"emsr_edificio","aoi":"Timure","aoi_n":2,"damage_gra":"Destroyed","simplified":"Residential","fuente":"Copernicus EMSR927 GRA"},"geometry":{"type":"Point","coordinates":[85.37460228,28.26474503]}},{"type":"Feature","properties":{"clase":"emsr_edificio","aoi":"Timure","aoi_n":2,"damage_gra":"Destroyed","simplified":"Non residential","fuente":"Copernicus EMSR927 GRA"},"geometry":{"type":"Point","coordinates":[85.37480071,28.26474787]}},{"type":"Feature","properties":{"clase":"emsr_edificio","aoi":"Timure","aoi_n":2,"damage_gra":"Destroyed","simplified":"Residential","fuente":"Copernicus EMSR927 GRA"},"geometry":{"type":"Point","coordinates":[85.37596862,28.26480444]}},{"type":"Feature","properties":{"clase":"emsr_edificio","aoi":"Timure","aoi_n":2,"damage_gra":"Destroyed","simplified":"Residential","fuente":"Copernicus EMSR927 GRA"},"geometry":{"type":"Point","coordinates":[85.37567984,28.26481434]}},{"type":"Feature","properties":{"clase":"emsr_edificio","aoi":"Timure","aoi_n":2,"damage_gra":"Destroyed","simplified":"Residential","fuente":"Copernicus EMSR927 GRA"},"geometry":{"type":"Point","coordinates":[85.37604287,28.26488365]}},{"type":"Feature","properties":{"clase":"emsr_edificio","aoi":"Timure","aoi_n":2,"damage_gra":"Destroyed","simplified":"Residential","fuente":"Copernicus EMSR927 GRA"},"geometry":{"type":"Point","coordinates":[85.37498205,28.26498294]}},{"type":"Feature","properties":{"clase":"emsr_edificio","aoi":"Timure","aoi_n":2,"damage_gra":"Destroyed","simplified":"Residential","fuente":"Copernicus EMSR927 GRA"},"geometry":{"type":"Point","coordinates":[85.37504883,28.26502626]}},{"type":"Feature","properties":{"clase":"emsr_edificio","aoi":"Timure","aoi_n":2,"damage_gra":"Destroyed","simplified":"Residential","fuente":"Copernicus EMSR927 GRA"},"geometry":{"type":"Point","coordinates":[85.37556141,28.26508221]}},{"type":"Feature","properties":{"clase":"emsr_edificio","aoi":"Timure","aoi_n":2,"damage_gra":"Destroyed","simplified":"Residential","fuente":"Copernicus EMSR927 GRA"},"geometry":{"type":"Point","coordinates":[85.37535385,28.26513996]}},{"type":"Feature","properties":{"clase":"emsr_edificio","aoi":"Timure","aoi_n":2,"damage_gra":"Destroyed","simplified":"Residential","fuente":"Copernicus EMSR927 GRA"},"geometry":{"type":"Point","coordinates":[85.37651152,28.26514602]}},{"type":"Feature","properties":{"clase":"emsr_edificio","aoi":"Timure","aoi_n":2,"damage_gra":"Destroyed","simplified":"Non residential","fuente":"Copernicus EMSR927 GRA"},"geometry":{"type":"Point","coordinates":[85.3752932,28.26519082]}},{"type":"Feature","properties":{"clase":"emsr_edificio","aoi":"Timure","aoi_n":2,"damage_gra":"Destroyed","simplified":"Unclassified","fuente":"Copernicus EMSR927 GRA"},"geometry":{"type":"Point","coordinates":[85.37514848,28.26520596]}},{"type":"Feature","properties":{"clase":"emsr_edificio","aoi":"Timure","aoi_n":2,"damage_gra":"Destroyed","simplified":"Residential","fuente":"Copernicus EMSR927 GRA"},"geometry":{"type":"Point","coordinates":[85.37627555,28.26523678]}},{"type":"Feature","properties":{"clase":"emsr_edificio","aoi":"Timure","aoi_n":2,"damage_gra":"Destroyed","simplified":"Residential","fuente":"Copernicus EMSR927 GRA"},"geometry":{"type":"Point","coordinates":[85.37547478,28.26525909]}},{"type":"Feature","properties":{"clase":"emsr_edificio","aoi":"Timure","aoi_n":2,"damage_gra":"Destroyed","simplified":"Residential","fuente":"Copernicus EMSR927 GRA"},"geometry":{"type":"Point","coordinates":[85.37544951,28.26529338]}},{"type":"Feature","properties":{"clase":"emsr_edificio","aoi":"Timure","aoi_n":2,"damage_gra":"Destroyed","simplified":"Unclassified","fuente":"Copernicus EMSR927 GRA"},"geometry":{"type":"Point","coordinates":[85.37506961,28.2653015]}},{"type":"Feature","properties":{"clase":"emsr_edificio","aoi":"Timure","aoi_n":2,"damage_gra":"Destroyed","simplified":"Residential","fuente":"Copernicus EMSR927 GRA"},"geometry":{"type":"Point","coordinates":[85.37627555,28.26531599]}},{"type":"Feature","properties":{"clase":"emsr_edificio","aoi":"Timure","aoi_n":2,"damage_gra":"Destroyed","simplified":"Residential","fuente":"Copernicus EMSR927 GRA"},"geometry":{"type":"Point","coordinates":[85.37511193,28.26534591]}},{"type":"Feature","properties":{"clase":"emsr_edificio","aoi":"Timure","aoi_n":2,"damage_gra":"Destroyed","simplified":"Residential","fuente":"Copernicus EMSR927 GRA"},"geometry":{"type":"Point","coordinates":[85.37647687,28.26534734]}},{"type":"Feature","properties":{"clase":"emsr_edificio","aoi":"Timure","aoi_n":2,"damage_gra":"Destroyed","simplified":"Unclassified","fuente":"Copernicus EMSR927 GRA"},"geometry":{"type":"Point","coordinates":[85.37513893,28.26536656]}},{"type":"Feature","properties":{"clase":"emsr_edificio","aoi":"Timure","aoi_n":2,"damage_gra":"Destroyed","simplified":"Residential","fuente":"Copernicus EMSR927 GRA"},"geometry":{"type":"Point","coordinates":[85.37616994,28.2653754]}},{"type":"Feature","properties":{"clase":"emsr_edificio","aoi":"Timure","aoi_n":2,"damage_gra":"Destroyed","simplified":"Residential","fuente":"Copernicus EMSR927 GRA"},"geometry":{"type":"Point","coordinates":[85.37611713,28.26538365]}},{"type":"Feature","properties":{"clase":"emsr_edificio","aoi":"Timure","aoi_n":2,"damage_gra":"Destroyed","simplified":"Residential","fuente":"Copernicus EMSR927 GRA"},"geometry":{"type":"Point","coordinates":[85.37620324,28.26544272]}},{"type":"Feature","properties":{"clase":"emsr_edificio","aoi":"Timure","aoi_n":2,"damage_gra":"Destroyed","simplified":"Unclassified","fuente":"Copernicus EMSR927 GRA"},"geometry":{"type":"Point","coordinates":[85.37615976,28.26548625]}},{"type":"Feature","properties":{"clase":"emsr_edificio","aoi":"Timure","aoi_n":2,"damage_gra":"Destroyed","simplified":"Residential","fuente":"Copernicus EMSR927 GRA"},"geometry":{"type":"Point","coordinates":[85.376335,28.2656444]}},{"type":"Feature","properties":{"clase":"emsr_edificio","aoi":"Timure","aoi_n":2,"damage_gra":"Destroyed","simplified":"Unclassified","fuente":"Copernicus EMSR927 GRA"},"geometry":{"type":"Point","coordinates":[85.37604555,28.26566612]}},{"type":"Feature","properties":{"clase":"emsr_edificio","aoi":"Timure","aoi_n":2,"damage_gra":"Destroyed","simplified":"Unclassified","fuente":"Copernicus EMSR927 GRA"},"geometry":{"type":"Point","coordinates":[85.37623589,28.26571318]}},{"type":"Feature","properties":{"clase":"emsr_edificio","aoi":"Timure","aoi_n":2,"damage_gra":"Destroyed","simplified":"Unclassified","fuente":"Copernicus EMSR927 GRA"},"geometry":{"type":"Point","coordinates":[85.3761376,28.26580224]}},{"type":"Feature","properties":{"clase":"emsr_edificio","aoi":"Timure","aoi_n":2,"damage_gra":"Destroyed","simplified":"Unclassified","fuente":"Copernicus EMSR927 GRA"},"geometry":{"type":"Point","coordinates":[85.37604635,28.265813]}},{"type":"Feature","properties":{"clase":"emsr_edificio","aoi":"Timure","aoi_n":2,"damage_gra":"Destroyed","simplified":"Residential","fuente":"Copernicus EMSR927 GRA"},"geometry":{"type":"Point","coordinates":[85.37657423,28.26502886]}},{"type":"Feature","properties":{"clase":"emsr_edificio","aoi":"Timure","aoi_n":2,"damage_gra":"Destroyed","simplified":"Residential","fuente":"Copernicus EMSR927 GRA"},"geometry":{"type":"Point","coordinates":[85.376797,28.26522358]}},{"type":"Feature","properties":{"clase":"emsr_edificio","aoi":"Timure","aoi_n":2,"damage_gra":"Destroyed","simplified":"Residential","fuente":"Copernicus EMSR927 GRA"},"geometry":{"type":"Point","coordinates":[85.37672604,28.26525328]}},{"type":"Feature","properties":{"clase":"emsr_edificio","aoi":"Timure","aoi_n":2,"damage_gra":"Destroyed","simplified":"Unclassified","fuente":"Copernicus EMSR927 GRA"},"geometry":{"type":"Point","coordinates":[85.37660294,28.26531813]}},{"type":"Feature","properties":{"clase":"emsr_edificio","aoi":"Timure","aoi_n":2,"damage_gra":"Destroyed","simplified":"Residential","fuente":"Copernicus EMSR927 GRA"},"geometry":{"type":"Point","coordinates":[85.37659605,28.26545897]}},{"type":"Feature","properties":{"clase":"emsr_edificio","aoi":"Timure","aoi_n":2,"damage_gra":"Destroyed","simplified":"Residential","fuente":"Copernicus EMSR927 GRA"},"geometry":{"type":"Point","coordinates":[85.37667998,28.2654671]}},{"type":"Feature","properties":{"clase":"emsr_edificio","aoi":"Timure","aoi_n":2,"damage_gra":"Destroyed","simplified":"Residential","fuente":"Copernicus EMSR927 GRA"},"geometry":{"type":"Point","coordinates":[85.37663937,28.26554561]}},{"type":"Feature","properties":{"clase":"emsr_edificio","aoi":"Timure","aoi_n":2,"damage_gra":"Destroyed","simplified":"Residential","fuente":"Copernicus EMSR927 GRA"},"geometry":{"type":"Point","coordinates":[85.37656627,28.26673682]}},{"type":"Feature","properties":{"clase":"emsr_edificio","aoi":"Timure","aoi_n":2,"damage_gra":"Destroyed","simplified":"Non residential","fuente":"Copernicus EMSR927 GRA"},"geometry":{"type":"Point","coordinates":[85.37695598,28.26796449]}},{"type":"Feature","properties":{"clase":"emsr_edificio","aoi":"Timure","aoi_n":2,"damage_gra":"Destroyed","simplified":"Non residential","fuente":"Copernicus EMSR927 GRA"},"geometry":{"type":"Point","coordinates":[85.377031,28.26813676]}},{"type":"Feature","properties":{"clase":"emsr_edificio","aoi":"Timure","aoi_n":2,"damage_gra":"Destroyed","simplified":"Residential","fuente":"Copernicus EMSR927 GRA"},"geometry":{"type":"Point","coordinates":[85.37651754,28.26641736]}},{"type":"Feature","properties":{"clase":"emsr_edificio","aoi":"Timure","aoi_n":2,"damage_gra":"Destroyed","simplified":"Residential","fuente":"Copernicus EMSR927 GRA"},"geometry":{"type":"Point","coordinates":[85.37653156,28.26665064]}},{"type":"Feature","properties":{"clase":"emsr_edificio","aoi":"Timure","aoi_n":2,"damage_gra":"Destroyed","simplified":"Residential","fuente":"Copernicus EMSR927 GRA"},"geometry":{"type":"Point","coordinates":[85.37644264,28.26949195]}},{"type":"Feature","properties":{"clase":"emsr_edificio","aoi":"Timure","aoi_n":2,"damage_gra":"Destroyed","simplified":"Residential","fuente":"Copernicus EMSR927 GRA"},"geometry":{"type":"Point","coordinates":[85.37651032,28.26953256]}},{"type":"Feature","properties":{"clase":"emsr_edificio","aoi":"Timure","aoi_n":2,"damage_gra":"Destroyed","simplified":"Residential","fuente":"Copernicus EMSR927 GRA"},"geometry":{"type":"Point","coordinates":[85.3764264,28.26956234]}},{"type":"Feature","properties":{"clase":"emsr_edificio","aoi":"Timure","aoi_n":2,"damage_gra":"Destroyed","simplified":"Residential","fuente":"Copernicus EMSR927 GRA"},"geometry":{"type":"Point","coordinates":[85.37653739,28.26960295]}},{"type":"Feature","properties":{"clase":"emsr_edificio","aoi":"Timure","aoi_n":2,"damage_gra":"Destroyed","simplified":"Residential","fuente":"Copernicus EMSR927 GRA"},"geometry":{"type":"Point","coordinates":[85.37648596,28.26960836]}},{"type":"Feature","properties":{"clase":"emsr_edificio","aoi":"Timure","aoi_n":2,"damage_gra":"Destroyed","simplified":"Residential","fuente":"Copernicus EMSR927 GRA"},"geometry":{"type":"Point","coordinates":[85.37644805,28.26961377]}},{"type":"Feature","properties":{"clase":"emsr_edificio","aoi":"Timure","aoi_n":2,"damage_gra":"Destroyed","simplified":"Residential","fuente":"Copernicus EMSR927 GRA"},"geometry":{"type":"Point","coordinates":[85.37651303,28.26966251]}},{"type":"Feature","properties":{"clase":"emsr_edificio","aoi":"Timure","aoi_n":2,"damage_gra":"Destroyed","simplified":"Residential","fuente":"Copernicus EMSR927 GRA"},"geometry":{"type":"Point","coordinates":[85.37646701,28.26968146]}},{"type":"Feature","properties":{"clase":"emsr_edificio","aoi":"Timure","aoi_n":2,"damage_gra":"Destroyed","simplified":"Residential","fuente":"Copernicus EMSR927 GRA"},"geometry":{"type":"Point","coordinates":[85.37758151,28.26837203]}},{"type":"Feature","properties":{"clase":"emsr_edificio","aoi":"Timure","aoi_n":2,"damage_gra":"Destroyed","simplified":"Non residential","fuente":"Copernicus EMSR927 GRA"},"geometry":{"type":"Point","coordinates":[85.37760847,28.26853205]}},{"type":"Feature","properties":{"clase":"emsr_edificio","aoi":"Timure","aoi_n":2,"damage_gra":"Destroyed","simplified":"Residential","fuente":"Copernicus EMSR927 GRA"},"geometry":{"type":"Point","coordinates":[85.37660237,28.26957858]}},{"type":"Feature","properties":{"clase":"emsr_edificio","aoi":"Timure","aoi_n":2,"damage_gra":"Destroyed","simplified":"Residential","fuente":"Copernicus EMSR927 GRA"},"geometry":{"type":"Point","coordinates":[85.37656988,28.26965709]}},{"type":"Feature","properties":{"clase":"emsr_edificio","aoi":"Timure","aoi_n":2,"damage_gra":"Destroyed","simplified":"Residential","fuente":"Copernicus EMSR927 GRA"},"geometry":{"type":"Point","coordinates":[85.37660237,28.2696598]}},{"type":"Feature","properties":{"clase":"emsr_edificio","aoi":"Timure","aoi_n":2,"damage_gra":"Destroyed","simplified":"Residential","fuente":"Copernicus EMSR927 GRA"},"geometry":{"type":"Point","coordinates":[85.37664027,28.26970853]}},{"type":"Feature","properties":{"clase":"emsr_edificio","aoi":"Timure","aoi_n":2,"damage_gra":"Destroyed","simplified":"Residential","fuente":"Copernicus EMSR927 GRA"},"geometry":{"type":"Point","coordinates":[85.37654822,28.26971124]}},{"type":"Feature","properties":{"clase":"emsr_edificio","aoi":"Timure","aoi_n":2,"damage_gra":"Destroyed","simplified":"Residential","fuente":"Copernicus EMSR927 GRA"},"geometry":{"type":"Point","coordinates":[85.37659966,28.26971394]}},{"type":"Feature","properties":{"clase":"emsr_edificio","aoi":"Timure","aoi_n":2,"damage_gra":"Destroyed","simplified":"Non residential","fuente":"Copernicus EMSR927 GRA"},"geometry":{"type":"Point","coordinates":[85.37675398,28.26981411]}},{"type":"Feature","properties":{"clase":"emsr_edificio","aoi":"Timure","aoi_n":2,"damage_gra":"Destroyed","simplified":"Non residential","fuente":"Copernicus EMSR927 GRA"},"geometry":{"type":"Point","coordinates":[85.3766511,28.26983577]}},{"type":"Feature","properties":{"clase":"emsr_edificio","aoi":"Timure","aoi_n":2,"damage_gra":"Destroyed","simplified":"Residential","fuente":"Copernicus EMSR927 GRA"},"geometry":{"type":"Point","coordinates":[85.37648596,28.2697356]}},{"type":"Feature","properties":{"clase":"emsr_edificio","aoi":"Timure","aoi_n":2,"damage_gra":"Destroyed","simplified":"Residential","fuente":"Copernicus EMSR927 GRA"},"geometry":{"type":"Point","coordinates":[85.37651844,28.26973831]}},{"type":"Feature","properties":{"clase":"emsr_edificio","aoi":"Timure","aoi_n":2,"damage_gra":"Destroyed","simplified":"Non residential","fuente":"Copernicus EMSR927 GRA"},"geometry":{"type":"Point","coordinates":[85.37680542,28.26996031]}},{"type":"Feature","properties":{"clase":"emsr_edificio","aoi":"Timure","aoi_n":2,"damage_gra":"Destroyed","simplified":"Non residential","fuente":"Copernicus EMSR927 GRA"},"geometry":{"type":"Point","coordinates":[85.37677022,28.27011462]}},{"type":"Feature","properties":{"clase":"emsr_edificio","aoi":"Timure","aoi_n":2,"damage_gra":"Destroyed","simplified":"Residential","fuente":"Copernicus EMSR927 GRA"},"geometry":{"type":"Point","coordinates":[85.37836752,28.27041007]}},{"type":"Feature","properties":{"clase":"emsr_edificio","aoi":"Timure","aoi_n":2,"damage_gra":"Destroyed","simplified":"Unclassified","fuente":"Copernicus EMSR927 GRA"},"geometry":{"type":"Point","coordinates":[85.37849766,28.27042266]}},{"type":"Feature","properties":{"clase":"emsr_edificio","aoi":"Timure","aoi_n":2,"damage_gra":"Destroyed","simplified":"Non residential","fuente":"Copernicus EMSR927 GRA"},"geometry":{"type":"Point","coordinates":[85.37674044,28.27063984]}},{"type":"Feature","properties":{"clase":"emsr_edificio","aoi":"Timure","aoi_n":2,"damage_gra":"Destroyed","simplified":"Residential","fuente":"Copernicus EMSR927 GRA"},"geometry":{"type":"Point","coordinates":[85.37826004,28.2706886]}},{"type":"Feature","properties":{"clase":"emsr_edificio","aoi":"Timure","aoi_n":2,"damage_gra":"Destroyed","simplified":"Non residential","fuente":"Copernicus EMSR927 GRA"},"geometry":{"type":"Point","coordinates":[85.37734733,28.27072963]}},{"type":"Feature","properties":{"clase":"emsr_edificio","aoi":"Timure","aoi_n":2,"damage_gra":"Destroyed","simplified":"Non residential","fuente":"Copernicus EMSR927 GRA"},"geometry":{"type":"Point","coordinates":[85.37684873,28.27074001]}},{"type":"Feature","properties":{"clase":"emsr_edificio","aoi":"Timure","aoi_n":2,"damage_gra":"Destroyed","simplified":"Residential","fuente":"Copernicus EMSR927 GRA"},"geometry":{"type":"Point","coordinates":[85.37827529,28.27078068]}},{"type":"Feature","properties":{"clase":"emsr_edificio","aoi":"Timure","aoi_n":2,"damage_gra":"Destroyed","simplified":"Residential","fuente":"Copernicus EMSR927 GRA"},"geometry":{"type":"Point","coordinates":[85.37828748,28.27087703]}},{"type":"Feature","properties":{"clase":"emsr_edificio","aoi":"Timure","aoi_n":2,"damage_gra":"Destroyed","simplified":"Non residential","fuente":"Copernicus EMSR927 GRA"},"geometry":{"type":"Point","coordinates":[85.37698951,28.27098096]}},{"type":"Feature","properties":{"clase":"emsr_edificio","aoi":"Timure","aoi_n":2,"damage_gra":"Destroyed","simplified":"Residential","fuente":"Copernicus EMSR927 GRA"},"geometry":{"type":"Point","coordinates":[85.3785435,28.27102157]}},{"type":"Feature","properties":{"clase":"emsr_edificio","aoi":"Timure","aoi_n":2,"damage_gra":"Destroyed","simplified":"Non residential","fuente":"Copernicus EMSR927 GRA"},"geometry":{"type":"Point","coordinates":[85.37807514,28.27111091]}},{"type":"Feature","properties":{"clase":"emsr_edificio","aoi":"Timure","aoi_n":2,"damage_gra":"Destroyed","simplified":"Non residential","fuente":"Copernicus EMSR927 GRA"},"geometry":{"type":"Point","coordinates":[85.37676487,28.27115494]}},{"type":"Feature","properties":{"clase":"emsr_edificio","aoi":"Timure","aoi_n":2,"damage_gra":"Destroyed","simplified":"Non residential","fuente":"Copernicus EMSR927 GRA"},"geometry":{"type":"Point","coordinates":[85.37692168,28.27118582]}},{"type":"Feature","properties":{"clase":"emsr_edificio","aoi":"Timure","aoi_n":2,"damage_gra":"Destroyed","simplified":"Residential","fuente":"Copernicus EMSR927 GRA"},"geometry":{"type":"Point","coordinates":[85.37900374,28.27121379]}},{"type":"Feature","properties":{"clase":"emsr_edificio","aoi":"Timure","aoi_n":2,"damage_gra":"Destroyed","simplified":"Residential","fuente":"Copernicus EMSR927 GRA"},"geometry":{"type":"Point","coordinates":[85.3789875,28.27133832]}},{"type":"Feature","properties":{"clase":"emsr_edificio","aoi":"Timure","aoi_n":2,"damage_gra":"Destroyed","simplified":"Residential","fuente":"Copernicus EMSR927 GRA"},"geometry":{"type":"Point","coordinates":[85.37884131,28.27148722]}},{"type":"Feature","properties":{"clase":"emsr_edificio","aoi":"Timure","aoi_n":2,"damage_gra":"Destroyed","simplified":"Non residential","fuente":"Copernicus EMSR927 GRA"},"geometry":{"type":"Point","coordinates":[85.37856249,28.27173507]}},{"type":"Feature","properties":{"clase":"emsr_edificio","aoi":"Timure","aoi_n":2,"damage_gra":"Destroyed","simplified":"Residential","fuente":"Copernicus EMSR927 GRA"},"geometry":{"type":"Point","coordinates":[85.37861931,28.27193393]}},{"type":"Feature","properties":{"clase":"emsr_edificio","aoi":"Timure","aoi_n":2,"damage_gra":"Destroyed","simplified":"Residential","fuente":"Copernicus EMSR927 GRA"},"geometry":{"type":"Point","coordinates":[85.37846228,28.27194476]}},{"type":"Feature","properties":{"clase":"emsr_edificio","aoi":"Timure","aoi_n":2,"damage_gra":"Destroyed","simplified":"Residential","fuente":"Copernicus EMSR927 GRA"},"geometry":{"type":"Point","coordinates":[85.37889274,28.27216405]}},{"type":"Feature","properties":{"clase":"emsr_edificio","aoi":"Timure","aoi_n":2,"damage_gra":"Destroyed","simplified":"Residential","fuente":"Copernicus EMSR927 GRA"},"geometry":{"type":"Point","coordinates":[85.37881423,28.2722209]}},{"type":"Feature","properties":{"clase":"emsr_edificio","aoi":"Timure","aoi_n":2,"damage_gra":"Destroyed","simplified":"Non residential","fuente":"Copernicus EMSR927 GRA"},"geometry":{"type":"Point","coordinates":[85.37711405,28.27291397]}},{"type":"Feature","properties":{"clase":"emsr_edificio","aoi":"Timure","aoi_n":2,"damage_gra":"Destroyed","simplified":"Non residential","fuente":"Copernicus EMSR927 GRA"},"geometry":{"type":"Point","coordinates":[85.37685144,28.27297082]}},{"type":"Feature","properties":{"clase":"emsr_edificio","aoi":"Timure","aoi_n":2,"damage_gra":"Destroyed","simplified":"Non residential","fuente":"Copernicus EMSR927 GRA"},"geometry":{"type":"Point","coordinates":[85.3767973,28.27325509]}},{"type":"Feature","properties":{"clase":"emsr_edificio","aoi":"Timure","aoi_n":2,"damage_gra":"Destroyed","simplified":"Non residential","fuente":"Copernicus EMSR927 GRA"},"geometry":{"type":"Point","coordinates":[85.376689,28.27405104]}},{"type":"Feature","properties":{"clase":"emsr_edificio","aoi":"Timure","aoi_n":2,"damage_gra":"Destroyed","simplified":"Non residential","fuente":"Copernicus EMSR927 GRA"},"geometry":{"type":"Point","coordinates":[85.37740913,28.27705576]}},{"type":"Feature","properties":{"clase":"emsr_edificio","aoi":"Timure","aoi_n":2,"damage_gra":"Destroyed","simplified":"Non residential","fuente":"Copernicus EMSR927 GRA"},"geometry":{"type":"Point","coordinates":[85.37732629,28.27725002]}},{"type":"Feature","properties":{"clase":"emsr_edificio","aoi":"Timure","aoi_n":2,"damage_gra":"Destroyed","simplified":"Non residential","fuente":"Copernicus EMSR927 GRA"},"geometry":{"type":"Point","coordinates":[85.37740651,28.27746819]}},{"type":"Feature","properties":{"clase":"emsr_edificio","aoi":"Timure","aoi_n":2,"damage_gra":"Destroyed","simplified":"Non residential","fuente":"Copernicus EMSR927 GRA"},"geometry":{"type":"Point","coordinates":[85.37742588,28.27773672]}},{"type":"Feature","properties":{"clase":"emsr_edificio","aoi":"Timure","aoi_n":2,"damage_gra":"Destroyed","simplified":"Non residential","fuente":"Copernicus EMSR927 GRA"},"geometry":{"type":"Point","coordinates":[85.37783621,28.2778272]}},{"type":"Feature","properties":{"clase":"emsr_edificio","aoi":"Timure","aoi_n":2,"damage_gra":"Destroyed","simplified":"Non residential","fuente":"Copernicus EMSR927 GRA"},"geometry":{"type":"Point","coordinates":[85.37762037,28.2779652]}},{"type":"Feature","properties":{"clase":"emsr_edificio","aoi":"Timure","aoi_n":2,"damage_gra":"Destroyed","simplified":"Non residential","fuente":"Copernicus EMSR927 GRA"},"geometry":{"type":"Point","coordinates":[85.37797948,28.27809401]}},{"type":"Feature","properties":{"clase":"emsr_edificio","aoi":"Timure","aoi_n":2,"damage_gra":"Destroyed","simplified":"Non residential","fuente":"Copernicus EMSR927 GRA"},"geometry":{"type":"Point","coordinates":[85.37799894,28.27815787]}},{"type":"Feature","properties":{"clase":"emsr_edificio","aoi":"Timure","aoi_n":2,"damage_gra":"Destroyed","simplified":"Non residential","fuente":"Copernicus EMSR927 GRA"},"geometry":{"type":"Point","coordinates":[85.37813344,28.27817269]}},{"type":"Feature","properties":{"clase":"emsr_edificio","aoi":"Timure","aoi_n":2,"damage_gra":"Destroyed","simplified":"Non residential","fuente":"Copernicus EMSR927 GRA"},"geometry":{"type":"Point","coordinates":[85.37801026,28.27820554]}},{"type":"Feature","properties":{"clase":"emsr_edificio","aoi":"Timure","aoi_n":2,"damage_gra":"Destroyed","simplified":"Non residential","fuente":"Copernicus EMSR927 GRA"},"geometry":{"type":"Point","coordinates":[85.37810059,28.27821141]}},{"type":"Feature","properties":{"clase":"emsr_edificio","aoi":"Timure","aoi_n":2,"damage_gra":"Destroyed","simplified":"Non residential","fuente":"Copernicus EMSR927 GRA"},"geometry":{"type":"Point","coordinates":[85.37832004,28.27834365]}}]}