{"type": "FeatureCollection", "features": [{"type": "Feature", "properties": {"clase": "nucleo_valle", "area_km2": 3.2}, "geometry": {"type": "MultiPolygon", "coordinates": [[[[85.37855059293724, 28.27916987002223], [85.37904309819089, 28.27895351229276], [85.37854965219448, 28.27895515078426], [85.37855059293724, 28.27916987002223]]], [[[85.37830292918925, 28.27895596922962], [85.37854871145638, 28.278740431436567], [85.37830198906425, 28.27874124988031], [85.37830292918925, 28.27895596922962]]], [[[85.37756182185994, 28.27874370200993], [85.37805526666749, 28.278742067790443], [85.37805244815992, 28.278097909079356], [85.37731134880579, 28.27788563979899], [85.37706088072645, 28.277027575285842], [85.3770711882258, 28.279389491837982], [85.3765786755493, 28.279605840829703], [85.37658335485446, 28.280679434341227], [85.37756182185994, 28.27874370200993]]], [[[85.37678139182755, 28.269513113071984], [85.3775261704619, 28.270584285226125], [85.37778131823246, 28.272515976204428], [85.3780158113856, 28.269723755942813], [85.37776723734098, 28.269295124996336], [85.37678139182755, 28.269513113071984]]], [[[85.37678139182755, 28.269513113071984], [85.37653282451184, 28.269084479220325], [85.37628612966981, 28.26908529332294], [85.37628799969617, 28.269514741817236], [85.37678139182755, 28.269513113071984]]], [[[85.3775543157429, 28.277025943226512], [85.37755243926028, 28.27659650243331], [85.37779727784519, 28.276166244377528], [85.37730478535934, 28.27638259816371], [85.3775543157429, 28.277025943226512]]], [[[85.3765637025542, 28.276170323159565], [85.37705900669619, 28.276598134486196], [85.37705619568574, 28.275953972463586], [85.3765637025542, 28.276170323159565]]], [[[85.37653843832469, 28.27037282337569], [85.37703277222849, 28.27058591718877], [85.37703183535072, 28.27037119355046], [85.37653843832469, 28.27037282337569]]], [[[85.3767757744484, 28.268224766290448], [85.37702527733678, 28.268868125007348], [85.37702246682922, 28.26822395112716], [85.3767757744484, 28.268224766290448]]], [[[85.37657025309304, 28.27767336559683], [85.37681322680686, 28.276813670168508], [85.37656650990009, 28.276814484862594], [85.37657025309304, 28.27767336559683]]], [[[85.37652814646232, 28.268010856070582], [85.37677296582164, 28.267580591416873], [85.37652627527507, 28.26758140604185], [85.37652814646232, 28.268010856070582]]], [[[85.37629360988683, 28.270803084664404], [85.37653937397644, 28.27058754701719], [85.37629267484344, 28.270588361131097], [85.37629360988683, 28.270803084664404]]], [[[85.37603850042989, 28.268871382478522], [85.376284259662, 28.26865584438935], [85.37603756604129, 28.268656657955216], [85.37603850042989, 28.268871382478522]]], [[[85.37578993864496, 28.26844274635274], [85.37603476290337, 28.26801248372622], [85.37578807111693, 28.268013296753708], [85.37578993864496, 28.26844274635274]]], [[[85.37230848244452, 28.262012281962292], [85.37181513305235, 28.2620138913884], [85.37181790454297, 28.262658074927867], [85.37231033255188, 28.26244173775881], [85.37256626540848, 28.264588204615276], [85.37380246192556, 28.265228348495594], [85.37380060434356, 28.26479889557533], [85.37305962948271, 28.264586591949882], [85.37329703618411, 28.262438512491673], [85.37255330581897, 28.26158202021602], [85.37205995888752, 28.261583630702784], [85.37230848244452, 28.262012281962292]], [[85.37230848244452, 28.262012281962292], [85.37255608279797, 28.26222620440062], [85.3723094074959, 28.262227009915506], [85.37230848244452, 28.262012281962292]]], [[[85.37156291916939, 28.260726325245223], [85.37107049906366, 28.260942660071787], [85.37156476554438, 28.26115578237017], [85.37156291916939, 28.260726325245223]]], [[[85.37156476554438, 28.26115578237017], [85.37181236160308, 28.261369706859814], [85.37181143779583, 28.261154978463757], [85.37156476554438, 28.26115578237017]]], [[[85.37181236160308, 28.261369706859814], [85.37181328541492, 28.261584435145906], [85.37205903446282, 28.261368902418273], [85.37181236160308, 28.261369706859814]]], [[[85.37156845834939, 28.26201469530116], [85.37181420923135, 28.26179916332212], [85.37156753514125, 28.26179996723326], [85.37156845834939, 28.26201469530116]]], [[[85.36686523067739, 28.258164745696593], [85.36661219092672, 28.256662426055133], [85.36611705274831, 28.256234549049385], [85.36635824977975, 28.254945368850873], [85.36561828602726, 28.254947743621717], [85.36562373622192, 28.25623613171519], [85.36512769823663, 28.255593518685895], [85.3653852480333, 28.258169496979374], [85.36662129954884, 28.258809728485396], [85.36810129308812, 28.25880496116935], [85.36809946397345, 28.25837550158171], [85.36686523067739, 28.258164745696593]]], [[[85.36336228462773, 28.246365483400435], [85.36360981802063, 28.246579433244495], [85.36360891474797, 28.246364697207007], [85.36336228462773, 28.246365483400435]]], [[[85.36360981802063, 28.246579433244495], [85.36385916043201, 28.247222853963404], [85.36361704436355, 28.248297317581866], [85.36485475439548, 28.24936705263819], [85.36461626795911, 28.25130044797318], [85.36510955633425, 28.251298869646867], [85.36534712411272, 28.249150738677198], [85.36460539838814, 28.248723637389084], [85.36410488848247, 28.2470073309927], [85.36360981802063, 28.246579433244495]]], [[[85.36487832223413, 28.25495011359125], [85.3651267910987, 28.255378787278897], [85.36512497683634, 28.254949324134923], [85.36487832223413, 28.25495011359125]]], [[[85.36311836065848, 28.24701047685197], [85.3633667979726, 28.247439162494885], [85.3633649926212, 28.24700969118733], [85.36311836065848, 28.24701047685197]]], [[[85.3633667979726, 28.247439162494885], [85.36336770065503, 28.247653897983568], [85.36361343115621, 28.24743837629371], [85.3633667979726, 28.247439162494885]]], [[[85.36287172869126, 28.24701126198314], [85.36311745860216, 28.246795741031537], [85.36287082724762, 28.246796526161177], [85.36287172869126, 28.24701126198314]]], [[[85.36262419588861, 28.246797310757394], [85.36286992580847, 28.246581790229136], [85.36262329506212, 28.246582574823794], [85.36262419588861, 28.246797310757394]]], [[[85.36155593648229, 28.22725902224271], [85.36178633832272, 28.22339279567887], [85.36128872274895, 28.22232061886386], [85.36079470359168, 28.222107432262412], [85.36129141454033, 28.22296486371711], [85.3612959009484, 28.224038602932485], [85.36080187195817, 28.22382541723833], [85.36081620954575, 28.227261366008936], [85.36155593648229, 28.22725902224271]]], [[[85.36080007983985, 28.223395921656337], [85.36104754113651, 28.223609888806585], [85.36104664446724, 28.223395140961966], [85.36080007983985, 28.223395921656337]]], [[[85.36083771806376, 28.232415236229905], [85.36034543237285, 28.232631539365215], [85.36083951055602, 28.232844722548485], [85.36083771806376, 28.232415236229905]]], [[[85.36083234069388, 28.231126774628397], [85.36033916733345, 28.231128334527792], [85.36059023208406, 28.232201273129295], [85.36083682182432, 28.232200492905218], [85.36083234069388, 28.231126774628397]]], [[[85.36055261976783, 28.223181953859353], [85.36079828773931, 28.22296642563305], [85.36055172433214, 28.222967205791033], [85.36055261976783, 28.223181953859353]]], [[[85.36055082890087, 28.222752457612295], [85.3607964956566, 28.222536929168403], [85.36054993347408, 28.222537709323305], [85.36055082890087, 28.222752457612295]]], [[[85.35911961327058, 28.23435337166674], [85.35887925715555, 28.23585734150133], [85.3591258573392, 28.23585656498487], [85.35961280504951, 28.234351817055092], [85.35911961327058, 28.23435337166674]]], [[[85.35961280504951, 28.234351817055092], [85.36010510236865, 28.23413551797261], [85.36034811745643, 28.233275768356396], [85.35985493182896, 28.233277326152997], [85.35961280504951, 28.234351817055092]]], [[[85.36034811745643, 28.233275768356396], [85.36059291897836, 28.232845502777188], [85.36034632739626, 28.232846282472504], [85.36034811745643, 28.233275768356396]]], [[[85.36009526379944, 28.231773344988056], [85.36034095732248, 28.231557822175386], [85.3600943694107, 28.231558601328096], [85.36009526379944, 28.231773344988056]]], [[[85.35940370255861, 28.2433716734963], [85.35915262009279, 28.242298760915435], [85.35865938296747, 28.242300313506803], [85.35865671018821, 28.241656098365556], [85.35914905149518, 28.241439807185795], [85.35889619479804, 28.239937410464265], [85.35840386141483, 28.24015370132826], [85.35865225564466, 28.24058240426085], [85.35767290866373, 28.242303412288408], [85.35866561960731, 28.243803478315495], [85.35915886530925, 28.243801925702726], [85.35940727376628, 28.24423062325568], [85.36014625130196, 28.244013551456206], [85.35940370255861, 28.2433716734963]]], [[[85.3589051099889, 28.24208479920906], [85.35915083578512, 28.24186928427087], [85.35890421844987, 28.241870060830216], [85.3589051099889, 28.24208479920906]]], [[[85.35864869208949, 28.239723446994617], [85.35889441181301, 28.2395079313936], [85.35864780121176, 28.239508707402692], [85.35864869208949, 28.239723446994617]]], [[[85.35767024323572, 28.241659197128865], [85.35816080765694, 28.241013432672474], [85.35815457999598, 28.239510257820598], [85.35790796938144, 28.239511032229434], [85.35767024323572, 28.241659197128865]]], [[[85.35708387338455, 28.219112587518133], [85.35757786628383, 28.219325791729915], [85.35757697827552, 28.219111041656873], [85.35708387338455, 28.219112587518133]]], [[[85.35658545521318, 28.217825628453145], [85.35658279864117, 28.21718137556634], [85.35608882044502, 28.216968165947815], [85.35609058903083, 28.217397668209568], [85.35658545521318, 28.217825628453145]]], [[[85.3560932419425, 28.21804192077426], [85.3563389064259, 28.217826399508084], [85.35609235763422, 28.217827170029743], [85.3560932419425, 28.21804192077426]]], [[[85.35559749388334, 28.21739920764685], [85.35584492514653, 28.217613189161632], [85.35584404145928, 28.217398438194884], [85.35559749388334, 28.21739920764685]]], [[[85.35584492514653, 28.217613189161632], [85.35584580883817, 28.21782794001804], [85.35609147333034, 28.217612419174817], [85.35584492514653, 28.217613189161632]]], [[[85.35584139042389, 28.216754184632027], [85.35608705187677, 28.21653866324443], [85.3558405067542, 28.21653943322363], [85.35584139042389, 28.216754184632027]]], [[[85.35534388675893, 28.215681964832456], [85.35559219552552, 28.216110699518545], [85.35559042944134, 28.21568119592586], [85.35534388675893, 28.215681964832456]]], [[[85.35559219552552, 28.216110699518545], [85.35559307857419, 28.2163254511493], [85.355838739428, 28.21610993007564], [85.35559219552552, 28.216110699518545]]], [[[85.35509998953161, 28.216326988438283], [85.35460690047151, 28.21632852359405], [85.35485608866588, 28.216972010526174], [85.35510263503048, 28.216971242677094], [85.35509998953161, 28.216326988438283]]], [[[85.35510263503048, 28.216971242677094], [85.35535006384465, 28.217185225485313], [85.3553491813907, 28.216970474294676], [85.35510263503048, 28.216971242677094]]], [[[85.35535006384465, 28.217185225485313], [85.355350946303, 28.217399976565584], [85.35559661081274, 28.217184456568145], [85.35535006384465, 28.217185225485313]]], [[[85.3550955804544, 28.215253229165327], [85.35534123950221, 28.215037708610797], [85.35509469865211, 28.215038476979522], [85.3550955804544, 28.215253229165327]]], [[[85.35506471997945, 28.207736836945408], [85.35531035775468, 28.20752131257761], [85.35530594651463, 28.20644753066771], [85.3548164378692, 28.207308092512008], [85.35506471997945, 28.207736836945408]]], [[[85.35432076082424, 28.20666535731027], [85.35481467581724, 28.20687857985251], [85.3548137947978, 28.20666382335701], [85.35432076082424, 28.20666535731027]]], [[[85.35435683601116, 28.2154702831564], [85.35460249751661, 28.21525476430603], [85.35435595604115, 28.215255531076444], [85.35435683601116, 28.2154702831564]]], [[[85.35456991904829, 28.20730885975981], [85.35384266313376, 28.210317734629037], [85.35409270759321, 28.211175986783804], [85.35458664778426, 28.21138920801039], [85.35456991904829, 28.20730885975981]]], [[[85.35431988103339, 28.206450600701224], [85.3545655170117, 28.206235077274684], [85.35431900124692, 28.206235843981684], [85.35431988103339, 28.206450600701224]]], [[[85.35281274919367, 28.199582919610652], [85.35207238457657, 28.19937044652336], [85.3525697538661, 28.200442722503787], [85.35257675706319, 28.20216079712691], [85.35282588933597, 28.202804310335978], [85.35356540731632, 28.20280201828587], [85.35306625886132, 28.20130023428724], [85.3530574928421, 28.19915263550945], [85.35281274919367, 28.199582919610652]]], [[[85.35231275766186, 28.197866359681473], [85.35256187560192, 28.198509880093262], [85.35255924959209, 28.197865597298975], [85.35231275766186, 28.197866359681473]]], [[[85.35256187560192, 28.198509880093262], [85.35256450165086, 28.199154161892146], [85.35280836936374, 28.19850911717306], [85.35256187560192, 28.198509880093262]]], [[[85.35182326779972, 28.198726926369392], [85.35207151044223, 28.199155686141914], [85.35206976218656, 28.198726165047333], [85.35182326779972, 28.198726926369392]]], [[[85.3515759005112, 28.19851292644207], [85.35182064728471, 28.198082643893397], [85.35157415472949, 28.198083404677803], [85.3515759005112, 28.19851292644207]]], [[[85.34933664024885, 28.193365458836695], [85.34957877995474, 28.19229088430768], [85.34858422158956, 28.190146259377666], [85.34809041748713, 28.189933001277197], [85.348588548562, 28.191220083517415], [85.34784653877115, 28.190578049168487], [85.34784999303231, 28.19143710783397], [85.34834380512777, 28.19165036620674], [85.34834639955291, 28.19229465870276], [85.3488402177673, 28.192507914485304], [85.3488428159154, 28.19315220564439], [85.34983480963136, 28.194652525028705], [85.35007868500826, 28.194007479187615], [85.34933664024885, 28.193365458836695]], [[85.34859027938106, 28.191649612398532], [85.34883588760647, 28.191434093673415], [85.34883675363004, 28.19164885805714], [85.34859027938106, 28.191649612398532]]], [[[85.34784394812029, 28.189933754007185], [85.34808955333357, 28.18971823600351], [85.34784308457857, 28.18971898873206], [85.34784394812029, 28.189933754007185]]], [[[85.3476000675644, 28.190578801369778], [85.34784567521656, 28.190363284225434], [85.34759920462169, 28.190364036425244], [85.3476000675644, 28.190578801369778]]], [[[85.34735100937372, 28.18993525786772], [85.34759834168328, 28.19014927136996], [85.34759747874915, 28.189934506204015], [85.34735100937372, 28.18993525786772]]], [[[85.34387824149817, 28.184361791427], [85.34437456805259, 28.185219374162585], [85.34561027964901, 28.18607471245401], [85.34561199557831, 28.186504246684525], [85.34610491480576, 28.186502750335446], [85.34560684784154, 28.185215642664044], [85.34511393593873, 28.1852171368629], [85.34461845754953, 28.184574325406242], [85.34461503564987, 28.18371525249174], [85.34387055887558, 28.1824288738407], [85.34362922888933, 28.183718230185562], [85.34412213227809, 28.18371674240493], [85.34387824149817, 28.184361791427]], [[85.34387397333211, 28.183287949431186], [85.34412127803733, 28.18350197389649], [85.34387482695685, 28.183502718051873], [85.34387397333211, 28.183287949431186]]], [[[85.34362411084969, 28.1824296174557], [85.34386970527203, 28.182214104666144], [85.34362325785791, 28.18221484827967], [85.34362411084969, 28.1824296174557]]], [[[85.34337851520382, 28.182645129604218], [85.34362666985045, 28.18307392431912], [85.34362496384571, 28.182644386520927], [85.34337851520382, 28.182645129604218]]], [[[85.34337851520382, 28.182645129604218], [85.34337681043954, 28.182215591360052], [85.34288391559012, 28.182217075921436], [85.34288561790738, 28.182646614171446], [85.34337851520382, 28.182645129604218]]], [[[85.34310055379142, 28.174699342835535], [85.3433461275767, 28.174483827172303], [85.34309970217535, 28.17448456966698], [85.34310055379142, 28.174699342835535]]], [[[85.34309544415851, 28.173410702161267], [85.34334442313397, 28.174054280505555], [85.34334186650163, 28.173409959673887], [85.34309544415851, 28.173410702161267]]], [[[85.34207664124445, 28.16503740485237], [85.34232473894838, 28.165466220549565], [85.34232303975311, 28.165036664554087], [85.34207664124445, 28.16503740485237]]], [[[85.34232473894838, 28.165466220549565], [85.34234088214478, 28.16954698037188], [85.34283370483438, 28.16954549811496], [85.34258389235121, 28.168687135512883], [85.34331630227214, 28.166966696462328], [85.3430639381182, 28.165463996447635], [85.34281838922615, 28.165679516176333], [85.34232473894838, 28.165466220549565]]], [[[85.34261110336604, 28.175559917805767], [85.34262130861104, 28.17813718189603], [85.3431150319112, 28.178350469740515], [85.34310225703621, 28.175128888840007], [85.34261110336604, 28.175559917805767]]], [[[85.34260770175278, 28.17470082622857], [85.34284902181113, 28.17341144411558], [85.34260259945957, 28.17341218553682], [85.34260770175278, 28.17470082622857]]], [[[85.34183024273156, 28.165038144617622], [85.34207579226464, 28.164822626686696], [85.34182939436326, 28.164823366450527], [85.34183024273156, 28.165038144617622]]], [[[85.34207579226464, 28.164822626686696], [85.34232219016181, 28.164821886389895], [85.34256943825757, 28.16503592372275], [85.34256773785616, 28.164606367286282], [85.34207579226464, 28.164822626686696]]], [[[85.34256943825757, 28.16503592372275], [85.34257113867586, 28.165465479715287], [85.34281583675781, 28.16503518235832], [85.34256943825757, 28.16503592372275]]], [[[85.33787696468626, 28.162257783238218], [85.33811832053053, 28.160968372565772], [85.33737999691925, 28.161185344785302], [85.33738418341282, 28.16225924407481], [85.33787948030115, 28.162902121471348], [85.3388650501358, 28.162899193384483], [85.33787696468626, 28.162257783238218]]], [[[85.337379159633, 28.160970564594365], [85.33762470870946, 28.16075505415066], [85.3373783223509, 28.16075578429236], [85.337379159633, 28.160970564594365]]], [[[85.33762470870946, 28.16075505415066], [85.33787025656301, 28.160539543065777], [85.33762387082007, 28.160540273739144], [85.33762470870946, 28.16075505415066]]], [[[85.3356494527774, 28.159686977134786], [85.33614221943394, 28.15968552379489], [85.33614138523397, 28.159470742819693], [85.33540140471572, 28.15925814093511], [85.3356494527774, 28.159686977134786]]], [[[85.33614138523397, 28.159470742819693], [85.33638693313733, 28.159255234266777], [85.33614055103814, 28.15925596173341], [85.33614138523397, 28.159470742819693]]], [[[85.3358941689348, 28.159256688667], [85.33613888265889, 28.158826399227745], [85.33589250177842, 28.158827126158524], [85.3358941689348, 28.159256688667]]], [[[85.33095420615689, 28.156049385339355], [85.33046228018776, 28.156265599029147], [85.3309558487501, 28.156478950791797], [85.33095749135961, 28.156908515800005], [85.33219019298626, 28.157119711511633], [85.3321885442546, 28.156690146739653], [85.33120222298722, 28.156478234536877], [85.33095420615689, 28.156049385339355]]], [[[85.33021508708941, 28.156051530897727], [85.33070701245937, 28.15583531816422], [85.33021426763308, 28.15583674800068], [85.33021508708941, 28.156051530897727]]], [[[85.32996789521384, 28.155837462119404], [85.33021344818081, 28.155621964992577], [85.32996707637295, 28.155622679109882], [85.32996789521384, 28.155837462119404]]], [[[85.32971906811422, 28.15519382633913], [85.32996625753614, 28.155407895989256], [85.32996543870338, 28.155193112757587], [85.32971906811422, 28.15519382633913]]], [[[85.32897669081392, 28.154336829825752], [85.32922387595217, 28.154550901529067], [85.32922305896977, 28.15433611784887], [85.32897669081392, 28.154336829825752]]], [[[85.32922387595217, 28.154550901529067], [85.32947187991505, 28.154979756042096], [85.32947024471535, 28.154550189017748], [85.32922387595217, 28.154550901529067]]], [[[85.32947187991505, 28.154979756042096], [85.329472697521, 28.15519453938765], [85.32971824989691, 28.154979042994945], [85.32947187991505, 28.154979756042096]]], [[[85.32848476963832, 28.154553035865], [85.32873195417737, 28.154767108524595], [85.32873113841366, 28.154552324952693], [85.32848476963832, 28.154553035865]]], [[[85.32873195417737, 28.154767108524595], [85.32873358571696, 28.155196675335176], [85.3292263269237, 28.15519525190314], [85.32897832356004, 28.15476639707789], [85.32873195417737, 28.154767108524595]]], [[[85.328730322654, 28.1543375412697], [85.32897587444693, 28.154122046033123], [85.32872950689837, 28.154122757475612], [85.328730322654, 28.1543375412697]]], [[[85.32798877639748, 28.15369532067549], [85.32823432821468, 28.15347982670457], [85.32798796248807, 28.153480536543967], [85.32798877639748, 28.15369532067549]]], [[[85.32452917799871, 28.150912999853798], [85.32477634235943, 28.15112708297567], [85.32477553644561, 28.150912297492845], [85.32452917799871, 28.150912999853798]]], [[[85.32428281954782, 28.15091370168174], [85.3245283727002, 28.150698214258426], [85.32428201486063, 28.15069891608503], [85.32428281954782, 28.15091370168174]]], [[[85.32354213846868, 28.15048623265499], [85.32403565701705, 28.15069961737867], [85.32403485294518, 28.150484831669402], [85.32354213846868, 28.15048623265499]]], [[[85.32280306672408, 28.150488330136024], [85.32329497899049, 28.15027214652376], [85.32280226571272, 28.15027354430877], [85.32280306672408, 28.150488330136024]]], [[[85.32280466875872, 28.1509179014571], [85.32305022560291, 28.150702417223407], [85.32280386773941, 28.150703115852135], [85.32280466875872, 28.1509179014571]]], [[[85.32230875263427, 28.150060154020736], [85.32255590906787, 28.150274242401796], [85.32255510867179, 28.150059456462053], [85.32230875263427, 28.150060154020736]]], [[[85.32181763767564, 28.150491119315774], [85.32230955241904, 28.15027493996186], [85.32181683910952, 28.15027633348304], [85.32181763767564, 28.150491119315774]]], [[[85.3220623965928, 28.150060851046444], [85.32230795285346, 28.14984536796845], [85.3220615974233, 28.149846064992822], [85.3220623965928, 28.150060851046444]]], [[[85.32132253110896, 28.149848152868], [85.32156968449793, 28.150062243498933], [85.32156888655103, 28.149847457442554], [85.32132253110896, 28.149848152868]]], [[[85.32156968449793, 28.150062243498933], [85.32157048244879, 28.150277029444176], [85.32181604054735, 28.150061547539153], [85.32156968449793, 28.150062243498933]]], [[[85.32033154517889, 28.148347423685884], [85.3205794873098, 28.14877630397032], [85.32057789635773, 28.148346730401826], [85.32033154517889, 28.148347423685884]]], [[[85.3205794873098, 28.14877630397032], [85.32058028279174, 28.148991090587845], [85.32082583970727, 28.148775610150597], [85.3205794873098, 28.14877630397032]]], [[[85.31984043009373, 28.148778382231608], [85.32008598824758, 28.14856290327941], [85.31983963644957, 28.148563595498857], [85.31984043009373, 28.148778382231608]]], [[[85.31416185070952, 28.14535755465229], [85.31292703121397, 28.1445017915006], [85.31317026328108, 28.14364195759244], [85.31267758758037, 28.143643311591102], [85.31268224260812, 28.144932045895498], [85.31342360022241, 28.145574379713324], [85.31662842030346, 28.146209884261772], [85.31588703346584, 28.14556757229386], [85.31416185070952, 28.14535755465229]]], [[[85.30675177775865, 28.139793165793524], [85.30699962810957, 28.14022208448557], [85.30699810470112, 28.139792501874773], [85.30675177775865, 28.139793165793524]]], [[[85.30699962810957, 28.14022208448557], [85.30700343669682, 28.141296039065796], [85.30848218933723, 28.141506834881344], [85.30947058793629, 28.1423633222097], [85.31119415536594, 28.142143832325875], [85.31094627873063, 28.141714924752307], [85.31020805125438, 28.141931730868677], [85.30798799737192, 28.141078587336544], [85.30823279841206, 28.1406483390375], [85.30699962810957, 28.14022208448557]]], [[[85.30601279690856, 28.139795154352328], [85.3062583639973, 28.139579700556173], [85.30601203765465, 28.13958036287485], [85.30601279690856, 28.139795154352328]]], [[[85.3062583639973, 28.139579700556173], [85.3065039298637, 28.139364246118426], [85.306257604136, 28.139364908968734], [85.3062583639973, 28.139579700556173]]], [[[85.30179828134912, 28.132073768174244], [85.30179977882118, 28.13250335885183], [85.3013064188148, 28.132289868400893], [85.3005697389432, 28.132936207187072], [85.30106384773566, 28.13336449533922], [85.30204908249387, 28.133361885649215], [85.3025462034446, 28.134649344273264], [85.30303882811945, 28.134648034083927], [85.30304258732777, 28.13572200323222], [85.30403086606614, 28.136578549727773], [85.30476981950525, 28.13657657401735], [85.30476830722533, 28.13614698760028], [85.30402860315186, 28.13593416992358], [85.30328589289658, 28.134862172240833], [85.30352919363266, 28.134002338946118], [85.30328288313781, 28.134002995369176], [85.30278800852348, 28.133359922786376], [85.30278500375776, 28.13250074278767], [85.30179828134912, 28.132073768174244]], [[85.30328288313781, 28.134002995369176], [85.30303732446224, 28.13421844564552], [85.30303657263923, 28.134003651259324], [85.30328288313781, 28.134002995369176]], [[85.30229539117413, 28.133361231894508], [85.30254094926471, 28.133145782772875], [85.30254169985068, 28.133360577606897], [85.30229539117413, 28.133361231894508]]], [[[85.30155122820837, 28.131859625348433], [85.30179828134912, 28.132073768174244], [85.30179753261865, 28.131858972668464], [85.30155122820837, 28.131859625348433]]], [[[85.30353069972674, 28.134431927602], [85.30377776510375, 28.134646064803178], [85.30377701144, 28.13443127064348], [85.30353069972674, 28.134431927602]]], [[[85.30328213070746, 28.133788200873003], [85.30352768755353, 28.13357274984504], [85.30328137828083, 28.13357340626548], [85.30328213070746, 28.133788200873003]]], [[[85.3030335653845, 28.133144472601547], [85.30328062585794, 28.133358611546694], [85.30327987343877, 28.13314381671656], [85.3030335653845, 28.133144472601547]]], [[[85.30080858357951, 28.13078760096656], [85.30105712559316, 28.13143133775651], [85.30105488494571, 28.13078694989166], [85.30080858357951, 28.13078760096656]]], [[[85.30105712559316, 28.13143133775651], [85.301060113175, 28.132290520017662], [85.30155048009267, 28.131644829730046], [85.30105712559316, 28.13143133775651]]], [[[85.30032268638016, 28.132722062140854], [85.30056750188426, 28.132291821652505], [85.30032119623336, 28.132292471670592], [85.30032268638016, 28.132722062140854]]], [[[85.30056750188426, 28.132291821652505], [85.30081231495525, 28.131861580191075], [85.30056601053015, 28.131862230739486], [85.30056750188426, 28.132291821652505]]], [[[85.30031970610133, 28.131862880755016], [85.30056526485863, 28.131647435116], [85.30031896104086, 28.13164808513027], [85.30031970610133, 28.131862880755016]]], [[[85.30007191277369, 28.131433938874245], [85.30031598083599, 28.130788901517768], [85.30006967945869, 28.130789550994074], [85.30007191277369, 28.131433938874245]]], [[[85.29858224146224, 28.128001077500915], [85.29882705226622, 28.127570835853437], [85.29858076003197, 28.12757148211344], [85.29858224146224, 28.128001077500915]]], [[[85.29759042327537, 28.12607047442461], [85.29660379976167, 28.125643448162144], [85.29759411453051, 28.127144465981605], [85.29833446779404, 28.127572127840544], [85.29759042327537, 28.12607047442461]]], [[[85.29586567340502, 28.125860169687957], [85.29611122622111, 28.125644730535], [85.29586493944537, 28.12564537092221], [85.29586567340502, 28.125860169687957]]], [[[85.29438356729955, 28.12457520651764], [85.29462912015927, 28.12435976989333], [85.29438283702743, 28.124360407075873], [85.29438356729955, 28.12457520651764]]], [[[85.29339406537632, 28.123288951572636], [85.29364107388916, 28.12350311653028], [85.29364034546795, 28.123288316527713], [85.29339406537632, 28.123288951572636]]], [[[85.29043149940117, 28.12114852423404], [85.29043294029152, 28.121578126388716], [85.29092621245518, 28.121791669481738], [85.29117032146733, 28.121146636720198], [85.29043149940117, 28.12114852423404]]], [[[85.29092621245518, 28.121791669481738], [85.29092765581062, 28.122221270962836], [85.29142093285795, 28.12243481158025], [85.29141876415396, 28.12179040953326], [85.29092621245518, 28.121791669481738]]], [[[85.28969052149215, 28.120506002873494], [85.2899375129067, 28.12072017730707], [85.28993679369582, 28.120505375837208], [85.28969052149215, 28.120506002873494]]], [[[85.28944424928491, 28.120506629376955], [85.28968980289572, 28.12029120129092], [85.28944353129938, 28.120291827793146], [85.28944424928491, 28.120506629376955]]], [[[85.2889524216271, 28.120722682260105], [85.28919797707414, 28.120507255347523], [85.28895170485978, 28.12050788078529], [85.2889524216271, 28.120722682260105]]], [[[85.28820931357534, 28.119435744837475], [85.28845629827374, 28.119649923038867], [85.28845558274594, 28.11943512100431], [85.28820931357534, 28.119435744837475]]], [[[85.28796090150432, 28.11879196135807], [85.28820645394313, 28.118576535579724], [85.28796018721245, 28.118577158875187], [85.28796090150432, 28.11879196135807]]], [[[85.28771392047824, 28.1185777816378], [85.28795947292413, 28.118362356280812], [85.28771320680076, 28.118362979042235], [85.28771392047824, 28.1185777816378]]], [[[85.28549468701348, 28.117724151429588], [85.28598792504596, 28.117937717910518], [85.28598721565508, 28.117722914972013], [85.28549468701348, 28.117724151429588]]], [[[85.28475377503591, 28.11708159261719], [85.28500074447341, 28.11729577953474], [85.28500003753646, 28.117080976256883], [85.28475377503591, 28.11708159261719]]], [[[85.28376802111947, 28.11686924933496], [85.28401287405347, 28.1164390279843], [85.28351964942797, 28.1162254521713], [85.28352105594735, 28.11665505952195], [85.28376802111947, 28.11686924933496]]], [[[85.2822820473244, 28.114295273984798], [85.28252900270252, 28.114509467707666], [85.28252830191917, 28.11429466296822], [85.2822820473244, 28.114295273984798]]], [[[85.28252900270252, 28.114509467707666], [85.28228624841168, 28.115584100756113], [85.2830278313044, 28.116441481689215], [85.28351894617352, 28.116010648328743], [85.28252900270252, 28.114509467707666]]], [[[85.28203719185309, 28.11472549384084], [85.28228274749694, 28.114510078725502], [85.28203649228789, 28.114510689210466], [85.28203719185309, 28.11472549384084]]], [[[85.28179023707538, 28.11451129916269], [85.2820350931679, 28.114081079615197], [85.281788839177, 28.114081689565005], [85.28179023707538, 28.11451129916269]]], [[[85.2820350931679, 28.114081079615197], [85.28228064698978, 28.113865664168898], [85.28203439361312, 28.113866274650285], [85.2820350931679, 28.114081079615197]]], [[[85.28203439361312, 28.113866274650285], [85.28203299451395, 28.11343666438582], [85.28153979187064, 28.113223078443596], [85.28154188684942, 28.11386749401471], [85.28203439361312, 28.113866274650285]]], [[[85.28129354031597, 28.113223687322993], [85.28153909355132, 28.11300827303012], [85.28129284260743, 28.11300888190837], [85.28129354031597, 28.113223687322993]]], [[[85.27956700562495, 28.11236871219967], [85.27981256073062, 28.112153301186602], [85.27956631220567, 28.112153906330512], [85.27956700562495, 28.11236871219967]]], [[[85.27759081574071, 28.11044027725697], [85.27734113264705, 28.109366842061743], [85.2768500247212, 28.109797655683764], [85.27734663576634, 28.111085297578278], [85.27833092740882, 28.110868086465455], [85.27759081574071, 28.11044027725697]]], [[[85.27660035266169, 28.108724217195448], [85.27684727810201, 28.10893842613096], [85.27684659145574, 28.108723618463767], [85.27660035266169, 28.108724217195448]]], [[[85.27684727810201, 28.10893842613096], [85.27684796475171, 28.109153233686488], [85.27709351750339, 28.108937826865304], [85.27684727810201, 28.10893842613096]]], [[[85.27660309682433, 28.109583447199256], [85.2768486514048, 28.109368041130477], [85.27660241077857, 28.109368639865675], [85.27660309682433, 28.109583447199256]]], [[[85.27511882566989, 28.107438950001814], [85.27462703648895, 28.10765494780677], [85.27512019037506, 28.107868566580027], [85.27511882566989, 28.107438950001814]]], [[[85.27512019037506, 28.107868566580027], [85.27512291982603, 28.10872779839725], [85.27586300466929, 28.109155625425938], [85.27635479928907, 28.10893962306381], [85.2763534284428, 28.108510007613244], [85.27561266311477, 28.10786737498651], [85.27512019037506, 28.107868566580027]], [[85.27561334669387, 28.108082183105843], [85.27536779268675, 28.1082975871791], [85.27536710971499, 28.108082779170175], [85.27561334669387, 28.108082183105843]]], [[[85.27413320513085, 28.10722651832509], [85.2743801201992, 28.107440733389286], [85.2743794396838, 28.107225924929278], [85.27413320513085, 28.10722651832509]]], [[[85.27290135546775, 28.107014668734017], [85.27314691197168, 28.10679926931422], [85.2729006786233, 28.106799860043886], [85.27290135546775, 28.107014668734017]]], [[[85.27265444527156, 28.106800450240748], [85.27290000178219, 28.106585051242117], [85.27265376904116, 28.106585641437814], [85.27265444527156, 28.106800450240748]]], [[[85.26968961160742, 28.103585347077075], [85.26919382501228, 28.102512459468617], [85.26870138263217, 28.10251362330107], [85.26944472386565, 28.104015550980463], [85.27067585111395, 28.104012629372463], [85.27042828429248, 28.103583594119193], [85.26968961160742, 28.103585347077075]]], [[[85.26747093996738, 28.102731334507155], [85.26771649783231, 28.102515944573064], [85.26747027662412, 28.10251652355924], [85.26747093996738, 28.102731334507155]]], [[[85.26401008416043, 28.098228330702987], [85.26302329111877, 28.097586171121865], [85.2637651833562, 28.098658527960527], [85.26401008416043, 28.098228330702987]]], [[[85.26228401898761, 28.09737306238706], [85.26253087666285, 28.097587308265908], [85.26253022560985, 28.09737249461522], [85.26228401898761, 28.09737306238706]]], [[[85.26228401898761, 28.09737306238706], [85.26203651270808, 28.09694400198519], [85.26179030730052, 28.096944568689324], [85.26179160573345, 28.09737419633254], [85.26228401898761, 28.09737306238706]]], [[[85.26154345328865, 28.09673032087049], [85.26178900888046, 28.096514940599267], [85.26154280469079, 28.096515506768473], [85.26154345328865, 28.09673032087049]]], [[[85.26104715946614, 28.09544256531193], [85.26129400858078, 28.09565681487537], [85.26129336060953, 28.095442000213634], [85.26104715946614, 28.09544256531193]]], [[[85.25883134903162, 28.095447627224406], [85.25932310828902, 28.095231691301628], [85.25883070716895, 28.095232812439924], [85.25883134903162, 28.095447627224406]]], [[[85.25833702476248, 28.094804301538815], [85.25882878160006, 28.094588367416073], [85.25833638413042, 28.094589486416922], [85.25833702476248, 28.094804301538815]]], [[[85.25784654431115, 28.095449863112872], [85.25809210546497, 28.095234490152], [85.25784590489063, 28.095235048323982], [85.25784654431115, 28.095449863112872]]], [[[85.2571053904008, 28.094592274596792], [85.25735222734302, 28.094806533152457], [85.25735158915306, 28.09459171802623], [85.2571053904008, 28.094592274596792]]], [[[85.25661490197139, 28.09523783119314], [85.2571079407375, 28.09545153443575], [85.25710730314857, 28.095236719643577], [85.25661490197139, 28.09523783119314]]], [[[85.25636679412506, 28.0945939411122], [85.25710475282453, 28.094377459357748], [85.25636615838037, 28.094379125869896], [85.25636679412506, 28.0945939411122]]], [[[85.25636870137807, 28.09523838616883], [85.2566142656067, 28.095023016287097], [85.2563680656239, 28.095023571261716], [85.25636870137807, 28.09523838616883]]], [[[85.25562756390782, 28.094380787587752], [85.25611932509499, 28.09416486495336], [85.25562692999785, 28.094165972230414], [85.25562756390782, 28.094380787587752]]], [[[85.25439468049468, 28.09373910003992], [85.25488833732857, 28.09416762915064], [85.25611868996711, 28.093950049486466], [85.25513263684016, 28.093522630627596], [85.25439468049468, 28.09373910003992]]], [[[85.25414659344374, 28.09309520278129], [85.25463961392562, 28.093308917827887], [85.2546389824734, 28.093094101907468], [85.25414659344374, 28.09309520278129]]], [[[85.25365420440156, 28.093096301524273], [85.25389976930661, 28.092880936383747], [85.25365357539447, 28.092881485487847], [85.25365420440156, 28.093096301524273]]], [[[85.25340989508423, 28.093741297538845], [85.2536554624251, 28.093525933261972], [85.2534092666783, 28.093526481836598], [85.25340989508423, 28.093741297538845]]], [[[85.25266879971473, 28.092883676577156], [85.25291436646687, 28.092668313452396], [85.25266817315277, 28.092668860424634], [85.25266879971473, 28.092883676577156]]], [[[85.25242448366005, 28.093528670808034], [85.25267005284799, 28.09331330854696], [85.25242385769927, 28.0933138549897], [85.25242448366005, 28.093528670808034]]], [[[85.25193146739251, 28.093314946277104], [85.25242323174159, 28.09309903905959], [85.25193084265585, 28.093100130344858], [85.25193146739251, 28.093314946277104]]], [[[85.25217516117739, 28.092455136504583], [85.25242197983556, 28.092669406864136], [85.2524213538872, 28.0924545905988], [85.25217516117739, 28.092455136504583]]], [[[85.25143471252878, 28.091812321546264], [85.25192896846447, 28.092455681877624], [85.25192646958598, 28.091596415690024], [85.25143471252878, 28.091812321546264]]], [[[85.25020375804428, 28.09181503507825], [85.25094295302034, 28.092028225164164], [85.25094233074422, 28.091813408557087], [85.25020375804428, 28.09181503507825]]], [[[85.25094295302034, 28.092028225164164], [85.25143595952606, 28.092241954644305], [85.25143533602588, 28.09202713815116], [85.25094295302034, 28.092028225164164]]], [[[85.24946827841322, 28.092890738754594], [85.24971509161702, 28.093105014759924], [85.24971447237799, 28.092890198706378], [85.24946827841322, 28.092890738754594]]], [[[85.24946518531661, 28.091816656805154], [85.24971013779077, 28.091386483202218], [85.24946394809945, 28.09138702324302], [85.24946518531661, 28.091816656805154]]], [[[85.2489758904745, 28.092891817252994], [85.24946765978775, 28.092675922588224], [85.24897527307003, 28.092677001084528], [85.2489758904745, 28.092891817252994]]], [[[85.24183266584384, 28.091618317163988], [85.2420794565349, 28.091832610391936], [85.24207885623936, 28.09161779363553], [85.24183266584384, 28.091618317163988]]], [[[85.2420794565349, 28.091832610391936], [85.24257424463381, 28.092690827634748], [85.24380581638297, 28.092903012839734], [85.24774307752742, 28.092250055320257], [85.24774184884484, 28.091820422190438], [85.2420794565349, 28.091832610391936]]], [[[85.24208125743937, 28.092477059990713], [85.24208185774681, 28.09269187630007], [85.24232745027385, 28.092476535925417], [85.24208125743937, 28.092477059990713]]], [[[85.24208125743937, 28.092477059990713], [85.24035492738929, 28.09140663027296], [85.24011052381846, 28.092051600365455], [85.2388789732259, 28.09183937472555], [85.23986552179534, 28.092481752606933], [85.24208125743937, 28.092477059990713]]], [[[85.24109349678888, 28.091405067680974], [85.24158527730515, 28.091189206307497], [85.2410928989412, 28.091190250696897], [85.24109349678888, 28.091405067680974]]], [[[85.23986135818721, 28.090978035247424], [85.24060052056541, 28.091191292955514], [85.24059992394166, 28.090976475857627], [85.23986135818721, 28.090978035247424]]], [[[85.2391227924062, 28.090979589842984], [85.23936838743441, 28.090764254962373], [85.23912219944827, 28.090764772627185], [85.2391227924062, 28.090979589842984]]], [[[85.2383871822753, 28.092055224061856], [85.23863278218147, 28.09183989133006], [85.23838659113412, 28.0918404074019], [85.2383871822753, 28.092055224061856]]], [[[85.2314869262949, 28.08949165019642], [85.2319798703553, 28.0897054652879], [85.23197929511825, 28.08949064737244], [85.2314869262949, 28.08949165019642]]], [[[85.2319798703553, 28.0897054652879], [85.23296634346343, 28.09034790630768], [85.23345813822777, 28.09013207950946], [85.23345929604746, 28.090561714546], [85.23370490396825, 28.09034639167254], [85.23419843911199, 28.090775014059467], [85.23666149313496, 28.09119955431762], [85.23616735775678, 28.0905561257159], [85.23468848734916, 28.089914729451348], [85.23370374493338, 28.089916756414418], [85.23271727126634, 28.089274321117035], [85.23247224038818, 28.089704460331248], [85.2319798703553, 28.0897054652879]], [[85.2327190024716, 28.089918774854578], [85.23296461040961, 28.089703453243825], [85.23296518809134, 28.089918271043565], [85.2327190024716, 28.089918774854578]]], [[[85.23197871988407, 28.089275829345144], [85.2322243278392, 28.08906050899708], [85.23197814465271, 28.0890610112061], [85.23197871988407, 28.089275829345144]]], [[[85.23173196146337, 28.08906151288246], [85.23197756942422, 28.088846192955295], [85.23173138684531, 28.08884669463063], [85.23173196146337, 28.08906151288246]]], [[[85.23123844828466, 28.08863287801773], [85.2314840562569, 28.08841755893231], [85.23123787489318, 28.08841805954035], [85.23123844828466, 28.08863287801773]]], [[[85.23099112074846, 28.088203741025545], [85.23123672811879, 28.087988422250085], [85.23099054797311, 28.087988922323536], [85.23099112074846, 28.088203741025545]]], [[[85.23074665650124, 28.088848696005346], [85.23099341187823, 28.089063014715492], [85.23099283909153, 28.088848196460695], [85.23074665650124, 28.088848696005346]]], [[[85.23025029470392, 28.087345962562097], [85.2307432235033, 28.08755978412287], [85.2307426513469, 28.087344965084498], [85.23025029470392, 28.087345962562097]]], [[[85.2307432235033, 28.08755978412287], [85.23074379566252, 28.087774603049525], [85.23098940243095, 28.08755928458413], [85.2307432235033, 28.08755978412287]]], [[[85.23049990234514, 28.088634376648812], [85.23074551215724, 28.088419059158458], [85.23049933078501, 28.08841955816848], [85.23049990234514, 28.088634376648812]]], [[[85.2300063976956, 28.08820573599641], [85.23025314940993, 28.08842005664582], [85.23025257846307, 28.0882052380527], [85.2300063976956, 28.08820573599641]]], [[[85.22802790458908, 28.08477258753245], [85.22777947440028, 28.083913797979957], [85.2267942376915, 28.08370094421954], [85.22630021836468, 28.08305746107669], [85.22531667104307, 28.0834890579535], [85.22383800160613, 28.08284750967243], [85.2253177884001, 28.083918699987162], [85.22507273593214, 28.084348828846426], [85.22605797577914, 28.08456169718086], [85.2267987365068, 28.085419508728926], [85.22876811937694, 28.08541556576299], [85.22876698489006, 28.084985925322147], [85.22802790458908, 28.08477258753245]]], [[[85.2243325576839, 28.08370582491104], [85.22482545116674, 28.083919673996753], [85.22482489370758, 28.083704853033918], [85.2243325576839, 28.08370582491104]]], [[[85.22482545116674, 28.083919673996753], [85.22482600862864, 28.084134494847696], [85.2250716197848, 28.083919187258317], [85.22482545116674, 28.083919673996753]]], [[[85.22408638966793, 28.083706310050548], [85.22383911162215, 28.083277152388693], [85.2235929448214, 28.083277636461077], [85.22359405362769, 28.083707278731755], [85.22408638966793, 28.083706310050548]]], [[[85.22235935406793, 28.082205941175143], [85.22309895168505, 28.08263413875713], [85.22359128163261, 28.082633172216077], [85.22334400910212, 28.08220401236168], [85.22285168159051, 28.082204977833708], [85.2228505764848, 28.081775333991175], [85.22235825140363, 28.081776297328812], [85.22235935406793, 28.082205941175143]]], [[[85.22359128163261, 28.082633172216077], [85.22359183602612, 28.082847993742902], [85.22383744660225, 28.08263268814652], [85.22359128163261, 28.082633172216077]]], [[[85.22014115090667, 28.081136139348562], [85.22014169673619, 28.08135096167172], [85.22038731164209, 28.081135662742657], [85.22014115090667, 28.081136139348562]]], [[[85.22014115090667, 28.081136139348562], [85.21890654781961, 28.07963475496087], [85.21742691345816, 28.07856347013119], [85.2174296089034, 28.07963758739289], [85.21816861930161, 28.07985099668757], [85.21841748412862, 28.080924638234453], [85.22014115090667, 28.081136139348562]]], [[[85.21693622016505, 28.079208880703145], [85.2171829139239, 28.079423234371237], [85.2171823754425, 28.07920841102987], [85.21693622016505, 28.079208880703145]]], [[[85.21693353084957, 28.07813476231322], [85.21717914461013, 28.077919468631702], [85.21693299299449, 28.07791993829947], [85.21693353084957, 28.07813476231322]]], [[[85.21644390960215, 28.07920981845192], [85.21693568229662, 28.07899405724902], [85.21644337295434, 28.078994994995895], [85.21644390960215, 28.07920981845192]]], [[[85.21521046519355, 28.07813803508068], [85.21570330448624, 28.078351926573806], [85.21570276967998, 28.078137102667394], [85.21521046519355, 28.07813803508068]]], [[[85.21570330448624, 28.078351926573806], [85.21595052817689, 28.07878110704257], [85.21644283630918, 28.078780171427983], [85.21619561018265, 28.078350992028156], [85.21570330448624, 28.078351926573806]]], [[[85.21619239406134, 28.07706204692193], [85.21643907986767, 28.077276403318923], [85.21643854324381, 28.07706157885569], [85.21619239406134, 28.07706204692193]]], [[[85.21594624487619, 28.077062514455523], [85.21619185805042, 28.07684722234582], [85.21594570947556, 28.076847689878516], [85.21594624487619, 28.077062514455523]]], [[[85.21569956089805, 28.076848156878594], [85.21594517407758, 28.07663286518957], [85.21569902611033, 28.07663333218873], [85.21569956089805, 28.076848156878594]]], [[[85.2152061966034, 28.076419439785592], [85.21545287814044, 28.076633798655333], [85.21545234396567, 28.076418973852586], [85.2152061966034, 28.076419439785592]]], [[[85.2147170959743, 28.07770931720762], [85.21496377997363, 28.07792367646732], [85.21496324700352, 28.077708852334375], [85.2147170959743, 28.07770931720762]]], [[[85.21496377997363, 28.07792367646732], [85.21496431294635, 28.0781385004884], [85.21520993161052, 28.07792321106055], [85.21496377997363, 28.07792367646732]]], [[[85.21496004923848, 28.076419905186018], [85.21520566304153, 28.076204614870022], [85.2149595162869, 28.07620508026952], [85.21496004923848, 28.076419905186018]]], [[[85.2144709449424, 28.07770978154823], [85.21471656361713, 28.07749449296179], [85.21447041319554, 28.07749495730156], [85.2144709449424, 28.07770978154823]]], [[[85.21422426277131, 28.07749542110864], [85.21446988145131, 28.077280132942864], [85.21422373163736, 28.077280596749056], [85.21422426277131, 28.07749542110864]]], [[[85.20855349493293, 28.07363908569853], [85.20880015209629, 28.073853460440013], [85.20879963443228, 28.07363863415764], [85.20855349493293, 28.07363908569853]]], [[[85.20880015209629, 28.073853460440013], [85.20954116992186, 28.074926232338214], [85.21151083944582, 28.07513741361304], [85.21126312436513, 28.07449339387785], [85.21027855669156, 28.074495218164152], [85.20953909190692, 28.074066928786873], [85.20953805291491, 28.073637276339465], [85.20929295119481, 28.07406738192736], [85.20880015209629, 28.073853460440013]]], [[[85.20978419240397, 28.073636822668124], [85.21002616626188, 28.071917754209846], [85.2087939402975, 28.071275537661307], [85.20904577392906, 28.0736381820842], [85.20929139454135, 28.073422903085547], [85.20978419240397, 28.073636822668124]]], [[[85.20900483838231, 28.05666655183721], [85.20949650168149, 28.056450810987982], [85.2090043203136, 28.056451716590896], [85.20900483838231, 28.05666655183721]]], [[[85.20900328418385, 28.05602204576182], [85.2092488549781, 28.055806757646504], [85.20900276612282, 28.055807210179083], [85.20900328418385, 28.05602204576182]]], [[[85.20879290503365, 28.070845882297082], [85.20903955483848, 28.07106025797235], [85.20903903659764, 28.07084543023512], [85.20879290503365, 28.070845882297082]]], [[[85.2087597820097, 28.057096673998686], [85.20900691068292, 28.057525891700934], [85.20900587452748, 28.05709622199336], [85.2087597820097, 28.057096673998686]]], [[[85.20875409004829, 28.054733482578264], [85.2090017300085, 28.055377538677003], [85.20900017585626, 28.054733030582636], [85.20875409004829, 28.054733482578264]]], [[[85.20876392181295, 28.058815350144602], [85.20850955473017, 28.055378442141], [85.20826243464293, 28.054949221118232], [85.20777077679004, 28.05516495741947], [85.20776974679082, 28.054735285235587], [85.20678591605095, 28.05495191552423], [85.20777541191292, 28.057098476694833], [85.20753189148994, 28.05817309949181], [85.20777901715148, 28.058602318739702], [85.20827121074514, 28.058601418444344], [85.20778210745554, 28.059891321833504], [85.20778571292647, 28.061395153675065], [85.2082779223812, 28.061394253356788], [85.20876392181295, 28.058815350144602]]], [[[85.20805966844195, 28.072995507655587], [85.20830528968243, 28.07278023045059], [85.20805915261889, 28.072780680922687], [85.20805966844195, 28.072995507655587]]], [[[85.20731919945091, 28.072137548265015], [85.20780837875198, 28.070847685219036], [85.20682436517855, 28.071064307364697], [85.20682846726275, 28.072782925294323], [85.20732125540526, 28.072996855879044], [85.20781301555276, 28.07278113086225], [85.2078114699295, 28.07213664998904], [85.20731919945091, 28.072137548265015]]], [[[85.20727449252985, 28.053447164114683], [85.20752006032289, 28.053231878385283], [85.20727397876928, 28.05323232717967], [85.20727449252985, 28.053447164114683]]], [[[85.20705509770195, 28.06461897850533], [85.20730172548508, 28.064833361189258], [85.2073012115895, 28.064618530196928], [85.20705509770195, 28.06461897850533]]], [[[85.20631931332514, 28.065694474093533], [85.2055830010377, 28.066555132123572], [85.20484515065814, 28.066771294283235], [85.20534248119185, 28.068918700448748], [85.2063264741055, 28.068702089994815], [85.20558503964311, 28.06741445141107], [85.20607728330941, 28.067413560629788], [85.20631931332514, 28.065694474093533]]], [[[85.20631931332514, 28.065694474093533], [85.20705766415475, 28.065693132350628], [85.20705561098742, 28.064833809498488], [85.20680949648721, 28.06483425727519], [85.20631931332514, 28.065694474093533]]], [[[85.20606808793912, 28.0635466097488], [85.2060691096064, 28.063976272750747], [85.20680693313581, 28.063760101184176], [85.206559797581, 28.063330885201292], [85.20606808793912, 28.0635466097488]]], [[[85.20382125873367, 28.050015986715295], [85.20406783696745, 28.050230384018384], [85.2040673311738, 28.050015545388927], [85.20382125873367, 28.050015986715295]]], [[[85.20382125873367, 28.050015986715295], [85.20406530802433, 28.049156189748686], [85.20332306647357, 28.04743879543136], [85.20283093621298, 28.04743967433603], [85.20283546073068, 28.049373230121116], [85.20332911384588, 28.050016867770523], [85.20382125873367, 28.050015986715295]]], [[[85.20406783696745, 28.050230384018384], [85.20431441642103, 28.050444780675047], [85.20406986016707, 28.0510897374141], [85.20678027804763, 28.052588711687335], [85.20677874046373, 28.051944199193983], [85.20579391875884, 28.0517311470398], [85.20505263737827, 28.05044345189836], [85.20406783696745, 28.050230384018384]]], [[[85.20557790470102, 28.064406826061337], [85.20558045283776, 28.06548098049313], [85.20533535454416, 28.065911086067125], [85.20607217466905, 28.065265259067075], [85.20606962044386, 28.064191104083665], [85.20557790470102, 28.064406826061337]]], [[[85.20357670002002, 28.05066094306609], [85.2040693543634, 28.050874899233488], [85.20406884856224, 28.05066006094071], [85.20357670002002, 28.05066094306609]]], [[[85.20333062574517, 28.05066138333008], [85.20357619544119, 28.05044610465934], [85.20333012177625, 28.050446544922437], [85.20333062574517, 28.05066138333008]]], [[[85.20283797443884, 28.0504474238512], [85.20308354475226, 28.050232146132362], [85.20283747169223, 28.050232585329603], [85.20283797443884, 28.0504474238512]]], [[[85.20259089649548, 28.050018185359765], [85.20283646620646, 28.04980290794981], [85.20259039436374, 28.04980334661291], [85.20259089649548, 28.050018185359765]]], [[[85.20209424346473, 28.048085508312425], [85.20160210952005, 28.04808638189748], [85.20160260919236, 28.04830122154565], [85.20209524525134, 28.048515187493134], [85.20209424346473, 28.048085508312425]]], [[[85.20184517485254, 28.046796905129934], [85.19962367829123, 28.043793038263725], [85.1979012946477, 28.043796049101534], [85.19888649971931, 28.044224015511062], [85.19938058833579, 28.045082519703726], [85.20036482215234, 28.04508078962041], [85.20135304822128, 28.046797777639743], [85.20184517485254, 28.046796905129934]]], [[[85.19863847447832, 28.043365077792817], [85.19888502097486, 28.04357948980235], [85.19888452806492, 28.043364647674863], [85.19863847447832, 28.043365077792817]]], [[[85.19789933276978, 28.04293668035353], [85.19814587621973, 28.04315109418919], [85.19814538514407, 28.042936251834583], [85.19789933276978, 28.04293668035353]]], [[[85.19814587621973, 28.04315109418919], [85.19814636729778, 28.043365936431517], [85.19839192920139, 28.043150665136952], [85.19814587621973, 28.04315109418919]]], [[[85.19765523983173, 28.04379647709141], [85.19790080417457, 28.043581207082987], [85.19765474996842, 28.043581635072037], [85.19765523983173, 28.04379647709141]]], [[[85.19765328039304, 28.042937108340077], [85.19789884230637, 28.042721837885807], [85.19765279053945, 28.042722265871436], [85.19765328039304, 28.042937108340077]]], [[[85.19740869575983, 28.04358206252856], [85.19765426010754, 28.043366792940315], [85.19740820650875, 28.043367220396053], [85.19740869575983, 28.04358206252856]]], [[[85.1971601983667, 28.042508277662844], [85.19740576028974, 28.042293008048883], [85.19715970973755, 28.042293434967995], [85.1971601983667, 28.042508277662844]]], [[[85.19691463522408, 28.042723546633738], [85.196423018473, 28.042939240285712], [85.19691561127489, 28.043153231463588], [85.19691463522408, 28.042723546633738]]], [[[85.19666663381399, 28.041864601478775], [85.19691317116597, 28.042079018546605], [85.19691268315145, 28.041864175626262], [85.19666663381399, 28.041864601478775]]], [[[85.19642058447413, 28.04186502679883], [85.19666614641167, 28.0416497584453], [85.19642009768158, 28.04165018376456], [85.19642058447413, 28.04186502679883]]], [[[85.19543784016511, 28.042511251193595], [85.19642204486621, 28.042509555227902], [85.19543735580451, 28.042296408492927], [85.19543784016511, 28.042511251193595]]], [[[85.19592702907545, 28.041221346396753], [85.19617356276875, 28.04143576540385], [85.19617307659081, 28.04122092214411], [85.19592702907545, 28.041221346396753]]], [[[85.19617356276875, 28.04143576540385], [85.19617404894909, 28.041650608551315], [85.19641961089145, 28.04143534061793], [85.19617356276875, 28.04143576540385]]], [[[85.19519130523304, 28.042296831152406], [85.19543687144632, 28.04208156567996], [85.19519082148463, 28.04208198833857], [85.19519130523304, 28.042296831152406]]], [[[85.19517921224215, 28.036925727107498], [85.19492931234916, 28.03520738108194], [85.19443821512485, 28.035637916394847], [85.19394567113899, 28.035423910570014], [85.19394663239257, 28.035853603059124], [85.1934540883948, 28.035639595216985], [85.19320279007533, 28.033276698074832], [85.19321428127684, 28.038433005306896], [85.19370732060486, 28.038861857348657], [85.19346319756409, 28.039721653611874], [85.19445074393292, 28.04122388073142], [85.19518840277856, 28.0410077725847], [85.19518598413244, 28.039933554022724], [85.1946929313947, 28.039504709511714], [85.19517921224215, 28.036925727107498]], [[85.19469437890224, 28.040149241664846], [85.1944478525262, 28.039934818779184], [85.19469389639734, 28.039934397726185], [85.19469437890224, 28.040149241664846]], [[85.19469437890224, 28.040149241664846], [85.19494042338076, 28.04014882007851], [85.19494138961727, 28.040578507617298], [85.19469437890224, 28.040149241664846]]], [[[85.19419170221062, 28.035423490599094], [85.19443725143725, 28.03520822368429], [85.1941912209777, 28.035208644186792], [85.19419170221062, 28.035423490599094]]], [[[85.19443725143725, 28.03520822368429], [85.19492882928957, 28.03499253455975], [85.19517292447905, 28.034132725251293], [85.19467893993132, 28.03327417989575], [85.19443725143725, 28.03520822368429]]], [[[85.19467604539687, 28.03198509300173], [85.19492158368288, 28.031769823238385], [85.19467556298282, 28.031770244792565], [85.19467604539687, 28.03198509300173]]], [[[85.19171618820475, 28.028552525138807], [85.19196315113645, 28.028981809682683], [85.19196219978896, 28.028552109985593], [85.19171618820475, 28.028552525138807]]], [[[85.19196315113645, 28.028981809682683], [85.1929495929288, 28.030054390998007], [85.19344450072222, 28.031342647813638], [85.19368908031711, 28.030697682936687], [85.19319465130123, 28.02962427461279], [85.19368572063877, 28.029193738366313], [85.1936842808123, 28.02854918900648], [85.19270023452745, 28.028550861331727], [85.19196315113645, 28.028981809682683]]], [[[85.19343587262941, 28.027475356700048], [85.19368332093988, 28.028119488871], [85.1936818811491, 28.027474937824245], [85.19343587262941, 28.027475356700048]]], [[[85.19318986410734, 28.027475775043474], [85.19343491399994, 28.027045655438236], [85.19318890669703, 28.02704607378002], [85.19318986410734, 28.027475775043474]]], [[[85.19269545964389, 28.026402356122766], [85.1929419432101, 28.026616789874407], [85.19294146512281, 28.026401938848185], [85.19269545964389, 28.026402356122766]]], [[[85.1929419432101, 28.026616789874407], [85.19318842799544, 28.026831222979585], [85.19318794929623, 28.02661637206664], [85.1929419432101, 28.026616789874407]]], [[[85.19220249616889, 28.02597348668], [85.19244897729682, 28.026187921724603], [85.19244850043341, 28.025973070471778], [85.19220249616889, 28.02597348668]]], [[[85.19147017661818, 28.0285529397596], [85.19171571314413, 28.028337675120746], [85.19146970216717, 28.02833808974072], [85.19147017661818, 28.0285529397596]]], [[[85.19048329820777, 28.027265491099506], [85.18851476749455, 28.027053921121908], [85.18876171030738, 28.027483214187818], [85.19048424221197, 28.027695192155832], [85.1904851862255, 28.028124892762317], [85.19097673374957, 28.027909217005277], [85.19048329820777, 28.027265491099506]]], [[[85.19097673374957, 28.027909217005277], [85.1909772069767, 28.028124067250666], [85.19122274351206, 28.027908803451638], [85.19097673374957, 28.027909217005277]]], [[[85.19097152840594, 28.025545856882523], [85.19121705765457, 28.02533059174344], [85.19097105520696, 28.025331005287377], [85.19097152840594, 28.025545856882523]]], [[[85.187022966936, 28.019751368287864], [85.18726756159958, 28.019106399008606], [85.18652914500757, 28.01889275743529], [85.18652822069791, 28.018463047126716], [85.1857902717287, 28.018464255740664], [85.18579211304362, 28.019323675916976], [85.18628454545446, 28.019537725461483], [85.18579441473857, 28.02039794860474], [85.18481091871462, 28.02061440686849], [85.18456584422009, 28.021044514623565], [85.18456996004848, 28.022978195367873], [85.18531070240884, 28.024266110108243], [85.1860491617576, 28.02447975679835], [85.18654393520806, 28.025768061148963], [85.1872819463266, 28.025766847663363], [85.18728009010863, 28.02490744100972], [85.18851196481148, 28.02576481453998], [85.18875703307326, 28.02533470322586], [85.18826502812908, 28.025335519133908], [85.18801762801444, 28.02469137080004], [85.1875256267137, 28.024692183509135], [85.18678623627014, 28.024048842066218], [85.18678484781559, 28.023404284539883], [85.18629239221177, 28.023190239180398], [85.18628869953774, 28.02147141324642], [85.18677975699215, 28.021040898279054], [85.18604224705084, 28.021256962379855], [85.18579487508441, 28.020612802804617], [85.18653099365436, 28.01975217670162], [85.187022966936, 28.019751368287864]], [[85.18728009010863, 28.02490744100972], [85.18703362540376, 28.024692994088703], [85.18727962605988, 28.024692589065097], [85.18728009010863, 28.02490744100972]], [[85.18555348348417, 28.022761740436177], [85.18604593483047, 28.02297578922036], [85.18604731778554, 28.02362034742888], [85.18678762474534, 28.02469339857996], [85.18629562342161, 28.024694205965336], [85.18629470020737, 28.024264501732166], [85.18555578231401, 28.023836004124885], [85.18555348348417, 28.022761740436177]], [[85.18579579578294, 28.021042510866742], [85.1855502652181, 28.021257766545872], [85.18554980547492, 28.021042912682855], [85.18579579578294, 28.021042510866742]]], [[[85.1880050501976, 28.0188903258248], [85.18825290009984, 28.01974933793738], [85.18825103438787, 28.018889918693237], [85.1880050501976, 28.0188903258248]]], [[[85.18776185727316, 28.020179860624513], [85.18800737929598, 28.019964599602627], [85.18776139205603, 28.019965006205833], [85.18776185727316, 28.020179860624513]]], [[[85.18726292183644, 28.016957844112248], [85.1877534837177, 28.016312463865503], [85.18726106599554, 28.016098419001384], [85.18726292183644, 28.016957844112248]]], [[[85.1872708095706, 28.020610380738358], [85.18751633403136, 28.020395121003112], [85.18727034556785, 28.020395526543258], [85.1872708095706, 28.020610380738358]]], [[[85.18677929420379, 28.020826044307377], [85.18727173758302, 28.021040088791057], [85.18727127357566, 28.02082523482098], [85.18677929420379, 28.020826044307377]]], [[[85.1838110222034, 28.01309603821716], [85.18356232577082, 28.01180728517076], [85.18208699211361, 28.012024517850946], [85.18233476377343, 28.012883557252234], [85.18282760403785, 28.01331248317468], [85.18331908664729, 28.013096832741915], [85.18430478421197, 28.013954673017817], [85.18430615408185, 28.014599245426286], [85.1850449870971, 28.015027760807833], [85.18504590402054, 28.01545747472863], [85.18553785295174, 28.01545667273426], [85.18578474800294, 28.015885984404317], [85.18701462637378, 28.01588396743333], [85.18652175078678, 28.015455062357756], [85.18652036443564, 28.014810491321786], [85.18553463522781, 28.013952672051783], [85.18503673519515, 28.011160315248855], [85.18528086138075, 28.010300477234058], [85.18454298184906, 28.010301677773793], [85.18454709665784, 28.012235409184072], [85.18528912408782, 28.014167930888586], [85.18504223638135, 28.013738616342746], [85.18430432759321, 28.0137398153231], [85.18430341436247, 28.013310099595767], [85.1838110222034, 28.01309603821716]], [[85.18528912408782, 28.014167930888586], [85.18553555456613, 28.014382387095566], [85.1852895831487, 28.01438278835497], [85.18528912408782, 28.014167930888586]]], [[[85.18701462637378, 28.01588396743333], [85.18701508971884, 28.016098823993335], [85.18726060204108, 28.01588356244217], [85.18701462637378, 28.01588396743333]]], [[[85.18668077252048, 27.975059579539742], [85.18692616954756, 27.974844297121713], [85.18668031022248, 27.974844701429834], [85.18668077252048, 27.975059579539742]]], [[[85.18452332473953, 28.001062612829497], [85.18550338314557, 27.99934209240333], [85.185994779943, 27.99912642304453], [85.18648756013977, 27.999555347501264], [85.18672747641445, 27.996761686745575], [85.18623609483488, 27.996977360518844], [85.18623517221054, 27.99654762722023], [85.18549740968153, 27.99654883399674], [85.18500327669184, 27.995475300612846], [85.183033667307, 27.99440414862653], [85.18303684094134, 27.99590822116567], [85.18352822441868, 27.995692560663922], [85.18377505326876, 27.99612189741504], [85.1842668925522, 27.99612110088396], [85.18500694278679, 27.99719423564377], [85.18500969245333, 27.998483432179153], [85.18476559683846, 27.99934329442032], [85.18402872222926, 27.999774222027114], [85.18403145743835, 28.001063410460862], [85.18452332473953, 28.001062612829497]]], [[[85.18274791838786, 27.97549573201801], [85.1832382794323, 27.974850305869715], [85.18372999814378, 27.974849511620956], [85.1839731239395, 27.973559842613113], [85.1844652921362, 27.9737739239762], [85.18446666256412, 27.974418559683787], [85.18594181129745, 27.974416154597588], [85.18618859156544, 27.97484550844961], [85.18667984792677, 27.974629823206843], [85.1861867472671, 27.973985994873107], [85.18544871732814, 27.97377232272329], [85.18495334062062, 27.972054090898233], [85.18421624250824, 27.972270169012187], [85.1842139616301, 27.97119576994357], [85.18298335723884, 27.9705531160201], [85.18224581567699, 27.970554301759623], [85.18273570002977, 27.969693989132484], [85.18052220313925, 27.969267765142295], [85.17929076549987, 27.968195305024054], [85.17928987757765, 27.967765541407324], [85.17879819896669, 27.967766316449627], [85.1792881017596, 27.966906012816313], [85.1773178941706, 27.9651900375306], [85.1780593582981, 27.967122828737565], [85.1780606810338, 27.967767475022477], [85.17756856270437, 27.967553362760533], [85.17806288563698, 27.968841883234717], [85.17855457034864, 27.96884111137743], [85.17880174096817, 27.969485368213814], [85.18027814523977, 27.97012767919696], [85.18199951780221, 27.970339815442728], [85.1815091730326, 27.970985243372457], [85.18200177123963, 27.971414216807887], [85.18323147309003, 27.97162712048979], [85.18323601059537, 27.973775913569682], [85.1824993455189, 27.974206858204123], [85.1817649237416, 27.97571218766861], [85.18177032544833, 27.978290712288363], [85.18226116092822, 27.977860171430553], [85.18274791838786, 27.97549573201801]], [[85.18397130161352, 27.972700326295058], [85.18397175719163, 27.972915205544158], [85.18372544834946, 27.972700724209837], [85.18397130161352, 27.972700326295058]], [[85.18397130161352, 27.972700326295058], [85.18421669869065, 27.97248504848673], [85.18421715487531, 27.972699927848122], [85.18397130161352, 27.972700326295058]]], [[[85.18648016921547, 27.996117490148606], [85.18598879067022, 27.996333163192], [85.18648109304897, 27.99654722389694], [85.18648016921547, 27.996117490148606]]], [[[85.18478299048527, 28.00750809443281], [85.18527397635442, 28.007077571305697], [85.18526709183979, 28.003854640020833], [85.18477337780197, 28.002995988233707], [85.18526387924139, 28.002350596741422], [85.18600169112169, 28.002349391498033], [85.18600076960153, 28.001919663836826], [85.18427967353922, 28.00213733250123], [85.18453155278739, 28.004930153748166], [85.18403829581688, 28.004286363786346], [85.18403510451033, 28.002782322057904], [85.18329547267696, 28.001924059625868], [85.18379462955046, 28.00536107395762], [85.18305860597053, 28.00622171255686], [85.18306314100313, 28.008370323903574], [85.18355595922314, 28.008799251391576], [85.18355732344618, 28.009443831917462], [85.18404787040063, 28.008798455833258], [85.18404513470361, 28.00750929174841], [85.18478299048527, 28.00750809443281]]], [[[85.1854951122978, 27.995474498764132], [85.18574149017871, 27.99568896431285], [85.18574103009739, 27.995474097041456], [85.1854951122978, 27.995474498764132]]], [[[85.18524735906647, 27.994615429734658], [85.18475598596471, 27.9948310982384], [85.18524827677668, 27.99504516507029], [85.18524735906647, 27.994615429734658]]], [[[85.18524827677668, 27.99504516507029], [85.18524919449597, 27.99547489995461], [85.18549419336026, 27.99504476388137], [85.18524827677668, 27.99504516507029]]], [[[85.18450869891048, 27.994186894311614], [85.184755528329, 27.994616230512648], [85.18475461306437, 27.994186494722506], [85.18450869891048, 27.994186894311614]]], [[[85.18445981062801, 27.97119537096999], [85.18470520223721, 27.970980091312878], [85.18445935385036, 27.970980490817826], [85.18445981062801, 27.97119537096999]]], [[[85.18371816914727, 27.969262640832174], [85.18298199789112, 27.969908474192376], [85.18421213696827, 27.970336248653123], [85.18445889707499, 27.97076561055249], [85.18470337271413, 27.970120569576263], [85.18421168080845, 27.970121368047778], [85.18371816914727, 27.969262640832174]]], [[[85.18253912488608, 27.993115730379657], [85.18278231957746, 27.991826121550965], [85.18352004197943, 27.991824932389168], [85.18352095110332, 27.992254670669645], [85.18401231268183, 27.992039006148662], [85.1837632184702, 27.990535317391714], [85.18327050298146, 27.99010637166561], [85.18326914119372, 27.989461760687043], [85.18277688694965, 27.989247682358858], [85.18277462345004, 27.98817332789784], [85.18178878370227, 27.987100548644687], [85.18203287437535, 27.986240667066788], [85.1815410910864, 27.986241453947137], [85.18080431174486, 27.986672374444087], [85.18105199829508, 27.98753146984249], [85.18055976047489, 27.98731738089802], [85.18056110209733, 27.987961995288867], [85.18253098678663, 27.989248077672435], [85.1813019349903, 27.989464916815677], [85.18179463710216, 27.989893871751228], [85.18154963444144, 27.990324005262877], [85.18253460363013, 27.990967038946057], [85.18204459715528, 27.991827305922932], [85.1820473026266, 27.99311651943807], [85.18278684701399, 27.9939748084627], [85.18352504227228, 27.99418848734586], [85.18352413310785, 27.99375875109663], [85.18253912488608, 27.993115730379657]]], [[[85.18354095410791, 28.001708798662435], [85.18378734486542, 28.0019232651818], [85.18378688959179, 28.00170840117503], [85.18354095410791, 28.001708798662435]]], [[[85.18302913373456, 27.99225546397951], [85.18327458846609, 27.992040198506068], [85.18302868038967, 27.992040594894146], [85.18302913373456, 27.99225546397951]]], [[[85.1818401263606, 28.0115951941045], [85.18208428546248, 28.010735363868893], [85.18183832437288, 28.010735757662786], [85.1818401263606, 28.0115951941045]]], [[[85.181771225764, 27.978720464809456], [85.18201844841094, 27.979364699061783], [85.182017096094, 27.978720071130052], [85.181771225764, 27.978720464809456]]], [[[85.18104078837864, 27.982159646588535], [85.18152760321539, 27.979795237285575], [85.18079222177717, 27.980870790061335], [85.18029912933801, 27.980226946006827], [85.18005593024918, 27.981516586104096], [85.17907197369144, 27.981303265896027], [85.17784478759803, 27.982379569694576], [85.17809243258738, 27.98323868056567], [85.17883008203295, 27.983237521830144], [85.17956550785522, 27.982161987984256], [85.18005726803854, 27.982161209647632], [85.17956906564734, 27.98388097914214], [85.1800612815259, 27.98409507417829], [85.18030895336042, 27.98495417661214], [85.18031252599766, 27.986673156005683], [85.18080386393946, 27.986457502416627], [85.18104706576082, 27.98516787630695], [85.18104078837864, 27.982159646588535]]], [[[85.18152760321539, 27.979795237285575], [85.1817725762542, 27.97936509274349], [85.18152670409525, 27.979365485892966], [85.18152760321539, 27.979795237285575]]], [[[85.18152445633388, 27.97829110543407], [85.180540085636, 27.977862919714756], [85.18054500394373, 27.980226555515014], [85.1807899830717, 27.97979641354585], [85.18128172983639, 27.979795629904487], [85.18103451143175, 27.979151394728323], [85.18152445633388, 27.97829110543407]]], [[[85.18080923775086, 27.989035959293634], [85.18130148593795, 27.98925004625751], [85.18130103688783, 27.989035175586515], [85.18080923775086, 27.989035959293634]]], [[[85.18056333817904, 27.989036350348943], [85.18080878992104, 27.988821088508207], [85.18056289095827, 27.988821479562734], [85.18056333817904, 27.989036350348943]]], [[[85.18007064702562, 27.98860738917453], [85.18031609877646, 27.988392128172382], [85.18007020102735, 27.988392518161003], [85.18007064702562, 27.98860738917453]]], [[[85.17982296712155, 27.98774829389715], [85.18006975503128, 27.988177647034572], [85.1800688630458, 27.98774790444299], [85.17982296712155, 27.98774829389715]]], [[[85.17682754368019, 27.96583545339238], [85.17608960610619, 27.96562171616889], [85.17608873406328, 27.965191949817374], [85.17510627311175, 27.965623236426783], [85.17535340896565, 27.966267505845757], [85.17658302157196, 27.966480484186782], [85.1765838960757, 27.96691024917759], [85.17756812300995, 27.96733848066409], [85.17682754368019, 27.96583545339238]]], [[[85.17707206215347, 27.965190421052114], [85.17731745510883, 27.964975154188846], [85.17707162370041, 27.9649755377096], [85.17707206215347, 27.965190421052114]]], [[[85.17657908641232, 27.964546536127422], [85.17682535444766, 27.964761037241868], [85.17682491660766, 27.96454615367232], [85.17657908641232, 27.964546536127422]]], [[[85.17682535444766, 27.964761037241868], [85.17682579228983, 27.964975920698304], [85.17707118524955, 27.964760654253915], [85.17682535444766, 27.964761037241868]]], [[[85.16377644792412, 27.954251144303907], [85.16328444147547, 27.954036963059025], [85.16328322869784, 27.953392294909328], [85.16254704000798, 27.95403802093443], [85.16254784488507, 27.954467799138627], [85.16279364659334, 27.954467447044124], [85.16377888084826, 27.95554047685699], [85.16451629506554, 27.95553941098661], [85.16451548043136, 27.955109633926146], [85.16402427948842, 27.955325233623892], [85.16377644792412, 27.954251144303907]]], [[[85.16451629506554, 27.95553941098661], [85.16451710970779, 27.955969187594075], [85.16377969183903, 27.955970253468585], [85.16648520605233, 27.956825873685982], [85.16796463073484, 27.959187460170696], [85.16796587836662, 27.95983211910751], [85.16894914586872, 27.959830660647896], [85.16895081914485, 27.9606902043006], [85.16944287729413, 27.960904357501512], [85.16944371638337, 27.961334128419406], [85.1709199127178, 27.96197657386846], [85.17116700710822, 27.96262085815382], [85.17092202876867, 27.96305099746292], [85.17141368073365, 27.963050256506257], [85.17092372164706, 27.963910534301288], [85.17190660965012, 27.9636941662112], [85.17190746096725, 27.9641239341719], [85.17313617733588, 27.96390718321002], [85.17338329367689, 27.9645514596249], [85.17559663520444, 27.964977827660505], [85.1763336928374, 27.964761801621524], [85.17633281959436, 27.96433203436621], [85.17411949092028, 27.96390568000218], [85.1716586566343, 27.962620116135934], [85.17165738153206, 27.961975461646176], [85.17091948951393, 27.961761688809982], [85.1704261569193, 27.96090288625824], [85.17067113165297, 27.960472745753734], [85.17017949428332, 27.96047348350076], [85.16968533606054, 27.959184902294762], [85.16919454381659, 27.95961540850734], [85.16845667793069, 27.95940161843332], [85.16845459248908, 27.958327185180828], [85.16746802488807, 27.956609540249453], [85.16697640937483, 27.956610264137513], [85.1667297760062, 27.956180849368227], [85.16574654981572, 27.956182288626177], [85.16574572908364, 27.955752512252218], [85.16500790453365, 27.955538697746206], [85.16451629506554, 27.95553941098661]], [[85.17559533081499, 27.964333176940656], [85.17534993540316, 27.964548440421833], [85.17534950121754, 27.964333556734626], [85.17559533081499, 27.964333176940656]]], [[[85.17092202876867, 27.96305099746292], [85.17018497219587, 27.963266989288915], [85.169446233701, 27.962623438456397], [85.16796629424799, 27.960047005193342], [85.16846210032055, 27.96219513164426], [85.16920208473877, 27.96348334270664], [85.16969457952423, 27.963912377396102], [85.17043206480419, 27.96391127313547], [85.17092202876867, 27.96305099746292]], [[85.16944791195428, 27.963482976217428], [85.1696933189926, 27.96326772492631], [85.16969373916773, 27.963482609196106], [85.16944791195428, 27.963482976217428]]], [[[85.17141580292378, 27.964124677264074], [85.17166120689564, 27.963909422059526], [85.17141537848154, 27.963909793338846], [85.17141580292378, 27.964124677264074]]], [[[85.1709216055543, 27.9628361129704], [85.17018328664676, 27.962407451083816], [85.17018412941714, 27.96283722041271], [85.1709216055543, 27.9628361129704]]], [[[85.16328807991647, 27.955970961391383], [85.16377928634263, 27.9557553652194], [85.16328767563725, 27.955756073140833], [85.16328807991647, 27.955970961391383]]], [[[85.16278719806326, 27.951029208733715], [85.16352174011652, 27.94952391092399], [85.1635172871224, 27.947160096556143], [85.16302653227788, 27.947590588811778], [85.1630281466687, 27.948450158358295], [85.16253657733117, 27.948450863040872], [85.162046211498, 27.94909624157352], [85.16205503780122, 27.95382383425123], [85.16279203441292, 27.953607890185374], [85.16278719806326, 27.951029208733715]]], [[[85.162779138119, 27.946731370053502], [85.16302532150577, 27.946945910461764], [85.16302491791906, 27.946731017451718], [85.162779138119, 27.946731370053502]]], [[[85.16302532150577, 27.946945910461764], [85.16302572509449, 27.94716080335844], [85.16327110191227, 27.9469455573273], [85.16302532150577, 27.946945910461764]]], [[[85.16279566186377, 27.955541890568984], [85.16304187028153, 27.95575642630351], [85.1630414666129, 27.95554153793904], [85.16279566186377, 27.955541890568984]]], [[[85.16254864977012, 27.954897576889728], [85.16279404964344, 27.95468233597561], [85.1625482473266, 27.95468268807082], [85.16254864977012, 27.954897576889728]]], [[[85.16179601889888, 27.946732775140706], [85.16154863936474, 27.945873551892372], [85.16081090912346, 27.94565970493473], [85.16130565726544, 27.94737815319682], [85.16179722053816, 27.947377453841042], [85.16179802164092, 27.947807239074542], [85.16253537018589, 27.947806186046886], [85.16278034705977, 27.947376048745642], [85.16228838203762, 27.947161859571942], [85.16228757851293, 27.94673207366108], [85.16179601889888, 27.946732775140706]], [[85.1620434033304, 27.947591996037925], [85.16228878380294, 27.94737675235735], [85.16228918557026, 27.94759164502936], [85.1620434033304, 27.947591996037925]]], [[[85.16253537018589, 27.947806186046886], [85.16253617494742, 27.948235970822875], [85.16278115303025, 27.947805833973646], [85.16253537018589, 27.947806186046886]]], [[[85.16228556973601, 27.94565760690021], [85.16253174885767, 27.945872148944055], [85.16253134649783, 27.945657255365802], [85.16228556973601, 27.94565760690021]]], [[[85.16253174885767, 27.945872148944055], [85.16253255358333, 27.946301935760395], [85.16277752622594, 27.945871796876983], [85.16253174885767, 27.945872148944055]]], [[[85.16181324410087, 27.95597307239101], [85.16230324867968, 27.95511281715988], [85.16181124098198, 27.954898629985124], [85.16181324410087, 27.95597307239101]]], [[[85.14849229204803, 27.928269684213095], [85.14800083685263, 27.928270326002256], [85.14800193580311, 27.928915034083158], [85.1494800120943, 27.93106212183981], [85.14923575412806, 27.93192204976707], [85.14972797119367, 27.9323512042693], [85.14997593765625, 27.933640282072854], [85.1507139121246, 27.934069105588776], [85.15194263211006, 27.934067467785948], [85.15194376040488, 27.934712166641173], [85.15292674365912, 27.934710846816458], [85.15243487471903, 27.93449660828903], [85.15267986407903, 27.93406647872111], [85.15341823527501, 27.934710183712504], [85.15366322036579, 27.934280052248276], [85.15415470953727, 27.934279385955296], [85.15513960790604, 27.93535254390138], [85.15563110313764, 27.935351871218725], [85.15612530354187, 27.936855487305053], [85.15686411229706, 27.93771406338002], [85.15661990875704, 27.938573993135627], [85.15711142221514, 27.9385733140499], [85.15760371592211, 27.939002427391003], [85.15760488632145, 27.93964711837232], [85.15834255756978, 27.939860989317214], [85.15859067339953, 27.941150024516027], [85.15908220142722, 27.941149336902985], [85.15932993750332, 27.94222347100562], [85.15982226287642, 27.942652570880384], [85.16031776805421, 27.94480082455262], [85.16105548978138, 27.945014675165137], [85.1613024626689, 27.945659007717865], [85.16203939183124, 27.94544306420963], [85.16056036259329, 27.94308132089792], [85.16055917019895, 27.942436635384805], [85.16006723865007, 27.942222433990334], [85.15981791097019, 27.94028871649188], [85.15932599342179, 27.94007451075601], [85.1593248102354, 27.939429820469392], [85.15834020582662, 27.938571607026343], [85.15809288375156, 27.93771235902955], [85.15735484186789, 27.937283587318237], [85.1568586763743, 27.93470548240833], [85.1558733782739, 27.933417437607048], [85.15562571008991, 27.932343272724452], [85.15488734265686, 27.9316995783455], [85.15415013081119, 27.931700581750988], [85.15316831901424, 27.9323466147693], [85.15292182287287, 27.931917144432994], [85.15243034706437, 27.93191780539249], [85.15194075165596, 27.932992967423925], [85.15095853514659, 27.933424079207708], [85.15021944947596, 27.93235055500952], [85.15046369890479, 27.931490625871586], [85.14947742222961, 27.929557809369218], [85.14947557238119, 27.928483297055426], [85.1489855909934, 27.929343553184232], [85.14849229204803, 27.928269684213095]], [[85.15415470953727, 27.934279385955296], [85.15489155988458, 27.93406348280229], [85.1548919432803, 27.93427838252638], [85.15415470953727, 27.934279385955296]], [[85.1548919432803, 27.93427838252638], [85.15513807186342, 27.934492946596233], [85.15489232667792, 27.934493282137087], [85.1548919432803, 27.93427838252638]], [[85.14947742222961, 27.929557809369218], [85.14923206035785, 27.929773034783892], [85.14923169099089, 27.929558132661118], [85.14947742222961, 27.929557809369218]], [[85.15834098973325, 27.93900140157706], [85.1573571789413, 27.9385729737091], [85.15710986659182, 27.93771372357378], [85.15784752019245, 27.937927598750736], [85.15834098973325, 27.93900140157706]], [[85.15513922389253, 27.93513764474535], [85.1553845862811, 27.934922409401747], [85.155384970901, 27.93513730867063], [85.15513922389253, 27.93513764474535]], [[85.1526775965909, 27.932777077957724], [85.15243223355446, 27.932992308585696], [85.1524318562527, 27.932777408174047], [85.1526775965909, 27.932777077957724]], [[85.1526775965909, 27.932777077957724], [85.15267684077648, 27.93234727679523], [85.1529225798963, 27.932346946048238], [85.1526775965909, 27.932777077957724]], [[85.15218724599872, 27.933422438754828], [85.15243261085807, 27.9332072088838], [85.15243298816357, 27.93342210906843], [85.15218724599872, 27.933422438754828]]], [[[85.16203939183124, 27.94544306420963], [85.16203979297221, 27.9456579579026], [85.16228516798661, 27.945442713207942], [85.16203939183124, 27.94544306420963]]], [[[85.15415013081119, 27.931700581750988], [85.15414974926296, 27.931485680662796], [85.1536582759062, 27.93148634693889], [85.15415013081119, 27.931700581750988]]], [[[85.14947557238119, 27.928483297055426], [85.14996665759051, 27.928267746080003], [85.149475202417, 27.92826839425198], [85.14947557238119, 27.928483297055426]]], [[[85.14996665759051, 27.928267746080003], [85.15021164160247, 27.927837615252443], [85.14996591523486, 27.92783794013504], [85.14996665759051, 27.928267746080003]]], [[[85.15021164160247, 27.927837615252443], [85.15045699557682, 27.92762238669642], [85.15021126981922, 27.927622712110225], [85.15021164160247, 27.927837615252443]]], [[[85.16156423802676, 27.954254313148102], [85.16181084036414, 27.954683741164125], [85.16181003913442, 27.954253963182385], [85.16156423802676, 27.954254313148102]]], [[[85.15316718165718, 27.93170191217811], [85.15341253922499, 27.931486679279065], [85.1531668025419, 27.9314870110873], [85.15316718165718, 27.93170191217811]]], [[[85.14946336452985, 27.92139144457155], [85.14970944317055, 27.921606027209506], [85.14970907265686, 27.9213911207717], [85.14946336452985, 27.92139144457155]]], [[[85.14970944317055, 27.921606027209506], [85.14970981368607, 27.921820933533652], [85.15044656936485, 27.921605052616812], [85.14970944317055, 27.921606027209506]]], [[[85.14970981368607, 27.921820933533652], [85.14946410434287, 27.921821257334805], [85.14971018420343, 27.922035839744133], [85.14970981368607, 27.921820933533652]]], [[[85.14971018420343, 27.922035839744133], [85.15143277728171, 27.92353789850065], [85.1502101544805, 27.926978002002233], [85.14971907717026, 27.92719355471457], [85.15070197533885, 27.927192254128077], [85.15168111929356, 27.92504190512936], [85.1514301538111, 27.92203355823945], [85.14971018420343, 27.922035839744133]]], [[[85.14922836677049, 27.927624008446593], [85.14947446249411, 27.92783858830447], [85.14947409253541, 27.9276236851604], [85.14922836677049, 27.927624008446593]]], [[[85.14947409253541, 27.9276236851604], [85.14971944773347, 27.927408458085207], [85.14947372257856, 27.927408781902713], [85.14947409253541, 27.9276236851604]]], [[[85.14897157958278, 27.92117718402241], [85.14897194827034, 27.921392090575715], [85.14946299462609, 27.92117653801953], [85.14897157958278, 27.92117718402241]]], [[[85.14897157958278, 27.92117718402241], [85.1487251359049, 27.920747692777287], [85.14847942959487, 27.9207480144478], [85.14848016453217, 27.921177827897782], [85.14897157958278, 27.92117718402241]]], [[[85.14849192451844, 27.92805478129363], [85.14898374723617, 27.928269040296378], [85.14898337849019, 27.928054137378084], [85.14849192451844, 27.92805478129363]]], [[[85.14872697630226, 27.92182222554692], [85.14897231695974, 27.921606997015402], [85.14872660821915, 27.9216073192203], [85.14872697630226, 27.92182222554692]]], [[[85.1482351907325, 27.921607962034447], [85.14848053200353, 27.921392734452382], [85.14823482386741, 27.92139305559286], [85.1482351907325, 27.921607962034447]]], [[[85.14011917201671, 27.916890292905723], [85.14036521481158, 27.91710489817704], [85.14036486744179, 27.916889989329256], [85.14011917201671, 27.916890292905723]]], [[[85.14036521481158, 27.91710489817704], [85.14036556218312, 27.9173198069111], [85.1386453425439, 27.91710701204747], [85.13889035114579, 27.916676893845228], [85.1352032555874, 27.915606797199597], [85.13471120521591, 27.9151775620487], [85.13470987174534, 27.914317921829205], [85.13520091349604, 27.91410242722138], [85.13520024434197, 27.913672606204297], [85.13569161701759, 27.913672019810537], [85.13544492513799, 27.913027580896426], [85.13618029368126, 27.91195214269035], [85.13544358443772, 27.912167936135113], [85.13544425478453, 27.912597758743203], [85.13495322214537, 27.912813255202206], [85.13495455800168, 27.913672898603373], [85.13397280723767, 27.914318794245176], [85.1339744649599, 27.915393344243753], [85.13667943588688, 27.916894487131977], [85.13815395045208, 27.917107611223848], [85.1381560018725, 27.918397061954995], [85.13766528386547, 27.918827475014254], [85.138402386604, 27.91882657862908], [85.13913742329329, 27.917536228104108], [85.13962950890702, 27.917965441573987], [85.14085834982792, 27.918178831955235], [85.14307353623128, 27.920540049728153], [85.14577666006512, 27.920751517720305], [85.14602308917046, 27.921181015362762], [85.14725162687385, 27.921179428278666], [85.14725089801748, 27.920749614822384], [85.14774231065387, 27.920748976268126], [85.14380994163058, 27.920109304070696], [85.1430714117401, 27.91925060588773], [85.14258000754923, 27.919251224222645], [85.14257930183177, 27.918821408697532], [85.14085660687265, 27.917104289427414], [85.14036521481158, 27.91710489817704]]], [[[85.14774231065387, 27.920748976268126], [85.14774267629733, 27.920963883051822], [85.14823372328301, 27.92074833558643], [85.14774231065387, 27.920748976268126]]], [[[85.14749733440914, 27.921179109266188], [85.1477434075897, 27.92139369627832], [85.14774304194262, 27.921178789721925], [85.14749733440914, 27.921179109266188]]], [[[85.13617995668811, 27.91173723110363], [85.13642597514944, 27.911951847636658], [85.13642563754831, 27.911736936050517], [85.13617995668811, 27.91173723110363]]], [[[85.13642563754831, 27.911736936050517], [85.13740836097236, 27.911735750519853], [85.13936966911231, 27.90915440610922], [85.13985790144491, 27.907219580051464], [85.14034958487218, 27.90743388744929], [85.14133086066691, 27.906573011393053], [85.14108275070254, 27.9050689137445], [85.14157197281111, 27.903778808875693], [85.14108100523406, 27.90399433652748], [85.14059177461885, 27.90528443859454], [85.14010114276937, 27.905714876082683], [85.13960912423313, 27.905285651709196], [85.13960981514157, 27.905715481578792], [85.13911883174795, 27.905930999712975], [85.13912158573746, 27.907650313738493], [85.1386305901945, 27.907865828733083], [85.13863127628065, 27.908295655876337], [85.1381399340429, 27.908296255004924], [85.13838697492366, 27.90915560863013], [85.13789699274385, 27.910015857807768], [85.13667064199369, 27.911306816953346], [85.13617894571865, 27.911092495661208], [85.13642563754831, 27.911736936050517]]], [[[85.13639661010137, 27.893254113903765], [85.1368868512608, 27.892608757492383], [85.13639492283906, 27.89217950531391], [85.13713146020261, 27.891963695062735], [85.13713010313734, 27.89110400569083], [85.13762100766404, 27.890888488282524], [85.13786321879735, 27.888738957564783], [85.13688075552595, 27.88874014710251], [85.13638783679318, 27.88766611812441], [85.1356509984265, 27.887667001495842], [85.13491249122819, 27.88659325665814], [85.13392972085403, 27.886379495622], [85.1312247736719, 27.88423339610792], [85.13073356747039, 27.884233963204622], [85.13048893278835, 27.884879024144627], [85.13048828717268, 27.884449172132552], [85.12901370739968, 27.883806078591967], [85.1287687426006, 27.884236210323813], [85.1295065130688, 27.884880149837578], [85.13147265345437, 27.88573759259163], [85.13196484754398, 27.886381798081754], [85.1331932228801, 27.88659528806293], [85.13319355238684, 27.886810212979626], [85.13442260189751, 27.88745353868964], [85.13516077597316, 27.888312360436245], [85.13589761981848, 27.88831148024986], [85.13688211008677, 27.889599841491503], [85.13639391050171, 27.89153473879257], [85.13590299927883, 27.891750250548135], [85.13590636165785, 27.89389946716961], [85.13541577089515, 27.894329896481203], [85.1356650946858, 27.89669372569438], [85.13664764792979, 27.896692546706085], [85.13615333949822, 27.894758856151853], [85.13639661010137, 27.893254113903765]], [[85.13319256387149, 27.88616543788743], [85.13294662642188, 27.885950800700808], [85.13319223436963, 27.885950512628618], [85.13319256387149, 27.88616543788743]], [[85.13319256387149, 27.88616543788743], [85.1334381724252, 27.886165149282945], [85.1334385025363, 27.886380074427162], [85.13319289337497, 27.886380363032153], [85.13319256387149, 27.88616543788743]], [[85.1334385025363, 27.886380074427162], [85.13368444241632, 27.886594710320054], [85.13343883264903, 27.886594999457316], [85.1334385025363, 27.886380074427162]], [[85.13368444241632, 27.886594710320054], [85.13393038351157, 27.88680934556612], [85.1336847731383, 27.88680963523567], [85.13368444241632, 27.886594710320054]], [[85.13393038351157, 27.88680934556612], [85.13417632582205, 27.887023980165353], [85.13393071484279, 27.88702427036717], [85.13393038351157, 27.88680934556612]]], [[[85.13664764792979, 27.896692546706085], [85.13664866221065, 27.897337305022898], [85.13714096041166, 27.8979814696231], [85.13713926384922, 27.896906873573116], [85.13664764792979, 27.896692546706085]]], [[[85.13714096041166, 27.8979814696231], [85.13714163904838, 27.89841130724592], [85.13665069081752, 27.8986268185815], [85.13664967650655, 27.897982062314696], [85.13615771882688, 27.897552814796292], [85.13640673455193, 27.89970170563464], [85.13689904435941, 27.900345867529396], [85.13690039928224, 27.90120553731146], [85.13739136146893, 27.900990026265468], [85.13788300354658, 27.90120434763958], [85.1378836858806, 27.90163418184281], [85.1391119472512, 27.901632682782278], [85.14009559624202, 27.902276224397166], [85.1403440283992, 27.90399525034123], [85.13985305655164, 27.904210772565463], [85.14034437566586, 27.904210166014035], [85.14059073097462, 27.90463969294366], [85.14058968734587, 27.90399494626844], [85.14132631447919, 27.903779115075054], [85.14132351697057, 27.90205978470297], [85.1400935164075, 27.90098672250207], [85.13837327853341, 27.900558997457686], [85.13738660236169, 27.897981172479682], [85.13714096041166, 27.8979814696231]], [[85.13689633459423, 27.89862652249985], [85.13714231769184, 27.898841144413105], [85.13689667330901, 27.898841441027095], [85.13689633459423, 27.89862652249985]], [[85.13689667330901, 27.898841441027095], [85.13665170514354, 27.899271573823345], [85.1366510289245, 27.89884173710928], [85.13689667330901, 27.898841441027095]]], [[[85.14010044942943, 27.905285046215454], [85.14034576474974, 27.905069827567136], [85.14034507020438, 27.904639997018254], [85.13985409471479, 27.904855518904597], [85.14010044942943, 27.905285046215454]]], [[[85.13962778116142, 27.91689089846303], [85.1398731304379, 27.91667568698765], [85.13962743561743, 27.916675989499822], [85.13962778116142, 27.91689089846303]]], [[[85.1364266503567, 27.912381670467653], [85.13667267125322, 27.912596286125297], [85.13667233303912, 27.912381374880976], [85.1364266503567, 27.912381670467653]]], [[[85.13667233303912, 27.912381374880976], [85.13691767689946, 27.912166167404997], [85.13667199482668, 27.912166463522947], [85.13667233303912, 27.912381374880976]]], [[[85.13691767689946, 27.912166167404997], [85.13716301954388, 27.91195095928464], [85.13691733808075, 27.911951255933822], [85.13691767689946, 27.912166167404997]]], [[[85.13569060965101, 27.913027287435327], [85.13593663055755, 27.913241904347345], [85.13593629416238, 27.91302699344247], [85.13569060965101, 27.913027287435327]]], [[[85.13593629416238, 27.91302699344247], [85.13618164167058, 27.912811787899713], [85.13593595776885, 27.912812082423855], [85.13593629416238, 27.91302699344247]]], [[[85.13618164167058, 27.912811787899713], [85.1364269879628, 27.91259658171256], [85.13618130467076, 27.91259687676796], [85.13618164167058, 27.912811787899713]]], [[[85.135912078084, 27.89755310927978], [85.13615704506566, 27.897122976257826], [85.13591140553832, 27.89712327074017], [85.135912078084, 27.89755310927978]]], [[[85.1341779855409, 27.888098602457635], [85.1344229344489, 27.887668463147524], [85.13417732164842, 27.887668753882746], [85.1341779855409, 27.888098602457635]]], [[[85.12950427045404, 27.883375665784218], [85.12975019210961, 27.883590311797242], [85.12974987113326, 27.883375385162314], [85.12950427045404, 27.883375665784218]]], [[[85.12975019210961, 27.883590311797242], [85.12999611498034, 27.88380495716348], [85.12999579339484, 27.883590030643166], [85.12975019210961, 27.883590311797242]]], [[[85.12999611498034, 27.88380495716348], [85.13024203906622, 27.884019601882862], [85.13024171687154, 27.883804675477123], [85.12999611498034, 27.88380495716348]]], [[[85.13024203906622, 27.884019601882862], [85.13024236126248, 27.88423452817457], [85.13073324405897, 27.88401903691399], [85.13024203906622, 27.884019601882862]]]]}}, {"type": "Feature", "properties": {"clase": "runup_ladera", "area_km2": 5.07}, "geometry": {"type": "MultiPolygon", "coordinates": [[[[85.377077747837, 28.28089252273154], [85.37658522660908, 28.281108870977878], [85.37634223854761, 28.28196855713395], [85.3765908419846, 28.282397178255223], [85.37708337054255, 28.282180830647743], [85.3778151166552, 28.280245918330667], [85.3790487500753, 28.280241826055427], [85.37880390617326, 28.280672082624136], [85.38078056815937, 28.281309666186992], [85.38151980910645, 28.28109247506693], [85.38126928993624, 28.28023442634263], [85.38028238337834, 28.280237720439974], [85.38003187897527, 28.279379667253234], [85.37953748736386, 28.279166590898285], [85.37904592411203, 28.279597669667776], [85.37904404015991, 28.279168231527464], [85.37830292918925, 28.27895596922962], [85.37854777072293, 28.27852571197913], [85.3780543271603, 28.278527348329803], [85.3773169747988, 28.27917395692103], [85.37805714569588, 28.279171506382557], [85.37830574959222, 28.279600126619215], [85.37707212529915, 28.2796042108662], [85.377077747837, 28.28089252273154]], [[85.377077747837, 28.28089252273154], [85.3773254141029, 28.281106425198335], [85.37707868494296, 28.28110724099181], [85.377077747837, 28.28089252273154]]], [[[85.37904404015991, 28.279168231527464], [85.37929076376423, 28.279167411479662], [85.37928982118208, 28.278952692246577], [85.37904309819089, 28.27895351229276], [85.37904404015991, 28.279168231527464]]], [[[85.37904309819089, 28.27895351229276], [85.37854871145638, 28.278740431436567], [85.37854965219448, 28.27895515078426], [85.37904309819089, 28.27895351229276]]], [[[85.37680011763449, 28.27380757379237], [85.37655434503687, 28.2740231103487], [85.37852801640096, 28.27401657802331], [85.37901201583917, 28.271867715979067], [85.37875778363092, 28.270150748618228], [85.37826344796274, 28.269937662060197], [85.37801299346629, 28.26907958339993], [85.37751960383345, 28.269081217474298], [85.37676641252203, 28.266077512867255], [85.37627304000557, 28.26607914156108], [85.37677015723675, 28.266936415554728], [85.37702621418195, 28.2690828494144], [85.3780158113856, 28.269723755942813], [85.37802332604244, 28.27144154455856], [85.37753461360559, 28.272516793000598], [85.37727665888922, 28.26994093023469], [85.37678139182755, 28.269513113071984], [85.37604130362352, 28.2695155553895], [85.37680011763449, 28.27380757379237]], [[85.37629360988683, 28.270803084664404], [85.37653937397644, 28.27058754701719], [85.37654030963284, 28.27080227054887], [85.37629360988683, 28.270803084664404]], [[85.37653937397644, 28.27058754701719], [85.37703183535072, 28.27037119355046], [85.37703277222849, 28.27058591718877], [85.37653937397644, 28.27058754701719]]], [[[85.37853083832073, 28.27466074298038], [85.37877660780175, 28.27444520249279], [85.37852989767613, 28.274446021437825], [85.37853083832073, 28.27466074298038]]], [[[85.37804211399175, 28.27573598535556], [85.377307598237, 28.277026759522983], [85.37755900703107, 28.278099543289155], [85.37805244815992, 28.278097909079356], [85.37804211399175, 28.27573598535556]]], [[[85.37804211399175, 28.27573598535556], [85.37828788775025, 28.275520446472637], [85.37804117454994, 28.27552126435858], [85.37804211399175, 28.27573598535556]]], [[[85.37632727454414, 28.278533058748703], [85.37657586802202, 28.278961683406262], [85.37706837703374, 28.278745334094992], [85.37681697245222, 28.277672550896384], [85.37632727454414, 28.278533058748703]]], [[[85.37655715224324, 28.27466727534448], [85.37581701988735, 28.274669716176952], [85.37631231173062, 28.27509753227379], [85.37632166334963, 28.27724473961291], [85.37681322680686, 28.276813670168508], [85.37655715224324, 28.27466727534448]]], [[[85.3765805472574, 28.28003527856342], [85.37584036891893, 28.28003771951635], [85.37535531199492, 28.28197180859396], [85.3758450390734, 28.2811113119549], [85.37658429072944, 28.28089415271441], [85.3765805472574, 28.28003527856342]]], [[[85.37603850042989, 28.268871382478522], [85.376040369221, 28.269300831195693], [85.37628706468067, 28.269300017624996], [85.37628519466358, 28.26887056891108], [85.37603850042989, 28.268871382478522]]], [[[85.37603850042989, 28.268871382478522], [85.37578993864496, 28.26844274635274], [85.37579180619153, 28.268872195512433], [85.37603850042989, 28.268871382478522]]], [[[85.37583943490196, 28.279823000699555], [85.37608522578083, 28.279607468658863], [85.37583850088963, 28.279608281773], [85.37583943490196, 28.279823000699555]]], [[[85.37554231247458, 28.26822883410373], [85.37578620360746, 28.26758384671537], [85.37553951304231, 28.267584659206072], [85.37554231247458, 28.26822883410373]]], [[[85.37529002492087, 28.26694129527219], [85.37529188995067, 28.26737074597612], [85.3755385799075, 28.267369934020493], [85.3755367136518, 28.26694048331985], [85.37529002492087, 28.26694129527219]]], [[[85.37529002492087, 28.26694129527219], [85.37479571616312, 28.266728192056465], [85.37479664744515, 28.26694291757635], [85.37529002492087, 28.26694129527219]]], [[[85.37553204809367, 28.26586685464568], [85.37404635757586, 28.264583360216772], [85.37330538395929, 28.264371058078854], [85.37355113721003, 28.264155523567613], [85.37329796369625, 28.262653240218725], [85.37305962948271, 28.264586591949882], [85.37380060434356, 28.26479889557533], [85.37429861971644, 28.265870909032177], [85.37281294744791, 28.264587398549338], [85.3725690425807, 28.265232384184426], [85.37331094935017, 28.2656594168589], [85.37331280451734, 28.266088868906653], [85.37429954975408, 28.266085634994717], [85.37504147239999, 28.26651265554459], [85.37553391430302, 28.266296306444918], [85.37553204809367, 28.26586685464568]]], [[[85.37280090554573, 28.26179594234222], [85.37305036028295, 28.262439319608774], [85.37329703618411, 28.262438512491673], [85.37329425367534, 28.26179432865117], [85.37280090554573, 28.26179594234222]]], [[[85.37280090554573, 28.26179594234222], [85.37255330581897, 28.26158202021602], [85.37255423147403, 28.261796748387457], [85.37280090554573, 28.26179594234222]]], [[[85.37231033255188, 28.26244173775881], [85.37181790454297, 28.262658074927867], [85.3720710523424, 28.26416036154465], [85.37231773316518, 28.264159556549007], [85.37231033255188, 28.26244173775881]]], [[[85.37231773316518, 28.264159556549007], [85.37231865826253, 28.264374283403257], [85.37256533969364, 28.264373477872486], [85.37231773316518, 28.264159556549007]]], [[[85.3720553368099, 28.260509988181], [85.37156291916939, 28.260726325245223], [85.37181236160308, 28.261369706859814], [85.37205903446282, 28.261368902418273], [85.3720553368099, 28.260509988181]]], [[[85.37205903446282, 28.261368902418273], [85.37205995888752, 28.261583630702784], [85.3725523801685, 28.2613672919347], [85.37205903446282, 28.261368902418273]]], [[[85.37157030477944, 28.262444151107157], [85.37181513305235, 28.2620138913884], [85.37156845834939, 28.26201469530116], [85.37157030477944, 28.262444151107157]]], [[[85.37156107281275, 28.26029686768059], [85.37156199598878, 28.26051159651787], [85.37180774261276, 28.260296063780505], [85.37156107281275, 28.26029686768059]]], [[[85.37156107281275, 28.26029686768059], [85.37106588931215, 28.259869015869498], [85.37082106338526, 28.26029927617976], [85.37156107281275, 28.26029686768059]]], [[[85.37107326496954, 28.261586845274103], [85.37107418694734, 28.26180157345508], [85.3713208610466, 28.261800770610936], [85.37131993845593, 28.261586042431553], [85.37107326496954, 28.261586845274103]]], [[[85.37107326496954, 28.261586845274103], [85.37082567011825, 28.261372919290725], [85.37082659147859, 28.26158764758315], [85.37107326496954, 28.261586845274103]]], [[[85.3713208610466, 28.261800770610936], [85.37132178364185, 28.26201549868043], [85.37156753514125, 28.26179996723326], [85.3713208610466, 28.261800770610936]]], [[[85.37081829940043, 28.259655088994066], [85.37057071071439, 28.25944116147199], [85.37057163142067, 28.259655890755344], [85.37081829940043, 28.259655088994066]]], [[[85.36785919731155, 28.25987940410875], [85.36909345751819, 28.26009014837523], [85.36982887086447, 28.25901410464415], [85.36785097174976, 28.25794683743443], [85.36611341436478, 28.255375624106136], [85.36611705274831, 28.256234549049385], [85.36711007025079, 28.257734491689003], [85.36686523067739, 28.258164745696593], [85.36859370844627, 28.258588638060292], [85.36686796515005, 28.258808935266465], [85.36785919731155, 28.25987940410875]], [[85.36859462423155, 28.258803367796006], [85.3688422061991, 28.25901729993325], [85.36859554002137, 28.25901809742176], [85.36859462423155, 28.258803367796006]], [[85.3688422061991, 28.25901729993325], [85.36908978939236, 28.259231231423897], [85.36884312260634, 28.259232029447485], [85.3688422061991, 28.25901729993325]]], [[[85.36610613781461, 28.253657768940474], [85.36684609051004, 28.25365539099682], [85.36684517912332, 28.25344065861084], [85.36561192767216, 28.253444619175074], [85.36586130479199, 28.25408802497586], [85.36610613781461, 28.253657768940474]]], [[[85.36637463394311, 28.25881052117078], [85.36662038866626, 28.258594998737106], [85.36637372367336, 28.258595791420976], [85.36637463394311, 28.25881052117078]]], [[[85.36611159520011, 28.254946160974637], [85.36635460905357, 28.254086441274286], [85.36610795692503, 28.254087233391807], [85.36611159520011, 28.254946160974637]]], [[[85.36336047932117, 28.245936010992118], [85.36336138197221, 28.24615074725132], [85.3636080114798, 28.24614996105945], [85.3636071082161, 28.245935224801798], [85.36336047932117, 28.245936010992118]]], [[[85.36336047932117, 28.245936010992118], [85.36311294838787, 28.24572206027822], [85.36311385042177, 28.245936796649016], [85.36336047932117, 28.245936010992118]]], [[[85.3636080114798, 28.24614996105945], [85.36360891474797, 28.246364697207007], [85.36385554486374, 28.246363910480145], [85.3636080114798, 28.24614996105945]]], [[[85.36385554486374, 28.246363910480145], [85.36435695123961, 28.248294955758972], [85.36534712411272, 28.249150738677198], [85.36511409164083, 28.252372536031785], [85.36461807961727, 28.251729914863425], [85.3641247887732, 28.251731491062134], [85.36412931186992, 28.252805156377985], [85.36536255426502, 28.252801211841383], [85.36585039775365, 28.251511231648752], [85.36634277719318, 28.25129491449545], [85.36633731659231, 28.250006511249538], [85.36460268109666, 28.24807943226703], [85.36435061530759, 28.246791807381605], [85.3641039839755, 28.246792595178484], [85.36410217497499, 28.24636312321979], [85.36385554486374, 28.246363910480145]]], [[[85.36588039367399, 28.258597375188156], [85.36612614902356, 28.258381853709984], [85.36587948463445, 28.258382645325288], [85.36588039367399, 28.258597375188156]]], [[[85.3653852480333, 28.258169496979374], [85.36538615584269, 28.258384226955314], [85.36563191181862, 28.258168706432684], [85.3653852480333, 28.258169496979374]]], [[[85.3653852480333, 28.258169496979374], [85.36513676986395, 28.257740826707735], [85.36513858424348, 28.25817028699261], [85.3653852480333, 28.258169496979374]]], [[[85.36413202578188, 28.2534493542474], [85.36413654905839, 28.25452301516311], [85.36463076172856, 28.25473617077407], [85.3648819483257, 28.255809039445502], [85.36463982091963, 28.256883483225824], [85.36488648104154, 28.256882694288947], [85.36513586268093, 28.257526096400348], [85.3651267910987, 28.255378787278897], [85.36413202578188, 28.2534493542474]]], [[[85.36463982091963, 28.256883483225824], [85.36439316079323, 28.256884271629215], [85.36439406612428, 28.257099002271115], [85.36463982091963, 28.256883483225824]]], [[[85.36485928643569, 28.250440723982216], [85.36485475439548, 28.24936705263819], [85.36436057187115, 28.249153895267614], [85.36436328739201, 28.249798098743568], [85.36485928643569, 28.250440723982216]]], [[[85.36461717378593, 28.25151518147335], [85.36436781335007, 28.250871769002707], [85.36437052897888, 28.251515969837854], [85.36461717378593, 28.25151518147335]]], [[[85.3641139337995, 28.249154683081557], [85.36435966670652, 28.24893916055555], [85.36411302924758, 28.248939948367923], [85.3641139337995, 28.249154683081557]]], [[[85.3636143344513, 28.247653111780828], [85.36312016478452, 28.247439948162604], [85.36337040872922, 28.24829810378925], [85.36361704436355, 28.248297317581866], [85.3636143344513, 28.247653111780828]]], [[[85.36361704436355, 28.248297317581866], [85.36361794767662, 28.248512052628758], [85.36386458391917, 28.248511265886368], [85.36361704436355, 28.248297317581866]]], [[[85.36188070585756, 28.24594071693192], [85.36113992193278, 28.245728326317163], [85.36114171620254, 28.24615779897343], [85.36262419588861, 28.246797310757394], [85.36188070585756, 28.24594071693192]]], [[[85.36262419588861, 28.246797310757394], [85.36262509671957, 28.247012046580895], [85.36287172869126, 28.24701126198314], [85.36262419588861, 28.246797310757394]]], [[[85.36287172869126, 28.24701126198314], [85.36287353159196, 28.247440733296926], [85.36311836065848, 28.24701047685197], [85.36287172869126, 28.24701126198314]]], [[[85.36261879099682, 28.24550889350458], [85.36311114433353, 28.24529258720631], [85.36261789019719, 28.245294156910482], [85.36261879099682, 28.24550889350458]]], [[[85.3623712631223, 28.24529494096242], [85.36261698940203, 28.24507942020628], [85.36237036293979, 28.24508020425669], [85.3623712631223, 28.24529494096242]]], [[[85.36203829771108, 28.224680498227027], [85.36130666878245, 28.226615565797086], [85.36131564246776, 28.228763022718354], [85.36180880231906, 28.22876145858594], [85.36155952840602, 28.228118005004994], [85.36204998695005, 28.22747220291808], [85.36203829771108, 28.224680498227027]]], [[[85.36154516113933, 28.224682063367553], [85.36179083089883, 28.22446653377558], [85.36154426322307, 28.224467316077625], [85.36154516113933, 28.224682063367553]]], [[[85.36179083089883, 28.22446653377558], [85.36203739857011, 28.224465750940162], [85.36203470117401, 28.223821508417764], [85.36178813533976, 28.223822291248542], [85.36179083089883, 28.22446653377558]]], [[[85.36178813533976, 28.223822291248542], [85.36154067160264, 28.223608325814745], [85.36154156950106, 28.223823073545983], [85.36178813533976, 28.223822291248542]]], [[[85.36079291154455, 28.22167793491504], [85.36153708005358, 28.222749333786627], [85.36153438643859, 28.222105088607], [85.36128782549409, 28.222105870358757], [85.36128692824366, 28.221891121743358], [85.361040367907, 28.221891902960284], [85.36103947127336, 28.221677154232964], [85.36079291154455, 28.22167793491504]]], [[[85.36079291154455, 28.22167793491504], [85.36054545640674, 28.22146396622303], [85.36054635181131, 28.221678715063778], [85.36079291154455, 28.22167793491504]]], [[[85.36153708005358, 28.222749333786627], [85.36153887581919, 28.223178830021336], [85.3617836428306, 28.222748551496846], [85.36153708005358, 28.222749333786627]]], [[[85.36162958518614, 28.24486781638681], [85.36138116387711, 28.244439124327624], [85.36088791457935, 28.24444068655141], [85.36113633344674, 28.244869379683596], [85.36162958518614, 28.24486781638681]]], [[[85.36083502935878, 28.231771005925204], [85.36132551403647, 28.231125212595522], [85.36132282173696, 28.23048098031574], [85.36083144448114, 28.230912030642298], [85.36083502935878, 28.231771005925204]]], [[[85.35965568468716, 28.244659319828596], [85.36039824636246, 28.24530119417419], [85.36113812768085, 28.24529885322053], [85.36014804059933, 28.244443025886273], [85.35965568468716, 28.244659319828596]]], [[[85.36083951055602, 28.232844722548485], [85.36108430841203, 28.232414455470938], [85.36083771806376, 28.232415236229905], [85.36083951055602, 28.232844722548485]]], [[[85.36057590265737, 28.228765364916843], [85.36106906253542, 28.22876380398456], [85.36081620954575, 28.227261366008936], [85.36056963389132, 28.22726214619762], [85.36057590265737, 28.228765364916843]]], [[[85.36010331349789, 28.233706032967444], [85.36059650156638, 28.23370447409788], [85.36084040680882, 28.233059465542485], [85.3605938146187, 28.233060245772712], [85.36010331349789, 28.233706032967444]]], [[[85.36031768885218, 28.225974448354705], [85.3605687383711, 28.227047400225178], [85.36081531341313, 28.22704662003803], [85.36080814451253, 28.225328648300135], [85.36031768885218, 28.225974448354705]]], [[[85.36030247647706, 28.222323740543967], [85.35881954243584, 28.22146941232057], [85.35832731401231, 28.221685712403083], [85.3585756548109, 28.22211443442914], [85.35906877679324, 28.222112882125383], [85.35907056028563, 28.222542379052843], [85.36005859750443, 28.222968764506984], [85.36006038593095, 28.22339826053946], [85.360553515208, 28.223396701817382], [85.36031142477745, 28.224471219587986], [85.36080635233189, 28.224899154262587], [85.36079918378736, 28.223181173699864], [85.36030247647706, 28.222323740543967]]], [[[85.35915262009279, 28.242298760915435], [85.3591561887613, 28.24315771288317], [85.36039287474114, 28.244012772214436], [85.36039108423628, 28.243583297347033], [85.35940191698137, 28.242942197955973], [85.35939923864879, 28.242297983819665], [85.35915262009279, 28.242298760915435]]], [[[85.35915262009279, 28.242298760915435], [85.35865760111021, 28.241870836856076], [85.35865938296747, 28.242300313506803], [85.35915262009279, 28.242298760915435]]], [[[85.36039287474114, 28.244012772214436], [85.36039377000024, 28.244227509482972], [85.36064039404762, 28.244226729706195], [85.36039287474114, 28.244012772214436]]], [[[85.36058485841559, 28.230912810857152], [85.36033558740876, 28.230269357909634], [85.36033827234561, 28.23091359053863], [85.36058485841559, 28.230912810857152]]], [[[85.3603329025119, 28.229625124288344], [85.3603346924387, 28.230054613479453], [85.36057948490729, 28.22962434461607], [85.3603329025119, 28.229625124288344]]], [[[85.3603329025119, 28.229625124288344], [85.36008542576779, 28.229411158664746], [85.36008632011209, 28.229625903427237], [85.3603329025119, 28.229625124288344]]], [[[85.36031410935423, 28.225115461149873], [85.36055978341359, 28.22489993443444], [85.36031321449086, 28.224900714072895], [85.36031410935423, 28.225115461149873]]], [[[85.36029889728135, 28.22146474583693], [85.3605445610066, 28.221249217271932], [85.36029800249355, 28.221249996884307], [85.36029889728135, 28.22146474583693]]], [[[85.3603516976301, 28.234134738801504], [85.36010420793106, 28.233920775525142], [85.36010510236865, 28.23413551797261], [85.3603516976301, 28.234134738801504]]], [[[85.36010063022509, 28.23306180463301], [85.36034632739626, 28.232846282472504], [85.3600997358097, 28.232847061634438], [85.36010063022509, 28.23306180463301]]], [[[85.36034364233936, 28.23220205282001], [85.36009526379944, 28.231773344988056], [85.3600970525902, 28.23220283197731], [85.36034364233936, 28.23220205282001]]], [[[85.35961459149695, 28.234781301405175], [85.35888103999001, 28.23628682431779], [85.35862820302138, 28.234784408507192], [85.35838783715936, 28.23628837575667], [85.35789463431104, 28.23628992506198], [85.35789819023266, 28.23714888939712], [85.35888549715362, 28.23736052943071], [85.3588837142749, 28.236931047716112], [85.35937602810519, 28.236714753114946], [85.35961459149695, 28.234781301405175]], [[85.35863532938824, 28.236502341548412], [85.35888282284218, 28.236716306693552], [85.358636220204, 28.236717082682727], [85.35863532938824, 28.236502341548412]]], [[[85.35961459149695, 28.234781301405175], [85.35986029476632, 28.234565781177793], [85.35961369827102, 28.234566559285255], [85.35961459149695, 28.234781301405175]]], [[[85.35985761327765, 28.23392155416136], [85.35960833900857, 28.23327810425124], [85.35961101861983, 28.233922332264193], [85.35985761327765, 28.23392155416136]]], [[[85.35980488545407, 28.221251554509067], [85.3595565410392, 28.22082283427597], [85.35955832692767, 28.221252332521463], [85.35980488545407, 28.221251554509067]]], [[[85.35940727376628, 28.24423062325568], [85.3594081665793, 28.24444536042025], [85.35965479125707, 28.244444582775678], [85.35965389783144, 28.244229845612654], [85.35940727376628, 28.24423062325568]]], [[[85.35940727376628, 28.24423062325568], [85.35915886530925, 28.243801925702726], [85.35866561960731, 28.243803478315495], [85.35891402562268, 28.244232176941413], [85.35940727376628, 28.24423062325568]]], [[[85.35887480014692, 28.23478363253175], [85.35911961327058, 28.23435337166674], [85.35887301737446, 28.234354148172525], [85.35887480014692, 28.23478363253175]]], [[[85.35911961327058, 28.23435337166674], [85.35961280504951, 28.234351817055092], [85.3593653165577, 28.23413785228572], [85.35911961327058, 28.23435337166674]]], [[[85.3593956676008, 28.24143903009612], [85.35939120389057, 28.240365335463707], [85.35914459084789, 28.240366112545747], [85.3589015438594, 28.241225845032748], [85.3593956676008, 28.24143903009612]]], [[[85.35938941843753, 28.23993585683978], [85.35938138411838, 28.238003197579374], [85.35888817150493, 28.238004751176323], [85.35889619479804, 28.239937410464265], [85.35938941843753, 28.23993585683978]]], [[[85.35890421844987, 28.241870060830216], [85.35914905149518, 28.241439807185795], [85.35890243538513, 28.24144058374203], [85.35890421844987, 28.241870060830216]]], [[[85.35856764033583, 28.22018169276575], [85.35881330473106, 28.21996616727033], [85.35856674986073, 28.21996694314027], [85.35856764033583, 28.22018169276575]]], [[[85.35841810640048, 28.24358951632069], [85.35841899674968, 28.243804253821708], [85.35866472864546, 28.24358874081603], [85.35841810640048, 28.24358951632069]]], [[[85.35841810640048, 28.24358951632069], [85.35841632571535, 28.24316004098839], [85.35792219455189, 28.242946852556987], [85.3579239727777, 28.24337632811567], [85.35841810640048, 28.24358951632069]]], [[[85.35832019498598, 28.219967718476923], [85.35856585939003, 28.2197521934044], [85.35831930512757, 28.21975296873954], [85.35832019498598, 28.219967718476923]]], [[[85.3583228645877, 28.220611967026922], [85.35807541861229, 28.220397992426992], [85.35807630787164, 28.220612741834834], [85.3583228645877, 28.220611967026922]]], [[[85.3576755741315, 28.24294762645686], [85.35790796938144, 28.239511032229434], [85.35741030913087, 28.238438879796732], [85.35716902471371, 28.23972809185662], [85.3576755741315, 28.24294762645686]]], [[[85.3541138113939, 28.216330056616655], [85.35485608866588, 28.216972010526174], [85.35460337809883, 28.215469516384456], [85.35435683601116, 28.2154702831564], [85.3541138113939, 28.216330056616655]]], [[[85.35435683601116, 28.2154702831564], [85.35410941456132, 28.21525629731355], [85.35411029391909, 28.21547104939499], [85.35435683601116, 28.2154702831564]]], [[[85.35485608866588, 28.216972010526174], [85.35485785112921, 28.21740151280308], [85.35733308803356, 28.21975606474687], [85.35733131322827, 28.219326564928764], [85.35634156120071, 28.21847065140591], [85.35633979134644, 28.2180411502511], [85.35485608866588, 28.216972010526174]]], [[[85.35683023171914, 28.217395355053828], [85.35658279864117, 28.21718137556634], [85.35658368416077, 28.217396126639013], [85.35683023171914, 28.217395355053828]]], [[[85.35658191312595, 28.21696662438334], [85.3560879361587, 28.2167534146513], [85.35608882044502, 28.216968165947815], [85.35658191312595, 28.21696662438334]]], [[[85.35509646226109, 28.215467981240764], [85.35559042944134, 28.21568119592586], [85.3558405067542, 28.21653943322363], [85.35633359699494, 28.216537892731903], [85.35583785577148, 28.215895178336048], [85.35583432118928, 28.215036170273404], [85.35509646226109, 28.215467981240764]]], [[[85.35533506272326, 28.213534440228667], [85.35534123950221, 28.215037708610797], [85.35558778034793, 28.21503693970873], [85.3558281358394, 28.213532901912487], [85.35533506272326, 28.213534440228667]]], [[[85.35482877272304, 28.210314668752833], [85.35506736495283, 28.208381104438327], [85.35580251310908, 28.207305018188283], [85.35579632886497, 28.205801721988458], [85.35529977096259, 28.204944231352126], [85.35505502208083, 28.205374514295617], [85.355552462874, 28.206446761826207], [85.35531035775468, 28.20752131257761], [85.35481819993868, 28.20773760472945], [85.35457784298963, 28.209241661271353], [85.35483846499557, 28.212676963465963], [85.3553315332317, 28.21267542729503], [85.35482877272304, 28.210314668752833]]], [[[85.3548137947978, 28.20666382335701], [85.3545655170117, 28.206235077274684], [85.3545672778132, 28.206664590600248], [85.3548137947978, 28.20666382335701]]], [[[85.35382596970426, 28.206237375795915], [85.35432164061946, 28.206880113808833], [85.3545628758422, 28.20559080645742], [85.35406808967134, 28.20516282489229], [85.35382596970426, 28.206237375795915]]], [[[85.35435331615734, 28.21461127417411], [85.35410325917913, 28.21375302965155], [85.35410677651417, 28.2146120404067], [85.35435331615734, 28.21461127417411]]], [[[85.35434627665951, 28.212893250908966], [85.35434275701546, 28.212034236625765], [85.35409270759321, 28.211175986783804], [85.35434627665951, 28.212893250908966]]], [[[85.35334697607645, 28.20967499982606], [85.35334873089641, 28.21010450963083], [85.35409182832277, 28.210961232493492], [85.35408127741806, 28.208384172393213], [85.3538400272244, 28.209673470096618], [85.35334697607645, 28.20967499982606]]], [[[85.35408127741806, 28.208384172393213], [85.35432340022301, 28.207309626474363], [85.35407688139334, 28.20731039265566], [85.35408127741806, 28.208384172393213]]], [[[85.35280836936374, 28.19850911717306], [85.35331714680352, 28.202373265515842], [85.35431020362242, 28.20408827070719], [85.35405754018127, 28.202585728986147], [85.35356189583818, 28.201942983209726], [85.35380312861616, 28.200653662210335], [85.35330311124122, 28.19893711103379], [85.35305661626411, 28.198937875023443], [85.35305486312122, 28.19850835371959], [85.35280836936374, 28.19850911717306]]], [[[85.35280836936374, 28.19850911717306], [85.35256100026096, 28.198295119272444], [85.35256187560192, 28.198509880093262], [85.35280836936374, 28.19850911717306]]], [[[85.35357506424086, 28.205164355624984], [85.35381981989043, 28.20473407564326], [85.35357330839716, 28.20473484074001], [85.35357506424086, 28.205164355624984]]], [[[85.3525697538661, 28.200442722503787], [85.35233200251146, 28.202591077092556], [85.35282676538026, 28.203019068833157], [85.3528302696009, 28.2038781017163], [85.35332416500287, 28.204091332142507], [85.35257675706319, 28.20216079712691], [85.3525697538661, 28.200442722503787]]], [[[85.35332416500287, 28.204091332142507], [85.3533250422974, 28.204306089973375], [85.3535715525709, 28.204305325412918], [85.35332416500287, 28.204091332142507]]], [[[85.35256012492435, 28.19808035834103], [85.35280574151797, 28.19786483438327], [85.35255924959209, 28.197865597298975], [85.35256012492435, 28.19808035834103]]], [[[85.35231275766186, 28.197866359681473], [85.35255749894061, 28.197436074883083], [85.35231100823434, 28.19743683726261], [85.35231275766186, 28.197866359681473]]], [[[85.35232237982387, 28.200228725077313], [85.35083119287013, 28.197226638958032], [85.34984436376239, 28.197014908840263], [85.34984610093318, 28.19744443173149], [85.35108116960603, 28.198084924646977], [85.35133202359674, 28.199157968517575], [85.35232237982387, 28.200228725077313]]], [[[85.35206451752371, 28.197437599108888], [85.35231013352708, 28.197222075887225], [85.35206364342844, 28.197222837732063], [85.35206451752371, 28.197437599108888]]], [[[85.35156804463008, 28.1965800750188], [85.35156891748842, 28.19679483673051], [85.35181540637184, 28.196794075955033], [85.35181453290153, 28.19657931424484], [85.35156804463008, 28.1965800750188]]], [[[85.35156804463008, 28.1965800750188], [85.35132068411228, 28.196366073435644], [85.35132155635432, 28.196580835259496], [85.35156804463008, 28.1965800750188]]], [[[85.35081986980308, 28.194434730894574], [85.35007694675163, 28.193577952759032], [85.35007260118559, 28.192504134751044], [85.34957877995474, 28.19229088430768], [85.34933664024885, 28.193365458836695], [85.35007868500826, 28.194007479187615], [85.35057948029547, 28.19593882696559], [85.35107070996705, 28.195507784734065], [85.35081986980308, 28.194434730894574]]], [[[85.34834380512777, 28.19165036620674], [85.34784999303231, 28.19143710783397], [85.34809992345964, 28.192295411982204], [85.34834639955291, 28.19229465870276], [85.34834380512777, 28.19165036620674]]], [[[85.34834639955291, 28.19229465870276], [85.34859806827951, 28.193582486885237], [85.3493409767224, 28.19443927465386], [85.3493453133036, 28.19551308770486], [85.35008737655035, 28.196155104691815], [85.35033038450743, 28.195295298252017], [85.34958832683286, 28.194653281523628], [85.3488402177673, 28.192507914485304], [85.34834639955291, 28.19229465870276]]], [[[85.34933230388297, 28.19229164025309], [85.34957704421473, 28.191861356102525], [85.34933056936676, 28.191862112044937], [85.34933230388297, 28.19229164025309]]], [[[85.349327100386, 28.19100305430054], [85.34883242355522, 28.190575035031678], [85.34908322787473, 28.191648103182594], [85.34932970211511, 28.191647347774836], [85.349327100386, 28.19100305430054]]], [[[85.34858595236564, 28.19057578936565], [85.34883069155538, 28.190145505046686], [85.34858422158956, 28.190146259377666], [85.34858595236564, 28.19057578936565]]], [[[85.34759230123433, 28.188645912883672], [85.34784222104115, 28.189504223346184], [85.3483368868497, 28.189932248014024], [85.3483334278137, 28.18907318626102], [85.34808696089858, 28.189073939518288], [85.34808609676216, 28.188859173801728], [85.3478396304546, 28.188859926524376], [85.34783876693433, 28.188645160695685], [85.34759230123433, 28.188645912883672]]], [[[85.34759230123433, 28.188645912883672], [85.34734497323775, 28.188431898596114], [85.34734583553005, 28.188646664538467], [85.34759230123433, 28.188645912883672]]], [[[85.34685720951579, 28.18972199431452], [85.3468554873401, 28.189292463420262], [85.34611436618181, 28.188865180654084], [85.34636427195873, 28.1897234939067], [85.34735273402254, 28.190364788091877], [85.34735532102788, 28.191009082597898], [85.34784912946058, 28.1912223433336], [85.34759834168328, 28.19014927136996], [85.34685720951579, 28.18972199431452]]], [[[85.34585502090538, 28.185644429878433], [85.34635739314821, 28.188005367649197], [85.34684945985988, 28.187789101803066], [85.34634879501925, 28.185857699862524], [85.34610233724734, 28.185858448832366], [85.34610147806973, 28.185643681443217], [85.34585502090538, 28.185644429878433]]], [[[85.34585502090538, 28.185644429878433], [85.345607705787, 28.18543041027764], [85.34560856373675, 28.185645177780483], [85.34585502090538, 28.185644429878433]]], [[[85.3426391692528, 28.1826473556554], [85.34313291833445, 28.182860641111805], [85.34363264100045, 28.18457730312348], [85.34412640354543, 28.1847905832858], [85.34337851520382, 28.182645129604218], [85.3426391692528, 28.1826473556554]]], [[[85.3426391692528, 28.1826473556554], [85.34263576708224, 28.181788278706374], [85.34140438345882, 28.18200674751058], [85.34238677112214, 28.181144710771953], [85.34213862815373, 28.180715911369646], [85.34066419727017, 28.18179419133842], [85.34042113117206, 28.18265400501968], [85.34165167839271, 28.182220777995106], [85.3426391692528, 28.1826473556554]]], [[[85.34412640354543, 28.1847905832858], [85.34412896635675, 28.185434886485307], [85.3453646786032, 28.18629022699797], [85.345615427488, 28.18736331381682], [85.34585845519418, 28.186503498776577], [85.34412640354543, 28.1847905832858]]], [[[85.345615427488, 28.18736331381682], [85.34561800146501, 28.18800761300346], [85.34586446536366, 28.188006865085157], [85.345615427488, 28.18736331381682]]], [[[85.34461503564987, 28.18371525249174], [85.3448666238751, 28.18500311543386], [85.34560684784154, 28.185215642664044], [85.34511222250772, 28.184787601297568], [85.3448614873294, 28.183714506735466], [85.34461503564987, 28.18371525249174]]], [[[85.34461503564987, 28.18371525249174], [85.34436601942126, 28.18307169186162], [85.34436858396609, 28.183715997714902], [85.34461503564987, 28.18371525249174]]], [[[85.34281753839915, 28.165464738347982], [85.34478103475163, 28.163525782875908], [85.34453293043963, 28.163096970527675], [85.34280903036141, 28.16331695396078], [85.34354991640346, 28.16374428446083], [85.34207324535055, 28.164178291523935], [85.34281753839915, 28.165464738347982]]], [[[85.34411956956856, 28.183072436547217], [85.34461075837085, 28.182641408856373], [85.34411786111676, 28.182642898754917], [85.34411956956856, 28.183072436547217]]], [[[85.34387055887558, 28.1824288738407], [85.34411615268192, 28.182213360519494], [85.34386970527203, 28.182214104666144], [85.34387055887558, 28.1824288738407]]], [[[85.34310907018448, 28.176847068423804], [85.34334697980438, 28.17469860033934], [85.34310055379142, 28.174699342835535], [85.34310907018448, 28.176847068423804]]], [[[85.34334697980438, 28.17469860033934], [85.34359340581314, 28.174697857310107], [85.34358573041136, 28.172764894828195], [85.34308948311245, 28.171907282996333], [85.34334697980438, 28.17469860033934]]], [[[85.34331289399583, 28.166107587157725], [85.3430724526936, 28.167611769723855], [85.34282859947959, 28.16825684146256], [85.34356355895464, 28.167180730532998], [85.34355929554101, 28.166106844186906], [85.34331289399583, 28.166107587157725]]], [[[85.34331289399583, 28.166107587157725], [85.3430639381182, 28.165463996447635], [85.34306649244645, 28.166108329595527], [85.34331289399583, 28.166107587157725]]], [[[85.34312951125291, 28.182001564617607], [85.34336999155167, 28.180497433951846], [85.34312354902303, 28.18049817648745], [85.34312951125291, 28.182001564617607]]], [[[85.34260174909213, 28.17319741170011], [85.34210890559957, 28.17319889294038], [85.34238167173936, 28.179856090021744], [85.3428685954955, 28.178351211728362], [85.34260174909213, 28.17319741170011]]], [[[85.3428685954955, 28.178351211728362], [85.3428745531474, 28.179854607624975], [85.34336232062653, 28.178564498391456], [85.34335635458835, 28.177061097860754], [85.3428685954955, 28.178351211728362]]], [[[85.34308522534923, 28.17083340883746], [85.34283966127383, 28.171048925829318], [85.34333249250878, 28.171047441419688], [85.3433273796375, 28.169758789443375], [85.34307671013981, 28.168685652201532], [85.34258389235121, 28.168687135512883], [85.34308522534923, 28.17083340883746]]], [[[85.34083872727045, 28.163537648807367], [85.33960507029498, 28.16311177090148], [85.33960675596157, 28.163541328926435], [85.34059317830261, 28.16375316473749], [85.34084126497417, 28.164181984990755], [85.34281073193517, 28.16374651172601], [85.3415770622781, 28.16332065539405], [85.34083872727045, 28.163537648807367]]], [[[85.34257283911106, 28.16589503526398], [85.34182939436326, 28.164823366450527], [85.33985736752891, 28.164614487081685], [85.33936036168723, 28.16354206335111], [85.3376322499011, 28.162688072858984], [85.337625546603, 28.160969834451187], [85.336388602756, 28.159684796325422], [85.33416866479556, 28.159046981068933], [85.335651118744, 28.160116538757883], [85.33663749236734, 28.160328410573907], [85.3373883700103, 28.16333314058939], [85.33788115739856, 28.163331679738437], [85.33862370003243, 28.16418859964934], [85.33936288838399, 28.164186399560524], [85.33936541511838, 28.16483073477109], [85.34035100686667, 28.164827793839397], [85.34059909541892, 28.165256613511588], [85.34208003720576, 28.165896516405297], [85.34233068626466, 28.16696966303848], [85.34184127190245, 28.16783025069262], [85.34184636252905, 28.169118908711116], [85.34234428090645, 28.17040608260003], [85.34209956529193, 28.17083637338627], [85.34259324565002, 28.171049667234488], [85.34234173182887, 28.16976175609529], [85.34257283911106, 28.16589503526398]]], [[[85.34210805645962, 28.172984118989895], [85.34235022890176, 28.17190950722941], [85.34210381082309, 28.171910247574267], [85.34210805645962, 28.172984118989895]]], [[[85.33935867724361, 28.163112505323262], [85.33911144258403, 28.162898460030213], [85.33911228418808, 28.163113239212045], [85.33935867724361, 28.163112505323262]]], [[[85.3388650501358, 28.162899193384483], [85.33911060098416, 28.16268368073739], [85.3388642091474, 28.162684414090208], [85.3388650501358, 28.162899193384483]]], [[[85.33861781730648, 28.162685146909997], [85.33837058570013, 28.16247109978864], [85.33837142546137, 28.162685879196836], [85.33861781730648, 28.162685146909997]]], [[[85.33811832053053, 28.160968372565772], [85.33787277207801, 28.161183883963034], [85.33812419446234, 28.162471831541012], [85.33836470748804, 28.160967640823493], [85.33811832053053, 28.160968372565772]]], [[[85.33811832053053, 28.160968372565772], [85.33811580319366, 28.160324031339737], [85.33762219505377, 28.160110712583002], [85.33762387082007, 28.160540273739144], [85.33811832053053, 28.160968372565772]]], [[[85.3349044848487, 28.15818568393866], [85.33613888265889, 28.158826399227745], [85.33638693313733, 28.159255234266777], [85.33638442874039, 28.15861089034609], [85.33589166820643, 28.158612344737687], [85.33589083463858, 28.158397563205856], [85.33539807531092, 28.158399015462592], [85.33539724297006, 28.15818423381683], [85.3349044848487, 28.15818568393866]]], [[[85.3349044848487, 28.15818568393866], [85.33465644478098, 28.15775684456693], [85.33416368908055, 28.15775829148495], [85.33416534763575, 28.158187855123778], [85.3349044848487, 28.15818568393866]]], [[[85.33638693313733, 28.159255234266777], [85.3363877679446, 28.159470015351644], [85.33663415065108, 28.15946928735056], [85.33638693313733, 28.159255234266777]]], [[[85.33392228327065, 28.159047703736977], [85.33342869274664, 28.15883436614996], [85.33342952020848, 28.159049147473986], [85.33392228327065, 28.159047703736977]]], [[[85.3329276687266, 28.156687988376515], [85.33119975726936, 28.155833886195765], [85.33095502745145, 28.156264168121098], [85.33292932112666, 28.157117553140015], [85.3329276687266, 28.156687988376515]]], [[[85.33292932112666, 28.157117553140015], [85.33293097354311, 28.15754711745933], [85.33317735080452, 28.157546396933288], [85.33292932112666, 28.157117553140015]]], [[[85.33317735080452, 28.157546396933288], [85.33317817763032, 28.15776117892492], [85.33342455549904, 28.15776045786443], [85.33342372806183, 28.15754567587422], [85.33317735080452, 28.157546396933288]]], [[[85.33317900446022, 28.157975960805537], [85.33145106480904, 28.157121865086193], [85.33243904399954, 28.157763338908307], [85.33268789871407, 28.15840696476404], [85.3331806581323, 28.158405524233626], [85.33317900446022, 28.157975960805537]]], [[[85.33095831267046, 28.15712329813755], [85.33120386681952, 28.156907799542253], [85.33095749135961, 28.156908515800005], [85.33095831267046, 28.15712329813755]]], [[[85.33095256358, 28.15561981944257], [85.33070701245937, 28.15583531816422], [85.33095420615689, 28.156049385339355], [85.33095256358, 28.15561981944257]]], [[[85.32873440149282, 28.155411458573827], [85.32947596798533, 28.156053671659066], [85.32996871405878, 28.156052245017847], [85.3292263269237, 28.15519525190314], [85.32873440149282, 28.155411458573827]]], [[[85.32996871405878, 28.156052245017847], [85.32996953290778, 28.15626702780522], [85.33021508708941, 28.156051530897727], [85.32996871405878, 28.156052245017847]]], [[[85.32922142501714, 28.153906550155213], [85.32773915688743, 28.15283689278498], [85.32749035498715, 28.152193247484735], [85.32699763084177, 28.152194663415827], [85.32749360566139, 28.15305238602179], [85.33021262873262, 28.15540718187335], [85.32922142501714, 28.153906550155213]]], [[[85.32799040422843, 28.154124888605274], [85.32824002994496, 28.154983313282656], [85.32873276994515, 28.15498189198544], [85.32799040422843, 28.154124888605274]]], [[[85.32675451210119, 28.1530545091357], [85.32700412247324, 28.15391293873465], [85.3277440366637, 28.154125597915815], [85.32774241005546, 28.153696029983255], [85.32724967735933, 28.153697446999825], [85.32700087662529, 28.15305380196405], [85.32675451210119, 28.1530545091357]]], [[[85.32675451210119, 28.1530545091357], [85.32650733734384, 28.15284043130117], [85.32650814757308, 28.153055215774366], [85.32675451210119, 28.1530545091357]]], [[[85.32600894656485, 28.15133834853412], [85.32625611580009, 28.151552428224882], [85.326503286258, 28.151766507268757], [85.32650166585181, 28.15133693687797], [85.32600894656485, 28.15133834853412]]], [[[85.32600894656485, 28.15133834853412], [85.32551541951004, 28.151124972690816], [85.32551622726183, 28.151339758058395], [85.32600894656485, 28.15133834853412]]], [[[85.3260121825027, 28.152197488882305], [85.32576501202874, 28.15198340899468], [85.32576582040788, 28.15219819391643], [85.3260121825027, 28.152197488882305]]], [[[85.32551865054124, 28.151984113494493], [85.32527067474878, 28.15155524727891], [85.32502431447594, 28.15155595070996], [85.32502592755422, 28.151985520895092], [85.32551865054124, 28.151984113494493]]], [[[85.32428040549821, 28.150269344558147], [85.32255590906787, 28.150274242401796], [85.32502189488851, 28.15091159459891], [85.32428040549821, 28.150269344558147]]], [[[85.32502189488851, 28.15091159459891], [85.32502270141363, 28.151126380080356], [85.32551461176227, 28.150910187212055], [85.32502189488851, 28.15091159459891]]], [[[85.32255750987196, 28.15070381394791], [85.32255831027994, 28.15091859955425], [85.32280466875872, 28.1509179014571], [85.32280386773941, 28.150703115852135], [85.32255750987196, 28.15070381394791]]], [[[85.32255750987196, 28.15070381394791], [85.32181763767564, 28.150491119315774], [85.32181843624574, 28.150705905037345], [85.32255750987196, 28.15070381394791]]], [[[85.32181204779597, 28.148987616152862], [85.31934217839483, 28.147276255591873], [85.31860313395651, 28.147278325830165], [85.31885106446138, 28.147707210982727], [85.31959011255552, 28.14770513913741], [85.3200851939961, 28.14834811643685], [85.32057789635773, 28.148346730401826], [85.32132093644965, 28.14941858041914], [85.32181364488463, 28.14941718904081], [85.32181204779597, 28.148987616152862]]], [[[85.32181364488463, 28.14941718904081], [85.32181444343492, 28.149631975318037], [85.32206079825775, 28.149631278828036], [85.32181364488463, 28.14941718904081]]], [[[85.32206079825775, 28.149631278828036], [85.3220615974233, 28.149846064992822], [85.32230795285346, 28.14984536796845], [85.32230715307664, 28.149630581805052], [85.32206079825775, 28.149631278828036]]], [[[85.32230795285346, 28.14984536796845], [85.32230875263427, 28.150060154020736], [85.32255430827969, 28.149844670411145], [85.32230795285346, 28.14984536796845]]], [[[85.32132412578412, 28.15027772487235], [85.32156968449793, 28.150062243498933], [85.32132332844456, 28.150062938925725], [85.32132412578412, 28.15027772487235]]], [[[85.32082902410392, 28.14963475594836], [85.32107458222622, 28.149419275308848], [85.32082822799883, 28.14941996966561], [85.32082902410392, 28.14963475594836]]], [[[85.3200875767624, 28.148992476631015], [85.31959328464762, 28.14856428718532], [85.31959487071728, 28.148993860542348], [85.3200875767624, 28.148992476631015]]], [[[85.31811043764468, 28.147279703324244], [85.3178633007564, 28.147065603750182], [85.31786408948288, 28.14728039127188], [85.31811043764468, 28.147279703324244]]], [[[85.31736981814356, 28.146852190408286], [85.31786172331519, 28.14663602837334], [85.31736903064743, 28.14663740266157], [85.31736981814356, 28.146852190408286]]], [[[85.31737139314755, 28.14728176556816], [85.31737375568284, 28.147926127474328], [85.31761774131718, 28.147281078686515], [85.31737139314755, 28.14728176556816]]], [[[85.31737139314755, 28.14728176556816], [85.31712425808134, 28.147067664391187], [85.31712504497402, 28.14728245191692], [85.31737139314755, 28.14728176556816]]], [[[85.31539669461978, 28.14621330264782], [85.31539747721808, 28.146428090627612], [85.31589016872573, 28.146426724869354], [85.31588938490493, 28.146211936892225], [85.31539669461978, 28.14621330264782]]], [[[85.31539669461978, 28.14621330264782], [85.31490244157915, 28.14578508997305], [85.31416340976654, 28.1457871314035], [85.31465765916295, 28.14621534728394], [85.31539669461978, 28.14621330264782]]], [[[85.31589016872573, 28.146426724869354], [85.31613808334951, 28.146855616808853], [85.31687712423765, 28.146853562567383], [85.31662920595802, 28.14642467223485], [85.31589016872573, 28.146426724869354]]], [[[85.31687712423765, 28.146853562567383], [85.31687791051516, 28.147068350205593], [85.31712347119256, 28.146852876754327], [85.31687712423765, 28.146853562567383]]], [[[85.31687476542851, 28.146209198985684], [85.3166276346528, 28.145995096177483], [85.31662842030346, 28.146209884261772], [85.31687476542851, 28.146209198985684]]], [[[85.31342048947414, 28.144715225305454], [85.31465531689255, 28.145570982665443], [85.31588703346584, 28.14556757229386], [85.31539278168653, 28.145139361081117], [85.31342048947414, 28.144715225305454]]], [[[85.31588703346584, 28.14556757229386], [85.31588781727498, 28.145782360604503], [85.31613416118923, 28.14578167692995], [85.31588703346584, 28.14556757229386]]], [[[85.31613416118923, 28.14578167692995], [85.3161349456135, 28.14599646512808], [85.3163812901351, 28.14599578091926], [85.31638050509957, 28.145780992722496], [85.31613416118923, 28.14578167692995]]], [[[85.31367072187211, 28.145788489692332], [85.31391628690206, 28.145573022493046], [85.31366994356416, 28.14557370136966], [85.31367072187211, 28.145788489692332]]], [[[85.31317647979517, 28.145360269087472], [85.31317725687678, 28.145575057524045], [85.31342360022241, 28.145574379713324], [85.31342282252955, 28.145359591278112], [85.31317647979517, 28.145360269087472]]], [[[85.31317647979517, 28.145360269087472], [85.31292936059042, 28.145146157814906], [85.31293013705692, 28.145360946363905], [85.31317647979517, 28.145360269087472]]], [[[85.31317414857345, 28.144715903110807], [85.31341971179673, 28.144500436425474], [85.31317337150728, 28.144501114229506], [85.31317414857345, 28.144715903110807]]], [[[85.31341737878763, 28.143856069118456], [85.31317026328108, 28.14364195759244], [85.31317104033184, 28.143856746918537], [85.31341737878763, 28.143856069118456]]], [[[85.31268301845955, 28.145146834557078], [85.31292858412775, 28.14493136915464], [85.31268224260812, 28.144932045895498], [85.31268301845955, 28.145146834557078]]], [[[85.31267758758037, 28.143643311591102], [85.31218568647016, 28.143859452789393], [85.3124351258483, 28.14471793332932], [85.31268146676054, 28.144717257122743], [85.31267758758037, 28.143643311591102]]], [[[85.31267758758037, 28.143643311591102], [85.31292237256511, 28.143213055869847], [85.31267603593525, 28.143213732600053], [85.31267758758037, 28.143643311591102]]], [[[85.31045515455223, 28.14214584970608], [85.3107030299881, 28.142574757903333], [85.3111956996382, 28.14257341244495], [85.31144048896284, 28.14214315879995], [85.31045515455223, 28.14214584970608]]], [[[85.31094627873063, 28.141714924752307], [85.31119183898628, 28.14149946131313], [85.31094550721909, 28.141500134302206], [85.31094627873063, 28.141714924752307]]], [[[85.31045438425541, 28.14193105947578], [85.31020651189459, 28.14150215007172], [85.31020805125438, 28.141931730868677], [85.31045438425541, 28.14193105947578]]], [[[85.30947135579596, 28.142578112222818], [85.3099632564022, 28.14236198208334], [85.30947058793629, 28.1423633222097], [85.30947135579596, 28.142578112222818]]], [[[85.3094659808583, 28.1410745797951], [85.30773861258126, 28.14022008952383], [85.30848142394134, 28.14129204430688], [85.30996094917892, 28.141717611384465], [85.3094659808583, 28.1410745797951]]], [[[85.30922348645295, 28.142149201347753], [85.308976386192, 28.141935079839072], [85.30897715282165, 28.142149870077287], [85.30922348645295, 28.142149201347753]]], [[[85.30725053025368, 28.141510165186], [85.30774243033612, 28.14129404408451], [85.3072497679137, 28.14129537460497], [85.30725053025368, 28.141510165186]]], [[[85.30749228442782, 28.14022075504402], [85.3072451939533, 28.140006628782764], [85.30724595627058, 28.140221420031224], [85.30749228442782, 28.14022075504402]]], [[[85.30576571130825, 28.13958102466067], [85.30576722859753, 28.140010607506905], [85.30626064360384, 28.140224074650877], [85.30625912386236, 28.13979449203229], [85.30601279690856, 28.139795154352328], [85.30601203765465, 28.13958036287485], [85.30576571130825, 28.13958102466067]]], [[[85.30576571130825, 28.13958102466067], [85.30551862693024, 28.139366894322198], [85.30551938495809, 28.13958168591349], [85.30576571130825, 28.13958102466067]]], [[[85.30626064360384, 28.140224074650877], [85.30626216336037, 28.140653656824526], [85.30675482214598, 28.14065233057532], [85.30675710547615, 28.141296702993667], [85.3072490055775, 28.14108058391264], [85.30675329994476, 28.14022274840694], [85.30626064360384, 28.140224074650877]]], [[[85.30625456472848, 28.138505741506645], [85.30625532457469, 28.138720533539058], [85.3065008880116, 28.138505078661517], [85.30625456472848, 28.138505741506645]]], [[[85.30625456472848, 28.138505741506645], [85.30600748221026, 28.138291611673864], [85.30600824144159, 28.13850640381887], [85.30625456472848, 28.138505741506645]]], [[[85.30576115953075, 28.13829227345185], [85.30600672298272, 28.138076819417616], [85.30576040091434, 28.138077481194323], [85.30576115953075, 28.13829227345185]]], [[[85.30551786890616, 28.13915210261965], [85.30527078636537, 28.138937971521898], [85.30527154377454, 28.139152763336988], [85.30551786890616, 28.13915210261965]]], [[[85.30502370504688, 28.138723839777395], [85.30477662495068, 28.1385097073861], [85.30477738113004, 28.138724499426303], [85.30502370504688, 28.138723839777395]]], [[[85.3047743564351, 28.137865330597936], [85.3050199211319, 28.137649878470228], [85.30477360027075, 28.137650538112652], [85.3047743564351, 28.137865330597936]]], [[[85.30452727940585, 28.13765119722218], [85.30477208795331, 28.137220952808352], [85.30452576831064, 28.137221611915294], [85.30452727940585, 28.13765119722218]]], [[[85.30476830722533, 28.13614698760028], [85.30452123511502, 28.135932853323997], [85.30452199063826, 28.136147646700724], [85.30476830722533, 28.13614698760028]]], [[[85.30427491913532, 28.135933511890254], [85.30452047959554, 28.135718059835927], [85.30427416422694, 28.135718718400906], [85.30427491913532, 28.135933511890254]]], [[[85.3042779388063, 28.136792684734733], [85.30403086606614, 28.136578549727773], [85.30403162037838, 28.136793342773288], [85.3042779388063, 28.136792684734733]]], [[[85.30377701144, 28.13443127064348], [85.30352994667784, 28.13421713332971], [85.30353069972674, 28.134431927602], [85.30377701144, 28.13443127064348]]], [[[85.30352768755353, 28.13357274984504], [85.30328062585794, 28.133358611546694], [85.30328137828083, 28.13357340626548], [85.30352768755353, 28.13357274984504]]], [[[85.30303882811945, 28.134648034083927], [85.302793267007, 28.134863483498552], [85.30304033179159, 28.13507762207713], [85.30303882811945, 28.134648034083927]]], [[[85.30229764112111, 28.134005615732434], [85.3022998911016, 28.13464999856857], [85.30254395163088, 28.134004961440993], [85.30229764112111, 28.134005615732434]]], [[[85.30229764112111, 28.134005615732434], [85.3020498318614, 28.13357668037445], [85.30205133060764, 28.134006269490982], [85.30229764112111, 28.134005615732434]]], [[[85.3025386975292, 28.132501397603054], [85.30229164133692, 28.132287256604968], [85.30229239129692, 28.1325020518855], [85.3025386975292, 28.132501397603054]]], [[[85.30155048009267, 28.131644829730046], [85.30204533571195, 28.13228791035327], [85.30229014142807, 28.131857665709898], [85.30204308768744, 28.13164352383979], [85.30155048009267, 28.131644829730046]]], [[[85.30155048009267, 28.131644829730046], [85.30154898387242, 28.131215238159278], [85.30105563182448, 28.131001745957946], [85.30105712559316, 28.13143133775651], [85.30155048009267, 28.131644829730046]]], [[[85.30180352256635, 28.13357733359758], [85.30204908249387, 28.133361885649215], [85.30180277380988, 28.133362538871058], [85.30180352256635, 28.13357733359758]]], [[[85.3013109039651, 28.13357863844514], [85.30155646512219, 28.13336319156003], [85.30131015643077, 28.133363843716065], [85.3013109039651, 28.13357863844514]]], [[[85.30155347257774, 28.132504011535616], [85.30155197632779, 28.13207442085552], [85.30130492379438, 28.131860277495534], [85.30155347257774, 28.132504011535616]]], [[[85.30081679272837, 28.133150351586497], [85.30081753903683, 28.133365146429487], [85.30106310081612, 28.13314970049751], [85.30081679272837, 28.133150351586497]]], [[[85.30081679272837, 28.133150351586497], [85.3005697389432, 28.132936207187072], [85.30057048463689, 28.133151002142597], [85.30081679272837, 28.133150351586497]]], [[[85.30055855398153, 28.129714269494183], [85.30080410605079, 28.129498822222846], [85.30055780834704, 28.129499472757242], [85.30055855398153, 28.129714269494183]]], [[[85.3003219413049, 28.13250726696138], [85.30056675620536, 28.132077026251654], [85.29982784107467, 28.132078974703447], [85.29982858492042, 28.13229377010815], [85.3003219413049, 28.13250726696138]]], [[[85.30031896104086, 28.13164808513027], [85.29982412190128, 28.13100499601017], [85.29982635339425, 28.13164938356016], [85.30031896104086, 28.13164808513027]]], [[[85.30031598083599, 28.130788901517768], [85.30006744617693, 28.13014516211182], [85.30006967945869, 28.130789550994074], [85.30031598083599, 28.130788901517768]]], [[[85.29858224146224, 28.128001077500915], [85.2990755703137, 28.12821458196713], [85.29907705421003, 28.12864417668127], [85.2995696447701, 28.128642881484296], [85.29907334449682, 28.127570189060595], [85.29858224146224, 28.128001077500915]]], [[[85.29808891504375, 28.12778757078678], [85.29833446779404, 28.127572127840544], [85.29808817555244, 28.12757277303482], [85.29808891504375, 28.12778757078678]]], [[[85.29833446779404, 28.127572127840544], [85.29882705226622, 28.127570835853437], [85.29882556962868, 28.127141240023008], [85.29833298760043, 28.127142532005013], [85.29833446779404, 28.127572127840544]]], [[[85.29709711030208, 28.1258569624173], [85.29734266004512, 28.125641520606372], [85.29709637328763, 28.125642163657798], [85.29709711030208, 28.1258569624173]]], [[[85.29660379976167, 28.125643448162144], [85.29684935012664, 28.125428007304233], [85.29660306397278, 28.12542864928871], [85.29660379976167, 28.125643448162144]]], [[[85.29635898336, 28.12607368703015], [85.29611196079172, 28.125859529299543], [85.29611269536596, 28.126074327952704], [85.29635898336, 28.12607368703015]]], [[[85.29586420548937, 28.125430572044973], [85.29561718597954, 28.125216412908195], [85.29561791932095, 28.12543121189802], [85.29586420548937, 28.125430572044973]]], [[[85.29512607909629, 28.125647288886544], [85.29537163314887, 28.125431851218263], [85.29512534697317, 28.125432490005593], [85.29512607909629, 28.125647288886544]]], [[[85.29537090041843, 28.125217052227132], [85.29512388273783, 28.125002891909496], [85.29512461485368, 28.125217691013255], [85.29537090041843, 28.125217052227132]]], [[[85.29462985104233, 28.12457456933385], [85.29487540328748, 28.124359132177947], [85.29462912015927, 28.12435976989333], [85.29462985104233, 28.12457456933385]]], [[[85.29413436493014, 28.12371664472809], [85.29413509458047, 28.123931444505367], [85.29438064623278, 28.1237160080822], [85.29413436493014, 28.12371664472809]]], [[[85.29413436493014, 28.12371664472809], [85.29363961705035, 28.123073516413687], [85.293641802314, 28.12371791642147], [85.29413436493014, 28.12371664472809]]], [[[85.29364253074246, 28.123932716201217], [85.29314851248043, 28.123504386089746], [85.29314996688998, 28.123933985765625], [85.29364253074246, 28.123932716201217]]], [[[85.29315142131395, 28.12436358499585], [85.29339697663914, 28.124148150919403], [85.29315069410016, 28.124148785436443], [85.29315142131395, 28.12436358499585]]], [[[85.29142093285795, 28.12243481158025], [85.29166648701887, 28.12221938023337], [85.29142020995303, 28.122220011009382], [85.29142093285795, 28.12243481158025]]], [[[85.29141804125979, 28.12157560862803], [85.29117104374343, 28.121361437849526], [85.2911717660231, 28.121576238867462], [85.29141804125979, 28.12157560862803]]], [[[85.2909269341311, 28.122006470278], [85.2906799366004, 28.121792298656732], [85.29068065766543, 28.122007099454233], [85.2909269341311, 28.122006470278]]], [[[85.29018666504052, 28.12157875449681], [85.29043221984456, 28.121363325367117], [85.29018594520446, 28.12136395347398], [85.29018666504052, 28.12157875449681]]], [[[85.28993967056078, 28.12136458104798], [85.29043077896137, 28.120933722989566], [85.28969195869571, 28.12093560570422], [85.28993967056078, 28.12136458104798]]], [[[85.28969052149215, 28.120506002873494], [85.28993607448851, 28.12029057425592], [85.28968980289572, 28.12029120129092], [85.28969052149215, 28.120506002873494]]], [[[85.28919725969948, 28.120292453762538], [85.2894428133174, 28.120077026097878], [85.28919654232838, 28.12007765206605], [85.28919725969948, 28.120292453762538]]], [[[85.28894955457913, 28.119863475692203], [85.2889502713358, 28.120078277501324], [85.28919582496083, 28.11986285025811], [85.28894955457913, 28.119863475692203]]], [[[85.28894955457913, 28.119863475692203], [85.28870256805166, 28.119649298671632], [85.28870328419389, 28.119864100593457], [85.28894955457913, 28.119863475692203]]], [[[85.288950988096, 28.12029307919906], [85.28845844487842, 28.120294328473662], [85.28845987596596, 28.12072393153958], [85.28870614879831, 28.120723307166255], [85.288950988096, 28.12029307919906]]], [[[85.28845701380507, 28.119864724961953], [85.28821002849226, 28.119650546873228], [85.28821074341272, 28.119865348797518], [85.28845701380507, 28.119864724961953]]], [[[85.28796018721245, 28.118577158875187], [85.28820573904395, 28.118361732986603], [85.28795947292413, 28.118362356280812], [85.28796018721245, 28.118577158875187]]], [[[85.28746694067388, 28.11836360127081], [85.28721996209123, 28.118149420257115], [85.28722067454342, 28.118364222966623], [85.28746694067388, 28.11836360127081]]], [[[85.28697369656811, 28.118150041418854], [85.28648045489517, 28.11793647931924], [85.28648116551129, 28.118151282143877], [85.28697369656811, 28.118150041418854]]], [[[85.28598792504596, 28.117937717910518], [85.28623347997059, 28.117722295943974], [85.28598721565508, 28.117722914972013], [85.28598792504596, 28.117937717910518]]], [[[85.28574095133604, 28.11772353346722], [85.28549397884781, 28.117509348377148], [85.28549468701348, 28.117724151429588], [85.28574095133604, 28.11772353346722]]], [[[85.28475448136203, 28.117296395896254], [85.28450751253186, 28.11708220844471], [85.28450821824713, 28.117297011724954], [85.28475448136203, 28.117296395896254]]], [[[85.28376661337144, 28.116439642209727], [85.28401216957387, 28.11622422425563], [85.28376590950266, 28.11622483847986], [85.28376661337144, 28.116439642209727]]], [[[85.28351964942797, 28.1162254521713], [85.28376520563738, 28.1160100346385], [85.28351894617352, 28.116010648328743], [85.28351964942797, 28.1162254521713]]], [[[85.28327268670616, 28.11601126148616], [85.28327128142935, 28.115581653464094], [85.28302432115781, 28.11536746190683], [85.28327268670616, 28.11601126148616]]], [[[85.2827773621079, 28.115153269702805], [85.28302151310322, 28.114508244073654], [85.2827752579046, 28.114508856157087], [85.2827773621079, 28.115153269702805]]], [[[85.28278086918296, 28.116227290048773], [85.28253250667133, 28.115583489732295], [85.28228624841168, 28.115584100756113], [85.28228834900221, 28.116228512636344], [85.28278086918296, 28.116227290048773]]], [[[85.28252830191917, 28.11429466296822], [85.28228134715536, 28.11408046913258], [85.2822820473244, 28.114295273984798], [85.28252830191917, 28.11429466296822]]], [[[85.2822855482218, 28.115369296573018], [85.28203719185309, 28.11472549384084], [85.2820392905695, 28.1153699070628], [85.2822855482218, 28.115369296573018]]], [[[85.28203439361312, 28.113866274650285], [85.28227924666903, 28.113436053906813], [85.28203299451395, 28.11343666438582], [85.28203439361312, 28.113866274650285]]], [[[85.28178674235544, 28.11343727433206], [85.28203159542869, 28.113007053675272], [85.28178534449172, 28.113007663619083], [85.28178674235544, 28.11343727433206]]], [[[85.28178953812446, 28.11429649441961], [85.28154188684942, 28.11386749401471], [85.28154328351927, 28.114297103837814], [85.28178953812446, 28.11429649441961]]], [[[85.28129423802798, 28.11343849262612], [85.28129493574345, 28.113653297817688], [85.28154118851971, 28.11365268893587], [85.28154049019345, 28.11343788374544], [85.28129423802798, 28.11343849262612]]], [[[85.28129423802798, 28.11343849262612], [85.28104728875783, 28.113224295669657], [85.28104798585906, 28.11343910097393], [85.28129423802798, 28.11343849262612]]], [[[85.28080034070928, 28.113010098066457], [85.28129214490234, 28.112794076382183], [85.28079964422574, 28.112795292537903], [85.28080034070928, 28.113010098066457]]], [[[85.28005950389294, 28.112367501376646], [85.28030505777015, 28.112152089300356], [85.2800588092521, 28.112152695509852], [85.28005950389294, 28.112367501376646]]], [[[85.27907104638884, 28.111295890418514], [85.27882410872684, 28.111081687528873], [85.27882480029665, 28.11129649395937], [85.27907104638884, 28.111295890418514]]], [[[85.27882341716045, 28.110866880986894], [85.27783843764348, 28.11086928981289], [85.2775956353529, 28.111943922311422], [85.27784188329449, 28.111943321430996], [85.27882341716045, 28.110866880986894]]], [[[85.27758875024388, 28.10979585627446], [85.27833023706737, 28.110653279809547], [85.27783499207794, 28.1097952554058], [85.27758875024388, 28.10979585627446]]], [[[85.27758875024388, 28.10979585627446], [85.27734113264705, 28.109366842061743], [85.27734250840639, 28.109796456610333], [85.27758875024388, 28.10979585627446]]], [[[85.27734525996603, 28.110655684368567], [85.27685345807181, 28.110871690114394], [85.27734663576634, 28.111085297578278], [85.27734525996603, 28.110655684368567]]], [[[85.27734044477249, 28.109152034620152], [85.27709351750339, 28.108937826865304], [85.2770942047638, 28.10915263441969], [85.27734044477249, 28.109152034620152]]], [[[85.27685208472136, 28.110442076676815], [85.27709764111701, 28.11022667051803], [85.27685139805124, 28.11022726979072], [85.27685208472136, 28.110442076676815]]], [[[85.27660035266169, 28.108724217195448], [85.27684590481286, 28.10850881068508], [85.27659966662952, 28.108509409415536], [85.27660035266169, 28.108724217195448]]], [[[85.27585958366936, 28.108081586508785], [85.27586026786256, 28.10829639451541], [85.27610582064145, 28.108080989378966], [85.27585958366936, 28.108081586508785]]], [[[85.27585958366936, 28.108081586508785], [85.27561266311477, 28.10786737498651], [85.27561334669387, 28.108082183105843], [85.27585958366936, 28.108081586508785]]], [[[85.27561197953908, 28.107652566755558], [85.2753643778618, 28.107223546018446], [85.27462567423338, 28.10722533100074], [85.27511882566989, 28.107438950001814], [85.27512019037506, 28.107868566580027], [85.27561197953908, 28.107652566755558]]], [[[85.27537120759641, 28.109371625550015], [85.27512428457183, 28.10915741363636], [85.2751249669498, 28.109372221088545], [85.27537120759641, 28.109371625550015]]], [[[85.27512360219723, 28.108942606072603], [85.27536915864046, 28.108727202862227], [85.27512291982603, 28.10872779839725], [85.27512360219723, 28.108942606072603]]], [[[85.2748753174974, 28.108298777711703], [85.27487599925112, 28.10851358561139], [85.27512155509378, 28.108298182711813], [85.2748753174974, 28.108298777711703]]], [[[85.2748753174974, 28.108298777711703], [85.27462839875805, 28.10808456416643], [85.27462907989766, 28.108299372178863], [85.2748753174974, 28.108298777711703]]], [[[85.27413252522953, 28.107011709752346], [85.27364073601484, 28.107227703518397], [85.27413388503554, 28.107441326786244], [85.27413252522953, 28.107011709752346]]], [[[85.27314555707144, 28.106369651601437], [85.27265376904116, 28.106585641437814], [85.27314691197168, 28.10679926931422], [85.27314555707144, 28.106369651601437]]], [[[85.27314691197168, 28.10679926931422], [85.27314758942683, 28.10701407800324], [85.27339382338255, 28.107013486739646], [85.27314691197168, 28.10679926931422]]], [[[85.27240686068039, 28.10637142218514], [85.2726524165904, 28.106156023497135], [85.2724061850674, 28.106156613157843], [85.27240686068039, 28.10637142218514]]], [[[85.27240821191646, 28.106801039904887], [85.27216130354901, 28.106586820230998], [85.27216197855802, 28.106801629036223], [85.27240821191646, 28.106801039904887]]], [[[85.2719150707979, 28.10658740882844], [85.27215927854205, 28.1059423931457], [85.27191304762303, 28.105942981739663], [85.2719150707979, 28.10658740882844]]], [[[85.2719116988565, 28.10551336312238], [85.27166479538792, 28.10529914170407], [85.27166546915548, 28.105513951181265], [85.2719116988565, 28.10551336312238]]], [[[85.27042962567094, 28.104013214759583], [85.27067853635346, 28.104871869309044], [85.2714178931407, 28.105084919639065], [85.27116762946713, 28.10379664673912], [85.27042962567094, 28.104013214759583]]], [[[85.27042895498005, 28.10379840449521], [85.27067450851418, 28.10358300873439], [85.27042828429248, 28.103583594119193], [85.27042895498005, 28.10379840449521]]], [[[85.26993583583909, 28.103584763290552], [85.26968894275512, 28.103370536585988], [85.26968961160742, 28.103585347077075], [85.26993583583909, 28.103584763290552]]], [[[85.26919716313412, 28.10358651305196], [85.26895027187216, 28.10337228474573], [85.26895093889249, 28.10358709524026], [85.26919716313412, 28.10358651305196]]], [[[85.26870338183149, 28.103158055792836], [85.2689489378414, 28.102942663421768], [85.26870271542842, 28.102943245073913], [85.26870338183149, 28.103158055792836]]], [[[85.26648142642294, 28.10122996611688], [85.26623454859492, 28.101015730697302], [85.26623520886207, 28.101230542432514], [85.26648142642294, 28.10122996611688]]], [[[85.26426022529083, 28.099516636698706], [85.26401270309746, 28.099087582821614], [85.26401401258546, 28.099517208210738], [85.26426022529083, 28.099516636698706]]], [[[85.26425825923192, 28.09887219845079], [85.26425694854225, 28.098442572393733], [85.26376452923415, 28.0984437148739], [85.26376583748149, 28.098873340935477], [85.26425825923192, 28.09887219845079]]], [[[85.26376387511534, 28.098228901675594], [85.2640094294343, 28.09801351739408], [85.26376322099976, 28.098014088365584], [85.26376387511534, 28.098228901675594]]], [[[85.26203651270808, 28.09694400198519], [85.2620371625335, 28.097158815861466], [85.26228271811242, 28.096943434748248], [85.26203651270808, 28.09694400198519]]], [[[85.26203651270808, 28.09694400198519], [85.2612972484852, 28.09673088650808], [85.26129854446947, 28.09716051437919], [85.26203651270808, 28.09694400198519]]], [[[85.26203521306691, 28.09651437389731], [85.26178771047329, 28.09608531206235], [85.26178900888046, 28.096514940599267], [85.26203521306691, 28.09651437389731]]], [[[85.2615415075047, 28.096085878229335], [85.26154021033148, 28.095656249243298], [85.26129336060953, 28.095442000213634], [85.2615415075047, 28.096085878229335]]], [[[85.2600642896258, 28.096089264044426], [85.26080225182311, 28.09587275909361], [85.26006364470086, 28.095874449600675], [85.2600642896258, 28.096089264044426]]], [[[85.26055411103334, 28.095228879133554], [85.26055475716977, 28.095443693910333], [85.26080095831956, 28.095443129877474], [85.26080031157261, 28.0952283151018], [85.26055411103334, 28.095228879133554]]], [[[85.26055411103334, 28.095228879133554], [85.26030726496819, 28.095014627742987], [85.26030791049088, 28.095229442632597], [85.26055411103334, 28.095228879133554]]], [[[85.25957123993669, 28.0958755739418], [85.25932375137278, 28.09544650608393], [85.25932503754983, 28.09587613531327], [85.25957123993669, 28.0958755739418]]], [[[85.25686173953993, 28.09545209047793], [85.25784718373484, 28.095664677789983], [85.25907755020378, 28.095447066920496], [85.25686173953993, 28.09545209047793]]], [[[85.25784398664808, 28.094590603287], [85.25882813975011, 28.094373552184663], [85.25784334724025, 28.0943757880512], [85.25784398664808, 28.094590603287]]], [[[85.25587249303064, 28.093950603390248], [85.25611996022602, 28.094379680308567], [85.25710475282453, 28.094377459357748], [85.25636425116521, 28.093734679472426], [85.25587249303064, 28.093950603390248]]], [[[85.25710475282453, 28.094377459357748], [85.2571053904008, 28.094592274596792], [85.25759778790216, 28.09459116092295], [85.25710475282453, 28.094377459357748]]], [[[85.25513769836418, 28.09524115305675], [85.25612313592835, 28.09545375540831], [85.2563680656239, 28.095023571261716], [85.25513643296435, 28.09481152311991], [85.25513769836418, 28.09524115305675]]], [[[85.25389913969215, 28.092666120236565], [85.2539003989242, 28.093095752419107], [85.2546389824734, 28.093094101907468], [85.2543940496467, 28.093524284341935], [85.25587185851644, 28.093735787810505], [85.25488580904627, 28.093308366590875], [85.25488454492393, 28.092878734640433], [85.25389913969215, 28.092666120236565]]], [[[85.25439720391792, 28.094598361714443], [85.25439783478153, 28.09481317685367], [85.25489086566104, 28.09502688992257], [85.25488960148853, 28.0945972597601], [85.25439720391792, 28.094598361714443]]], [[[85.25439720391792, 28.094598361714443], [85.25414974463108, 28.094169281276596], [85.2541510051279, 28.094598911892504], [85.25439720391792, 28.094598361714443]]], [[[85.2534092666783, 28.093526481836598], [85.25217766254745, 28.093314400899754], [85.25217891325109, 28.093744032426788], [85.25365734948379, 28.09417038003036], [85.2534092666783, 28.093526481836598]]], [[[85.25192896846447, 28.092455681877624], [85.25291436646687, 28.092668313452396], [85.25192771901902, 28.09202604900736], [85.25192896846447, 28.092455681877624]]], [[[85.25291436646687, 28.092668313452396], [85.25291499363934, 28.09288312960386], [85.25340738147922, 28.0928820340592], [85.25291436646687, 28.092668313452396]]], [[[85.2511872758741, 28.091383231770713], [85.25094295302034, 28.092028225164164], [85.25143533602588, 28.09202713815116], [85.25168027931193, 28.091596960526104], [85.25217328518241, 28.091810687034688], [85.2521720345346, 28.09138105349596], [85.2511872758741, 28.091383231770713]]], [[[85.24970951857631, 28.091171666254514], [85.24995756713813, 28.091815576186562], [85.25069613984734, 28.091813951263514], [85.24970951857631, 28.091171666254514]]], [[[85.24946889704175, 28.093105554809178], [85.2489758904745, 28.092891817252994], [85.24897650788202, 28.093106633309695], [85.24946889704175, 28.093105554809178]]], [[[85.24872969650053, 28.092892355703142], [85.24897527307003, 28.092677001084528], [85.24872907970658, 28.09267753953359], [85.24872969650053, 28.092892355703142]]], [[[85.24552795684993, 28.09246967460156], [85.24602156258575, 28.092898243496737], [85.24823546183373, 28.09224898215512], [85.24700511355947, 28.092466477473135], [85.24552795684993, 28.09246967460156]]], [[[85.2465108941307, 28.091823095770547], [85.24626409250494, 28.091608812149712], [85.24626470317875, 28.091823628888537], [85.2465108941307, 28.091823095770547]]], [[[85.24552613030478, 28.091825225046247], [85.24601790216047, 28.091609344733886], [85.24552552146243, 28.091610408304263], [85.24552613030478, 28.091825225046247]]], [[[85.24503374837369, 28.09182628648797], [85.2435566025082, 28.09182945802839], [85.24306361779156, 28.091615694194687], [85.24331101487108, 28.092044801393563], [85.24503374837369, 28.09182628648797]]], [[[85.24232504663188, 28.091617269574368], [85.24281682528397, 28.09140140298883], [85.24232444572883, 28.09140245270714], [85.24232504663188, 28.091617269574368]]], [[[85.24183566429885, 28.092692399833663], [85.24208125743937, 28.092477059990713], [85.2418350646019, 28.092477583523262], [85.24183566429885, 28.092692399833663]]], [[[85.24158527730515, 28.091189206307497], [85.24158587637378, 28.09140402328951], [85.24183146648267, 28.091188683313707], [85.24158527730515, 28.091189206307497]]], [[[85.24158527730515, 28.091189206307497], [85.24059992394166, 28.090976475857627], [85.24060052056541, 28.091191292955514], [85.24158527730515, 28.091189206307497]]], [[[85.24085089047726, 28.092694488641143], [85.24060410037, 28.092480193195744], [85.24060469701446, 28.092695009511257], [85.24085089047726, 28.092694488641143]]], [[[85.23986135818721, 28.090978035247424], [85.24059932732088, 28.090761658647928], [85.23986076339786, 28.090763218034667], [85.23986135818721, 28.090978035247424]]], [[[85.2391263502156, 28.09226849079043], [85.23961992313367, 28.09269708766482], [85.2401117146565, 28.092481233335896], [85.23986492698533, 28.092266936176596], [85.2391263502156, 28.09226849079043]]], [[[85.2391263502156, 28.09226849079043], [85.23863337393314, 28.09205470798901], [85.23863396568774, 28.0922695245362], [85.2391263502156, 28.09226849079043]]], [[[85.23961516959649, 28.090978553978626], [85.23936838743441, 28.090764254962373], [85.23936898100283, 28.09097907217712], [85.23961516959649, 28.090978553978626]]], [[[85.23838363547223, 28.090766322425516], [85.23616677213035, 28.09034130826444], [85.23493409038048, 28.08969940358705], [85.23370316542024, 28.089701938617665], [85.23666090627886, 28.090984737203527], [85.2361691146535, 28.091200577399466], [85.23542937930502, 28.090772473677152], [85.23419843911199, 28.090775014059467], [85.23370490396825, 28.09034639167254], [85.23370606301461, 28.090776026483574], [85.23469256111471, 28.091418450870837], [85.235923510436, 28.091415905146732], [85.23641706265, 28.091844516799547], [85.23740123821912, 28.091627649586496], [85.2383877734194, 28.092270040610025], [85.23838363547223, 28.090766322425516]]], [[[85.23838363547223, 28.090766322425516], [85.23862982346719, 28.090765806358764], [85.23838304434865, 28.09055150509496], [85.23838363547223, 28.090766322425516]]], [[[85.23321253030124, 28.09034740196197], [85.23345813822777, 28.09013207950946], [85.2332119520033, 28.09013258438679], [85.23321253030124, 28.09034740196197]]], [[[85.23321079541601, 28.089702948901106], [85.23345640151977, 28.089487626116167], [85.23321021712668, 28.08948813099058], [85.23321079541601, 28.089702948901106]]], [[[85.23296634346343, 28.09034790630768], [85.23271957954576, 28.0901335925435], [85.23272015662276, 28.090348410120647], [85.23296634346343, 28.09034790630768]]], [[[85.23123672811879, 28.087988422250085], [85.23148520426356, 28.08884719577334], [85.2322243278392, 28.08906050899708], [85.23222317616418, 28.088630872385522], [85.23173081223011, 28.08863187626699], [85.23172966300827, 28.08820223920427], [85.23148348225784, 28.088202740344055], [85.23148290826164, 28.087987921644043], [85.23123672811879, 28.087988422250085]]], [[[85.23123672811879, 28.087988422250085], [85.23098997520061, 28.087774103509748], [85.23099054797311, 28.087988922323536], [85.23123672811879, 28.087988422250085]]], [[[85.2322243278392, 28.08906050899708], [85.23222490368101, 28.089275327135145], [85.23271727126634, 28.089274321117035], [85.2322243278392, 28.08906050899708]]], [[[85.23271727126634, 28.089274321117035], [85.23271784833189, 28.089489139141364], [85.2329634550547, 28.089273817309017], [85.23271727126634, 28.089274321117035]]], [[[85.2327190024716, 28.089918774854578], [85.23198044559523, 28.089920283091587], [85.23148750031105, 28.089706468113818], [85.23173483459634, 28.090135602464706], [85.2327190024716, 28.089918774854578]]], [[[85.23124131528463, 28.08970696872776], [85.2314869262949, 28.08949165019642], [85.23124074187895, 28.08949215080934], [85.23124131528463, 28.08970696872776]]], [[[85.23124016847612, 28.089277332779126], [85.23099341187823, 28.089063014715492], [85.23099398466778, 28.089277832858457], [85.23124016847612, 28.089277332779126]]], [[[85.23024801099008, 28.08648668528245], [85.23025029470392, 28.087345962562097], [85.2307426513469, 28.087344965084498], [85.23049418687131, 28.0864861868139], [85.23024801099008, 28.08648668528245]]], [[[85.23024801099008, 28.08648668528245], [85.22999955387913, 28.085627904145504], [85.2292604650664, 28.08541457469483], [85.22876471595005, 28.084126643098358], [85.228272377574, 28.08412763202418], [85.22777834483576, 28.083484155965518], [85.22703984272724, 28.08348563215476], [85.22679198835078, 28.082841659280334], [85.22605349170206, 28.082843129069108], [85.22580620637616, 28.082413974784934], [85.22457594149469, 28.082631232742127], [85.22432866409238, 28.082202075025897], [85.22383633660276, 28.08220304475905], [85.22383522661426, 28.08177340092411], [85.22235714875026, 28.08134665303499], [85.22235825140363, 28.081776297328812], [85.2228505764848, 28.081775333991175], [85.22285168159051, 28.082204977833708], [85.22334400910212, 28.08220401236168], [85.22457761200786, 28.08327569697576], [85.22580900582389, 28.083488081817112], [85.22630021836468, 28.08305746107669], [85.2267942376915, 28.08370094421954], [85.22777947440028, 28.083913797979957], [85.22778116876803, 28.084558260162737], [85.22876698489006, 28.084985925322147], [85.22876811937694, 28.08541556576299], [85.2267987365068, 28.085419508728926], [85.22630470734701, 28.084776028285884], [85.2260596573539, 28.0852061583772], [85.22655424890598, 28.086064459051176], [85.22778568720533, 28.086276821062302], [85.22754120453247, 28.08692177216556], [85.22828143407114, 28.08756475021392], [85.2292667183745, 28.08777758910203], [85.23024801099008, 28.08648668528245]]], [[[85.2307426513469, 28.087344965084498], [85.2307432235033, 28.08755978412287], [85.23098940243095, 28.08755928458413], [85.23098882966413, 28.087344465546668], [85.2307426513469, 28.087344965084498]]], [[[85.23049990234514, 28.088634376648812], [85.23050047390811, 28.088849195017364], [85.23074608432782, 28.088633877637786], [85.23049990234514, 28.088634376648812]]], [[[85.23049990234514, 28.088634376648812], [85.23000696803203, 28.088420554590492], [85.23000753837128, 28.088635373072798], [85.23049990234514, 28.088634376648812]]], [[[85.22926899238931, 28.088636863713724], [85.2300063976956, 28.08820573599641], [85.22926785537626, 28.08820722663149], [85.22926899238931, 28.088636863713724]]], [[[85.2255656349001, 28.084562674392085], [85.22556619420146, 28.084777494904642], [85.22605797577914, 28.08456169718086], [85.2255656349001, 28.084562674392085]]], [[[85.2255656349001, 28.084562674392085], [85.2253189057682, 28.08434834157342], [85.22531946445642, 28.08456316219873], [85.2255656349001, 28.084562674392085]]], [[[85.22384077666683, 28.08392161562412], [85.22359405362769, 28.083707278731755], [85.22359460803496, 28.08392209969935], [85.22384077666683, 28.08392161562412]]], [[[85.22334788560346, 28.083707762273345], [85.22359349922318, 28.08349245765232], [85.22334733180931, 28.083492941192954], [85.22334788560346, 28.083707762273345]]], [[[85.22211484248841, 28.082850886980047], [85.22236045674316, 28.082635584573957], [85.22211429175704, 28.08263606544754], [85.22211484248841, 28.082850886980047]]], [[[85.21915324766555, 28.07984910413478], [85.21940158069526, 28.080707920982867], [85.21989389973828, 28.080706970437962], [85.22014115090667, 28.081136139348562], [85.21915596455247, 28.08092321800703], [85.21841802568308, 28.08113946067601], [85.22112908349817, 28.082423161967405], [85.22186702653441, 28.08220690238596], [85.22186537620416, 28.081562436443058], [85.22038676520495, 28.080920840308526], [85.21915324766555, 28.07984910413478]], [[85.22014115090667, 28.081136139348562], [85.22038785808196, 28.081350485064842], [85.22014169673619, 28.08135096167172], [85.22014115090667, 28.081136139348562]]], [[[85.21841152720684, 28.07856158399219], [85.21767360659335, 28.078777823070656], [85.21915324766555, 28.07984910413478], [85.21841152720684, 28.07856158399219]]], [[[85.21693675803616, 28.079423704045414], [85.21693783378635, 28.079853350394274], [85.21743014800046, 28.07985241050948], [85.21841748412862, 28.080924638234453], [85.21816861930161, 28.07985099668757], [85.21767630510352, 28.07985193976815], [85.217429069809, 28.079422764164324], [85.21693675803616, 28.079423704045414]]], [[[85.21693675803616, 28.079423704045414], [85.21644390960215, 28.07920981845192], [85.21644444625262, 28.07942464179603], [85.21693675803616, 28.079423704045414]]], [[[85.21619078603655, 28.07641757285779], [85.21569902611033, 28.07663333218873], [85.21619185805042, 28.07684722234582], [85.21619078603655, 28.07641757285779]]], [[[85.21619185805042, 28.07684722234582], [85.21619239406134, 28.07706204692193], [85.21643854324381, 28.07706157885569], [85.21619185805042, 28.07684722234582]]], [[[85.21643854324381, 28.07706157885569], [85.2164396164942, 28.077491227670293], [85.2169319172923, 28.077490289936247], [85.21693084160079, 28.077060641125325], [85.21643854324381, 28.07706157885569]]], [[[85.2169319172923, 28.077490289936247], [85.21693299299449, 28.07791993829947], [85.21717914461013, 28.077919468631702], [85.21717806768736, 28.07748982027034], [85.2169319172923, 28.077490289936247]]], [[[85.21717914461013, 28.077919468631702], [85.21718022154357, 28.0783491165454], [85.21742637437713, 28.078348646343137], [85.21717914461013, 28.077919468631702]]], [[[85.21742637437713, 28.078348646343137], [85.21742691345816, 28.07856347013119], [85.21767306689934, 28.078562999395388], [85.21767252720802, 28.07834817560826], [85.21742637437713, 28.078348646343137]]], [[[85.2161977543167, 28.079210286527346], [85.21644283630918, 28.078780171427983], [85.21619668224436, 28.078780639501566], [85.2161977543167, 28.079210286527346]]], [[[85.21595052817689, 28.07878110704257], [85.21570330448624, 28.078351926573806], [85.21521099877921, 28.07835285898892], [85.21545822003395, 28.078782040526555], [85.21595052817689, 28.07878110704257]]], [[[85.2152061966034, 28.076419439785592], [85.21545180979354, 28.076204148937904], [85.21520566304153, 28.076204614870022], [85.2152061966034, 28.076419439785592]]], [[[85.21495898333795, 28.07599025524111], [85.2149595162869, 28.07620508026952], [85.21520512948231, 28.07598978984252], [85.21495898333795, 28.07599025524111]]], [[[85.21495898333795, 28.07599025524111], [85.21471230485488, 28.075775894965798], [85.21471283719093, 28.075990720107075], [85.21495898333795, 28.07599025524111]]], [[[85.21447147669191, 28.077924605683048], [85.2147170959743, 28.07770931720762], [85.2144709449424, 28.07770978154823], [85.21447147669191, 28.077924605683048]]], [[[85.2139775818208, 28.077281060022646], [85.21397864287074, 28.077710708631646], [85.2142247939079, 28.077710245356265], [85.21422373163736, 28.077280596749056], [85.2139775818208, 28.077281060022646]]], [[[85.2139775818208, 28.077281060022646], [85.21373090209083, 28.077066698290317], [85.21373143200158, 28.07728152276359], [85.2139775818208, 28.077281060022646]]], [[[85.20953805291491, 28.073637276339465], [85.20953909190692, 28.074066928786873], [85.21027855669156, 28.074495218164152], [85.21126312436513, 28.07449339387785], [85.21151083944582, 28.07513741361304], [85.21052574250847, 28.07492441443612], [85.20954168943206, 28.07514105794616], [85.21151188823802, 28.075567064478822], [85.21249857544453, 28.076424529896215], [85.21397599026558, 28.076636586269718], [85.21422054488897, 28.07599164824118], [85.2127426130148, 28.07556476945178], [85.21274155812003, 28.075135118594975], [85.2105220889226, 28.073420632070576], [85.21051947929607, 28.072346498450433], [85.21027334347609, 28.072346953714185], [85.21027230086402, 28.071917299480464], [85.21002616626188, 28.071917754209846], [85.20953597496178, 28.072777970100955], [85.20978315220181, 28.07320716977463], [85.20978419240397, 28.073636822668124], [85.20953805291491, 28.073637276339465]]], [[[85.20953805291491, 28.073637276339465], [85.20929139454135, 28.073422903085547], [85.20929191342327, 28.073637729478133], [85.20953805291491, 28.073637276339465]]], [[[85.21002616626188, 28.071917754209846], [85.20977899149625, 28.07148855372146], [85.20953285810938, 28.0714890073838], [85.20953389704988, 28.071918662070818], [85.21002616626188, 28.071917754209846]]], [[[85.2094970209702, 28.056665646232496], [85.20900483838231, 28.05666655183721], [85.20900639260391, 28.057311056903245], [85.20949805955534, 28.05709531638512], [85.2094970209702, 28.056665646232496]]], [[[85.2094970209702, 28.056665646232496], [85.20974311226027, 28.0566651926314], [85.20949650168149, 28.056450810987982], [85.2094970209702, 28.056665646232496]]], [[[85.20954013090925, 28.074496580786445], [85.20929450787143, 28.07471185976144], [85.20954116992186, 28.074926232338214], [85.20954013090925, 28.074496580786445]]], [[[85.20928672471992, 28.07148946051364], [85.20953233864299, 28.071274179872354], [85.20928620586373, 28.07127463300127], [85.20928672471992, 28.07148946051364]]], [[[85.2090400730819, 28.071275085597605], [85.20928568701012, 28.071059805376894], [85.20903955483848, 28.07106025797235], [85.2090400730819, 28.071275085597605]]], [[[85.2090043203136, 28.056451716590896], [85.20924937364912, 28.056021593228383], [85.20900328418385, 28.05602204576182], [85.2090043203136, 28.056451716590896]]], [[[85.2092488549781, 28.055806757646504], [85.20900017585626, 28.054733030582636], [85.20900276612282, 28.055807210179083], [85.2092488549781, 28.055806757646504]]], [[[85.20880170510374, 28.07449793861528], [85.20904732875952, 28.07428266059273], [85.20880118743203, 28.074283112668823], [85.20880170510374, 28.07449793861528]]], [[[85.20803336472544, 28.0620392014586], [85.2082779223812, 28.061394253356788], [85.20803181765513, 28.06139470378218], [85.20803336472544, 28.0620392014586]]], [[[85.2082779223812, 28.061394253356788], [85.20901364594361, 28.060318733866872], [85.20900691068292, 28.057525891700934], [85.2082779223812, 28.061394253356788]]], [[[85.20875409004829, 28.054733482578264], [85.20899862172713, 28.054088521478757], [85.20875253774906, 28.054088973471696], [85.20875409004829, 28.054733482578264]]], [[[85.20880066976288, 28.074068286610416], [85.2085540119867, 28.073853911981736], [85.20855452904306, 28.074068738153045], [85.20880066976288, 28.074068286610416]]], [[[85.2075679076919, 28.073211233626495], [85.20830683899003, 28.073424710310682], [85.20805812098038, 28.07235102712097], [85.20756739308672, 28.072996407003806], [85.20682846726275, 28.072782925294323], [85.20707101073502, 28.071278687194887], [85.20657823298136, 28.071064754634225], [85.20658233018389, 28.072783372570875], [85.20584749130273, 28.074288496038985], [85.20707717127547, 28.073856610047546], [85.2075679076919, 28.073211233626495]]], [[[85.20830683899003, 28.073424710310682], [85.20830787187457, 28.07385436299092], [85.20855297788171, 28.07342425930333], [85.20830683899003, 28.073424710310682]]], [[[85.20406530802433, 28.049156189748686], [85.20382125873367, 28.050015986715295], [85.20505263737827, 28.05044345189836], [85.2052966756581, 28.04958365318275], [85.20431239081188, 28.049585425936105], [85.20431137802237, 28.049155747893284], [85.20406530802433, 28.049156189748686]]], [[[85.20406530802433, 28.049156189748686], [85.20381822768384, 28.04872695257633], [85.20381923802375, 28.04915663107162], [85.20406530802433, 28.049156189748686]]], [[[85.20505263737827, 28.05044345189836], [85.20505314561656, 28.050658290299932], [85.20529921987385, 28.05065784630852], [85.20505263737827, 28.05044345189836]]], [[[85.20529921987385, 28.05065784630852], [85.20529972872455, 28.05087268459698], [85.20554580358923, 28.050872240072195], [85.20554529412861, 28.050657401784576], [85.20529921987385, 28.05065784630852]]], [[[85.20554580358923, 28.050872240072195], [85.20579391875884, 28.0517311470398], [85.20653215064914, 28.05172980866255], [85.20653163873871, 28.05151497082724], [85.20554580358923, 28.050872240072195]]], [[[85.20653215064914, 28.05172980866255], [85.2065326625621, 28.051944646385568], [85.20677874046373, 28.051944199193983], [85.20653215064914, 28.05172980866255]]], [[[85.20677874046373, 28.051944199193983], [85.2065341983162, 28.05258915888156], [85.2062870959635, 28.052159930656444], [85.20480960953638, 28.051732924087826], [85.2040693543634, 28.050874899233488], [85.20283797443884, 28.0504474238512], [85.20308555819332, 28.051091499541904], [85.20407137759312, 28.05173425128265], [85.20407238922301, 28.05216392663398], [85.20555140782284, 28.053235453830233], [85.20629220915863, 28.054308300603097], [85.20678437838319, 28.05430740673311], [85.2070314893209, 28.054736631637187], [85.20826140220896, 28.05451954871351], [85.20850645376841, 28.054089424932123], [85.20702481836281, 28.051943751469853], [85.20677874046373, 28.051944199193983]], [[85.20727397876928, 28.05323232717967], [85.2075205746934, 28.053446715319467], [85.20727449252985, 28.053447164114683], [85.20727397876928, 28.05323232717967]]], [[[85.2050958466288, 28.068704315642677], [85.20509686353633, 28.069133973273406], [85.2070674172557, 28.06977489141682], [85.20706998401391, 28.070849031818295], [85.2082996090851, 28.07041712900748], [85.20780631801806, 28.06998837313242], [85.20780477249444, 28.069343887891424], [85.20681821235732, 28.06848636703037], [85.20681359798164, 28.06655290119358], [85.20730480891206, 28.066122344789807], [85.2070571508591, 28.065478301805655], [85.20631931332514, 28.065694474093533], [85.20607728330941, 28.067413560629788], [85.20558503964311, 28.06741445141107], [85.2063264741055, 28.068702089994815], [85.2050958466288, 28.068704315642677]]], [[[85.2050958466288, 28.068704315642677], [85.2048476897817, 28.067845442565396], [85.20484972112588, 28.068704759174487], [85.2050958466288, 28.068704315642677]]], [[[85.20753189148994, 28.05817309949181], [85.20753497810321, 28.0594621039365], [85.20704329283842, 28.05967783472708], [85.2070448325269, 28.060322335104615], [85.20655262914721, 28.060323230088663], [85.20704534576147, 28.06053716833962], [85.20655365317872, 28.06075289644994], [85.20655877348857, 28.062901221530314], [85.20778880342971, 28.06268414802433], [85.20754115160521, 28.06204010071701], [85.20803130197012, 28.06117987099917], [85.20778210745554, 28.059891321833504], [85.20827121074514, 28.058601418444344], [85.20777901715148, 28.058602318739702], [85.20777798707056, 28.05817265014469], [85.20753189148994, 28.05817309949181]]], [[[85.20753189148994, 28.05817309949181], [85.20728528209015, 28.057958713838964], [85.20728579590677, 28.058173548306403], [85.20753189148994, 28.05817309949181]]], [[[85.20753034821773, 28.057528595755706], [85.20777541191292, 28.057098476694833], [85.20752931938235, 28.057098926037543], [85.20753034821773, 28.057528595755706]]], [[[85.20754886899921, 28.065262573994097], [85.20730172548508, 28.064833361189258], [85.20730275328388, 28.065263022837655], [85.20754886899921, 28.065262573994097]]], [[[85.20754681097137, 28.064403250252532], [85.20729966991804, 28.063974036547634], [85.20730069769647, 28.06440369909259], [85.20754681097137, 28.064403250252532]]], [[[85.20728322684921, 28.057099374847706], [85.20752880496848, 28.05688409101026], [85.20728271304534, 28.05688453981956], [85.20728322684921, 28.057099374847706]]], [[[85.20752829055716, 28.05666925587082], [85.20728117164902, 28.056240034062164], [85.20728219924402, 28.056669704679248], [85.20752829055716, 28.05666925587082]]], [[[85.20703456836964, 28.056025646858636], [85.2072801440642, 28.055810362996368], [85.20703405518849, 28.05581081126881], [85.20703456836964, 28.056025646858636]]], [[[85.2067869411755, 28.055381587490793], [85.20678745374158, 28.05559642330584], [85.2070330288338, 28.05538113975268], [85.2067869411755, 28.055381587490793]]], [[[85.2067869411755, 28.055381587490793], [85.20653982961004, 28.054952362728102], [85.20654085351464, 28.055382034696432], [85.2067869411755, 28.055381587490793]]], [[[85.20606655545718, 28.06290211440519], [85.20606808793912, 28.0635466097488], [85.20631419878633, 28.06354616357501], [85.20631266447414, 28.062901668234048], [85.20606655545718, 28.06290211440519]]], [[[85.20606655545718, 28.06290211440519], [85.20581993622554, 28.062687728037513], [85.2058204464377, 28.062902560043806], [85.20606655545718, 28.06290211440519]]], [[[85.20582350776381, 28.06419154972749], [85.2060685987715, 28.063761441305786], [85.20582248731165, 28.06376188694788], [85.20582350776381, 28.06419154972749]]], [[[85.20533433649202, 28.065481425077078], [85.20557892394814, 28.06483648817026], [85.20533280943273, 28.064836932751547], [85.20533433649202, 28.065481425077078]]], [[[85.20532822839114, 28.06290344972332], [85.20557331821404, 28.062473341023523], [85.20532721040965, 28.06247378559524], [85.20532822839114, 28.06290344972332]]], [[[85.20357165434422, 28.048512553948207], [85.20381570187784, 28.047652754374024], [85.20356812251998, 28.047008674887397], [85.20307599470384, 28.047009554853584], [85.20357165434422, 28.048512553948207]]], [[[85.20135604254399, 28.048086817891246], [85.2016016098502, 28.047871542137027], [85.20135554348401, 28.047871978129972], [85.20135604254399, 28.048086817891246]]], [[[85.2016016098502, 28.047871542137027], [85.20283043350125, 28.047224834243135], [85.20110299748893, 28.045079486467053], [85.20184417432534, 28.046367224151414], [85.20184517485254, 28.046796905129934], [85.20135304822128, 28.046797777639743], [85.20036482215234, 28.04508078962041], [85.19938058833579, 28.045082519703726], [85.19888649971931, 28.044224015511062], [85.19839438766516, 28.044224875221342], [85.19888896434227, 28.04529822277981], [85.20110698490194, 28.046798213095943], [85.2016016098502, 28.047871542137027]]], [[[85.20234382099918, 28.049588945883496], [85.20258888798347, 28.049158829698854], [85.20234281796793, 28.049159267826905], [85.20234382099918, 28.049588945883496]]], [[[85.20209674794991, 28.049159705422433], [85.20234231645605, 28.04894442863025], [85.2020962470479, 28.04894486622487], [85.20209674794991, 28.049159705422433]]], [[[85.20209574614839, 28.048730026915145], [85.2018491770605, 28.048515624553605], [85.20184967734765, 28.048730463976487], [85.20209574614839, 28.048730026915145]]], [[[85.20036333240166, 28.044436265274367], [85.2006098862111, 28.04465067298505], [85.20085644124019, 28.044865080049274], [85.20085544563624, 28.04443539704305], [85.20036333240166, 28.044436265274367]]], [[[85.20036333240166, 28.044436265274367], [85.20011677981189, 28.04422185691727], [85.2001172757807, 28.04443669859135], [85.20036333240166, 28.044436265274367]]], [[[85.20085644124019, 28.044865080049274], [85.20085693904586, 28.045079921383962], [85.20110249907341, 28.044864645133185], [85.20085644124019, 28.044865080049274]]], [[[85.19987072379828, 28.044222289700983], [85.20011628384553, 28.044007015130898], [85.19987022844174, 28.044007447913735], [85.19987072379828, 28.044222289700983]]], [[[85.19913107516881, 28.04357905915105], [85.199131568691, 28.04379390116541], [85.19962367829123, 28.043793038263725], [85.19962318354942, 28.043578196251072], [85.19913107516881, 28.04357905915105]]], [[[85.19913107516881, 28.04357905915105], [85.19888452806492, 28.043364647674863], [85.19888502097486, 28.04357948980235], [85.19913107516881, 28.04357905915105]]], [[[85.19962367829123, 28.043793038263725], [85.19962417303549, 28.044007880164102], [85.19986973308767, 28.04379260601422], [85.19962367829123, 28.043793038263725]]], [[[85.19839192920139, 28.043150665136952], [85.19839242088928, 28.043365507378418], [85.19888403515742, 28.043149805435085], [85.19839192920139, 28.043150665136952]]], [[[85.19839192920139, 28.043150665136952], [85.19814538514407, 28.042936251834583], [85.19814587621973, 28.04315109418919], [85.19839192920139, 28.043150665136952]]], [[[85.19666907086184, 28.042938814961488], [85.19543784016511, 28.042511251193595], [85.1949442883843, 28.041867567537782], [85.19445218966851, 28.04186841019115], [85.1956853462696, 28.043155355426627], [85.19691609930393, 28.04336807371007], [85.19740967426927, 28.04401174645672], [85.19790178512326, 28.044010891007787], [85.19666907086184, 28.042938814961488]]], [[[85.19790178512326, 28.044010891007787], [85.19790227560125, 28.044225732801788], [85.19839389596753, 28.04401003342906], [85.19790178512326, 28.044010891007787]]], [[[85.19789884230637, 28.042721837885807], [85.19789933276978, 28.04293668035353], [85.19814489407088, 28.042721409367697], [85.19789884230637, 28.042721837885807]]], [[[85.19789884230637, 28.042721837885807], [85.19740576028974, 28.042293008048883], [85.19740673877007, 28.042722693324677], [85.19789884230637, 28.042721837885807]]], [[[85.19715970973755, 28.042293434967995], [85.19691317116597, 28.042079018546605], [85.19691365918293, 28.04229386135463], [85.19715970973755, 28.042293434967995]]], [[[85.19666663381399, 28.041864601478775], [85.19691219513935, 28.041649332593604], [85.19666614641167, 28.0416497584453], [85.19666663381399, 28.041864601478775]]], [[[85.19617307659081, 28.04122092214411], [85.19617356276875, 28.04143576540385], [85.19641961089145, 28.04143534061793], [85.19641912410376, 28.04122049735895], [85.19617307659081, 28.04122092214411]]], [[[85.19617307659081, 28.04122092214411], [85.19592654350971, 28.041006503023862], [85.19592702907545, 28.041221346396753], [85.19617307659081, 28.04122092214411]]], [[[85.19641961089145, 28.04143534061793], [85.19642009768158, 28.04165018376456], [85.19666565901177, 28.041434915299515], [85.19641961089145, 28.04143534061793]]], [[[85.19494138961727, 28.040578507617298], [85.1956809815577, 28.041221770116962], [85.19543251233057, 28.04014797530859], [85.19494138961727, 28.040578507617298]]], [[[85.19494138961727, 28.040578507617298], [85.19469437890224, 28.040149241664846], [85.19469534391924, 28.040578929205296], [85.19494138961727, 28.040578507617298]]], [[[85.19542331039143, 28.036065921308374], [85.19517679382379, 28.03585149787205], [85.19517727750267, 28.03606634394386], [85.19542331039143, 28.036065921308374]]], [[[85.19467266854879, 28.030481153176716], [85.19516325178841, 28.029835762224966], [85.19442472436775, 28.029622177530925], [85.19516131736532, 28.02897636422287], [85.19417582278388, 28.028333499639682], [85.1941743793284, 28.02768894893528], [85.19343491399994, 28.027045655438236], [85.19368572063877, 28.029193738366313], [85.19319560876846, 28.030053973177207], [85.19369052021493, 28.031342228923148], [85.19295054918629, 28.03048408911429], [85.19320231130493, 28.033061850535283], [85.19517002257119, 28.03284364106504], [85.19541846761362, 28.033917455540706], [85.19516566987119, 28.030910007197583], [85.19467266854879, 28.030481153176716]], [[85.19467556298282, 28.031770244792565], [85.19492206670658, 28.03198467144673], [85.19467604539687, 28.03198509300173], [85.19467556298282, 28.031770244792565]]], [[[85.19517921224215, 28.036925727107498], [85.1946929313947, 28.039504709511714], [85.19518598413244, 28.039933554022724], [85.19517921224215, 28.036925727107498]]], [[[85.19492979541116, 28.035422227491782], [85.19517292447905, 28.034132725251293], [85.19492689707512, 28.034133147346978], [85.19492979541116, 28.035422227491782]]], [[[85.19494380525047, 28.041652724498537], [85.19469679146266, 28.041223459673468], [85.19445074393292, 28.04122388073142], [85.19445170775427, 28.041653567150245], [85.19494380525047, 28.041652724498537]]], [[[85.19444833442135, 28.040149662718708], [85.19469389639734, 28.039934397726185], [85.1944478525262, 28.039934818779184], [85.19444833442135, 28.040149662718708]]], [[[85.19420469640077, 28.041224301256964], [85.19445026202582, 28.041009037353565], [85.19420421510347, 28.041009457878292], [85.19420469640077, 28.041224301256964]]], [[[85.19395768749357, 28.04079503437872], [85.194203252516, 28.04057977078387], [85.19395720681081, 28.040580190774538], [85.19395768749357, 28.04079503437872]]], [[[85.19395672613041, 28.040365347058025], [85.19346319756409, 28.039721653611874], [85.1934646359324, 28.040366185440348], [85.19395672613041, 28.040365347058025]]], [[[85.1932032688481, 28.033491545502006], [85.19272172443223, 28.038218995635805], [85.19321428127684, 28.038433005306896], [85.1932032688481, 28.033491545502006]]], [[[85.19321428127684, 28.038433005306896], [85.19321667544921, 28.039507227833603], [85.19370732060486, 28.038861857348657], [85.19321428127684, 28.038433005306896]]], [[[85.19318890669703, 28.02704607378002], [85.19343443468877, 28.026830804638596], [85.19318842799544, 28.026831222979585], [85.19318890669703, 28.02704607378002]]], [[[85.19146353451792, 28.02554502926071], [85.19146400893838, 28.02575988074178], [85.19244850043341, 28.025973070471778], [85.19220154366829, 28.025543783835264], [85.19146353451792, 28.02554502926071]]], [[[85.19146353451792, 28.02554502926071], [85.19121705765457, 28.02533059174344], [85.19121753146311, 28.02554544333784], [85.19146353451792, 28.02554502926071]]], [[[85.19244850043341, 28.025973070471778], [85.19244897729682, 28.026187921724603], [85.19269498216855, 28.026187504983223], [85.19269450469558, 28.025972653731188], [85.19244850043341, 28.025973070471778]]], [[[85.19269498216855, 28.026187504983223], [85.19269545964389, 28.026402356122766], [85.19294146512281, 28.026401938848185], [85.19269498216855, 28.026187504983223]]], [[[85.19294146512281, 28.026401938848185], [85.1929419432101, 28.026616789874407], [85.19318747059937, 28.026401521041223], [85.19294146512281, 28.026401938848185]]], [[[85.192704532125, 28.03048450640434], [85.19270357708676, 28.030054808286476], [85.1924570843364, 28.02984037581408], [85.192704532125, 28.03048450640434]]], [[[85.19221011651368, 28.029411093241094], [85.19221106909924, 28.029840792036946], [85.1924561305316, 28.029410677019865], [85.19221011651368, 28.029411093241094]]], [[[85.19221011651368, 28.029411093241094], [85.19196362681375, 28.02919665936252], [85.19196410249339, 28.02941150892992], [85.19221011651368, 28.029411093241094]]], [[[85.1790418215499, 27.966691518169217], [85.17904226489019, 27.9669064006005], [85.1792881017596, 27.966906012816313], [85.17928765781059, 27.966691130385737], [85.1790418215499, 27.966691518169217]]], [[[85.1790418215499, 27.966691518169217], [85.17879554255765, 27.966477022875274], [85.17879598528701, 27.966691905420507], [85.1790418215499, 27.966691518169217]]], [[[85.1792881017596, 27.966906012816313], [85.17879819896669, 27.967766316449627], [85.17928987757765, 27.967765541407324], [85.17929076549987, 27.968195305024054], [85.18052220313925, 27.969267765142295], [85.18224355924033, 27.969479898136427], [85.18273615253241, 27.9699088699687], [85.18396401267064, 27.969262242929823], [85.18421168080845, 27.970121368047778], [85.18470337271413, 27.970120569576263], [85.18445935385036, 27.970980490817826], [85.18495196661452, 27.971409451464044], [85.18544871732814, 27.97377232272329], [85.1861867472671, 27.973985994873107], [85.18667984792677, 27.974629823206843], [85.18618859156544, 27.97484550844961], [85.18594181129745, 27.974416154597588], [85.18446666256412, 27.974418559683787], [85.18421943583253, 27.97377432295916], [85.18422034823124, 27.97420408021215], [85.18372863318183, 27.974204876584736], [85.18372999814378, 27.974849511620956], [85.1832382794323, 27.974850305869715], [85.18274791838786, 27.97549573201801], [85.18201529303602, 27.977860565638984], [85.18201844841094, 27.979364699061783], [85.18152760321539, 27.979795237285575], [85.18079490829693, 27.982160038151537], [85.18080386393946, 27.986457502416627], [85.18178698273198, 27.986241060773096], [85.18153929258779, 27.985381964265688], [85.18202746437073, 27.98366219261991], [85.18128666845813, 27.982159254493357], [85.18275515966742, 27.978933762986973], [85.18275380188379, 27.978289134384156], [85.18226161229825, 27.97807504797207], [85.18373272812852, 27.97613877864114], [85.18397494630156, 27.974419357122216], [85.18446757619408, 27.974848316256853], [85.18569641303897, 27.97463143511478], [85.1859436531787, 27.975275667272843], [85.18668123482074, 27.975274457536646], [85.18717388294685, 27.97570340403663], [85.18717480999888, 27.976133159235946], [85.18914358733872, 27.97698941033645], [85.19061877964755, 27.976986944530424], [85.19110956384417, 27.97655636406848], [85.19110767076369, 27.97569685417312], [85.1918443057336, 27.975265855286903], [85.19036961415567, 27.97548321489019], [85.1903681998566, 27.97483858093538], [85.18963062197147, 27.97483981461254], [85.19012186974437, 27.97462411448136], [85.19012045729981, 27.973979479167554], [85.18962874357813, 27.973980301080477], [85.18888930192793, 27.97312201460829], [85.18667614964362, 27.972910793353055], [85.18643121913513, 27.9733409552653], [85.18593950899722, 27.973341761209856], [85.18593306285989, 27.97033344468556], [85.18494830269806, 27.969690407996975], [85.18494738674163, 27.969260645999242], [85.18322602838028, 27.969048553866696], [85.18174962064921, 27.96840627950267], [85.18076670382096, 27.96862273027283], [85.18051818006568, 27.967333830428217], [85.1792881017596, 27.966906012816313]], [[85.18668031022248, 27.974844701429834], [85.18692663245439, 27.975059175230893], [85.18668077252048, 27.975059579539742], [85.18668031022248, 27.974844701429834]], [[85.18519598180288, 27.970549530067682], [85.1854422881736, 27.97076400934331], [85.18519644040235, 27.970764410443735], [85.18519598180288, 27.970549530067682]]], [[[85.1914692277185, 28.02812323960944], [85.1904851862255, 28.028124892762317], [85.19048424221197, 28.027695192155832], [85.18876171030738, 28.027483214187818], [85.18777628014738, 28.02684029178923], [85.18777721073148, 28.0272699933131], [85.18826922665714, 28.02726917952023], [85.18851616886732, 28.027698472894407], [85.18974668490202, 28.02791127678755], [85.19024059005548, 28.02876985478823], [85.19048565823579, 28.028339742896875], [85.19147017661818, 28.0285529397596], [85.1914692277185, 28.02812323960944]]], [[[85.19147017661818, 28.0285529397596], [85.19147065107154, 28.028767789665977], [85.19171666326771, 28.028767375044367], [85.19147017661818, 28.0285529397596]]], [[[85.19072505275699, 28.0253314182989], [85.19097058201031, 28.0251161535797], [85.19072458016991, 28.02511656659043], [85.19072505275699, 28.0253314182989]]], [[[85.19047857832716, 28.025116979068823], [85.19023210511642, 28.024902539192194], [85.19023257648207, 28.02511739101481], [85.19047857832716, 28.025116979068823]]], [[[85.18728009010863, 28.02490744100972], [85.1872819463266, 28.025766847663363], [85.18654439743962, 28.025982912533532], [85.18703733298166, 28.026411806502423], [85.18851336614262, 28.026409368337102], [85.18998657463464, 28.02511780242845], [85.18924763122581, 28.02468932971101], [85.18875609765423, 28.024904999683628], [85.18826316217672, 28.02447611159299], [85.18752516205771, 28.024477331452736], [85.18875750078624, 28.02554955482829], [85.18826596111913, 28.025765222229413], [85.18826549462295, 28.02555037073793], [85.18801949153784, 28.025550777894196], [85.18801902565353, 28.025335926289394], [85.18777302317567, 28.025336332912502], [85.18777255790322, 28.025121481194425], [85.1875265560326, 28.025121887284364], [85.18752609137199, 28.024907035453012], [85.18728009010863, 28.02490744100972]]], [[[85.18728009010863, 28.02490744100972], [85.18703362540376, 28.024692994088703], [85.18703408884295, 28.024907846034168], [85.18728009010863, 28.02490744100972]]], [[[85.18825196723924, 28.01931962854043], [85.18849655154418, 28.01867465593762], [85.18825056796567, 28.01867506360075], [85.18825196723924, 28.01931962854043]]], [[[85.18800737929598, 28.019964599602627], [85.18825290009984, 28.01974933793738], [85.18800691347168, 28.019749745072144], [85.18800737929598, 28.019964599602627]]], [[[85.18776232249257, 28.02039471493067], [85.1872708095706, 28.020610380738358], [85.18727127357566, 28.02082523482098], [85.18776325293835, 28.020824423205244], [85.18776232249257, 28.02039471493067]]], [[[85.18776232249257, 28.02039471493067], [85.18800831095149, 28.020394308325812], [85.18776185727316, 28.020179860624513], [85.18776232249257, 28.02039471493067]]], [[[85.18578474800294, 28.015885984404317], [85.18553969170122, 28.016316099218344], [85.18603210641061, 28.016530151426466], [85.1860334891601, 28.01717471976476], [85.18652637210607, 28.017603625158742], [85.18628177616853, 28.018248595206448], [85.18800411857441, 28.01846061552575], [85.18799899481189, 28.016097200831556], [85.18775255336875, 28.01588275086288], [85.18578474800294, 28.015885984404317]], [[85.18726106599554, 28.016098419001384], [85.18775394889563, 28.016527320197966], [85.18726292183644, 28.016957844112248], [85.18726106599554, 28.016098419001384]]], [[[85.18578474800294, 28.015885984404317], [85.18529187848726, 28.01545707399763], [85.18529279663862, 28.015886787466385], [85.18578474800294, 28.015885984404317]]], [[[85.18727916201344, 28.024477737007917], [85.18752469740402, 28.02426247928386], [85.18727869796929, 28.024262884838254], [85.18727916201344, 28.024477737007917]]], [[[85.18678623627014, 28.024048842066218], [85.18703177166992, 28.023833585181855], [85.18678577344966, 28.023833989669935], [85.18678623627014, 28.024048842066218]]], [[[85.18678021978282, 28.021255752138178], [85.18702574728874, 28.021040493801227], [85.18677975699215, 28.021040898279054], [85.18678021978282, 28.021255752138178]]], [[[85.18676818797086, 28.01566951521881], [85.1870132363524, 28.015239397077753], [85.18676726251107, 28.015239801534236], [85.18676818797086, 28.01566951521881]]], [[[85.1855130334002, 28.003854238799804], [85.18674042816616, 28.00277790866991], [85.18698497706531, 28.002132913284186], [85.18501840026998, 28.0025658610893], [85.18502252531134, 28.004499628997795], [85.18600583807545, 28.004283160392927], [85.1855130334002, 28.003854238799804]]], [[[85.18678762474534, 28.02469339857996], [85.18555348348417, 28.022761740436177], [85.18555578231401, 28.023836004124885], [85.18629470020737, 28.024264501732166], [85.18629562342161, 28.024694205965336], [85.18678762474534, 28.02469339857996]]], [[[85.18678484781559, 28.023404284539883], [85.18653838860801, 28.023189835759407], [85.18653885081208, 28.023404688494026], [85.18678484781559, 28.023404284539883]]], [[[85.18678068257577, 28.021470605884726], [85.18653422887445, 28.021256156084412], [85.18653469105791, 28.02147100983174], [85.18678068257577, 28.021470605884726]]], [[[85.18652128866744, 28.015240205458383], [85.1867667997846, 28.015024944523038], [85.1865208265504, 28.015025348446365], [85.18652128866744, 28.015240205458383]]], [[[85.18624070809375, 27.99912602024406], [85.18550338314557, 27.99934209240333], [85.18452332473953, 28.001062612829497], [85.18403145743835, 28.001063410460862], [85.18427510869746, 27.999988688502327], [85.18378279223052, 27.999774620039762], [85.18329501862176, 28.001709195617543], [85.18600076960153, 28.001919663836826], [85.18649171779215, 28.001489129574008], [85.18648756013977, 27.999555347501264], [85.18624070809375, 27.99912602024406]]], [[[85.18648756013977, 27.999555347501264], [85.18673348950432, 27.9995549436347], [85.1864866362422, 27.999125616911297], [85.18648756013977, 27.999555347501264]]], [[[85.1864847884745, 27.998266154377873], [85.1867297890955, 27.9978360185742], [85.1864838646044, 27.997836422434442], [85.1864847884745, 27.998266154377873]]], [[[85.18648340267276, 27.99762155629356], [85.18672840147998, 27.99719141981539], [85.18648247881639, 27.997191823673283], [85.18648340267276, 27.99762155629356]]], [[[85.18672747641445, 27.996761686745575], [85.18648063113109, 27.99633235707916], [85.18648155496916, 27.996762090601848], [85.18672747641445, 27.996761686745575]]], [[[85.18555716163925, 28.02448056098799], [85.18481732966333, 28.023622353894492], [85.18432031059642, 28.021259767644825], [85.18432487767794, 28.02340830012503], [85.18506424439752, 28.024051658582128], [85.18506653720027, 28.025125918903353], [85.18555854098501, 28.0251251168385], [85.18580592406889, 28.025769269843224], [85.18654393520806, 28.025768061148963], [85.1860491617576, 28.02447975679835], [85.18555716163925, 28.02448056098799]]], [[[85.18629239221177, 28.023190239180398], [85.18653653981464, 28.02233042369583], [85.18629054585645, 28.02233082711368], [85.18629239221177, 28.023190239180398]]], [[[85.1865356154317, 28.021900716988853], [85.18628869953774, 28.02147141324642], [85.18628962269253, 28.02190112040514], [85.1865356154317, 28.021900716988853]]], [[[85.18652036443564, 28.014810491321786], [85.18627393030548, 28.014596037474032], [85.18627439180854, 28.01481089471206], [85.18652036443564, 28.014810491321786]]], [[[85.18628454545446, 28.019537725461483], [85.18579211304362, 28.019323675916976], [85.1857902717287, 28.018464255740664], [85.18431437372878, 28.018466658595422], [85.18480954499776, 28.01996984392179], [85.18456584422009, 28.021044514623565], [85.18481091871462, 28.02061440686849], [85.18579441473857, 28.02039794860474], [85.18628454545446, 28.019537725461483]]], [[[85.1860279582855, 28.014596440331193], [85.18627300730621, 28.014166322660216], [85.18602703650504, 28.01416672551579], [85.1860279582855, 28.014596440331193]]], [[[85.18623424959534, 27.996117893470373], [85.18598786927788, 27.99590342921491], [85.18598832997291, 27.99611829625986], [85.18623424959534, 27.996117893470373]]], [[[85.18578060542417, 28.013952270261633], [85.18578106570158, 28.014167127839023], [85.18602657561824, 28.013951867939152], [85.18578060542417, 28.013952270261633]]], [[[85.18578060542417, 28.013952270261633], [85.18553371589864, 28.01352295655749], [85.18553463522781, 28.013952672051783], [85.18578060542417, 28.013952270261633]]], [[[85.18478573714992, 28.008797258503638], [85.18576541754909, 28.006861907012752], [85.18551762911245, 28.006002862466346], [85.18527397635442, 28.007077571305697], [85.18478299048527, 28.00750809443281], [85.18404513470361, 28.00750929174841], [85.18380328086403, 28.009443434402115], [85.18306314100313, 28.008370323903574], [85.18330773301757, 28.007725345238274], [85.1828158279197, 28.007726137595082], [85.18257349375224, 28.00944541665583], [85.18208202998134, 28.00966106578591], [85.18208428546248, 28.010735363868893], [85.18478894169523, 28.010301278126164], [85.18478573714992, 28.008797258503638]]], [[[85.18545147281655, 27.975061593102172], [85.18569687289929, 27.97484631334088], [85.18545101356278, 27.974846714988317], [85.18545147281655, 27.975061593102172]]], [[[85.18553279657856, 28.013093240612754], [85.18528453360402, 28.012019350030567], [85.18528682881748, 28.01309364186745], [85.18553279657856, 28.013093240612754]]], [[[85.18552774048095, 28.010729794862968], [85.18503535994972, 28.01051573744091], [85.18503673519515, 28.011160315248855], [85.18528269747418, 28.01115991453353], [85.18552774048095, 28.010729794862968]]], [[[85.18524827677668, 27.99504516507029], [85.18549373389489, 27.994829896270765], [85.18524781792044, 27.994830297458865], [85.18524827677668, 27.99504516507029]]], [[[85.18527122248719, 28.005788401834966], [85.18502481708046, 28.005573940557074], [85.1850252754411, 28.00578880253075], [85.18527122248719, 28.005788401834966]]], [[[85.18479901384693, 28.01502816100494], [85.18479947169808, 28.01524301802245], [85.1850449870971, 28.015027760807833], [85.18479901384693, 28.01502816100494]]], [[[85.18479901384693, 28.01502816100494], [85.18455258335499, 28.01481370353885], [85.18455304059447, 28.015028560669712], [85.18479901384693, 28.01502816100494]]], [[[85.18450367181721, 27.99182333938914], [85.1837632184702, 27.990535317391714], [85.18401276846308, 27.99225387523097], [85.18352095110332, 27.992254670669645], [85.18352004197943, 27.991824932389168], [85.18278231957746, 27.991826121550965], [85.18253912488608, 27.993115730379657], [85.18352413310785, 27.99375875109663], [85.18352504227228, 27.99418848734586], [85.18450824189068, 27.993972026246496], [85.18500144369888, 27.994615830389723], [85.18425958992702, 27.99268321453772], [85.18450367181721, 27.99182333938914]], [[85.18302868038967, 27.992040594894146], [85.18327504242006, 27.992255067590698], [85.18302913373456, 27.99225546397951], [85.18302868038967, 27.992040594894146]]], [[[85.18476102010722, 27.99719463577602], [85.1842668925522, 27.99612110088396], [85.18377505326876, 27.99612189741504], [85.18352822441868, 27.995692560663922], [85.18303684094134, 27.99590822116567], [85.183033667307, 27.99440414862653], [85.18254183774717, 27.994404939822996], [85.1827913746748, 27.996123484090518], [85.18451509742539, 27.997195035376087], [85.18402872222926, 27.999774222027114], [85.18476559683846, 27.99934329442032], [85.18476102010722, 27.99719463577602]]], [[[85.18331908664729, 28.013096832741915], [85.18282760403785, 28.01331248317468], [85.18233476377343, 28.012883557252234], [85.1818401263606, 28.0115951941045], [85.18184463148616, 28.013743777323832], [85.18381329919202, 28.014170327261695], [85.18430615408185, 28.014599245426286], [85.18430478421197, 28.013954673017817], [85.18331908664729, 28.013096832741915]]], [[[85.18430615408185, 28.014599245426286], [85.18430661070967, 28.01481410267054], [85.18455212611777, 28.01459884629539], [85.18430615408185, 28.014599245426286]]], [[[85.18379462955046, 28.00536107395762], [85.18379280832507, 28.00450162446921], [85.1832991051995, 28.003642967633652], [85.18330182968587, 28.00493214390463], [85.18379462955046, 28.00536107395762]]], [[[85.18351731466183, 27.99053571483876], [85.18376276331608, 27.99032044740569], [85.18351686011677, 27.990320844851976], [85.18351731466183, 27.99053571483876]]], [[[85.18330364605514, 28.005791592497555], [85.18354868370936, 28.005361471458208], [85.183302737866, 28.00536186842651], [85.18330364605514, 28.005791592497555]]], [[[85.18227831456147, 27.98602540057971], [85.18178878370227, 27.987100548644687], [85.18228102332505, 27.987314632377903], [85.18228237773702, 27.987959246752663], [85.18277462345004, 27.98817332789784], [85.18277688694965, 27.989247682358858], [85.18326914119372, 27.989461760687043], [85.18301598764442, 27.9860242146736], [85.18227831456147, 27.98602540057971]]], [[[85.18326914119372, 27.989461760687043], [85.18327050298146, 27.99010637166561], [85.18351640557397, 27.990105974752304], [85.18326914119372, 27.989461760687043]]], [[[85.1830604199566, 28.00708115844788], [85.18330546246038, 28.006651039287103], [85.18305951295908, 28.006651435727765], [85.1830604199566, 28.00708115844788]]], [[[85.18329683485604, 28.00256865097437], [85.18305044347802, 28.002354183729487], [85.18305089693074, 28.002569047400343], [85.18329683485604, 28.00256865097437]]], [[[85.18327912810709, 27.994188884273882], [85.18278684701399, 27.9939748084627], [85.18278729976997, 27.994189676533207], [85.18327912810709, 27.994188884273882]]], [[[85.1824993455189, 27.974206858204123], [85.18323601059537, 27.973775913569682], [85.18323147309003, 27.97162712048979], [85.18200177123963, 27.971414216807887], [85.1815091730326, 27.970985243372457], [85.18199951780221, 27.970339815442728], [85.1805239912295, 27.97012728874092], [85.18126287575548, 27.970770755684672], [85.18101926922982, 27.971845547988924], [85.18151097093448, 27.97184476333985], [85.18151186989877, 27.972274522645026], [85.18077476134468, 27.972490578310328], [85.18077744734553, 27.973779852847464], [85.18151681436153, 27.974638190739086], [85.18103047648145, 27.977217506837267], [85.18053919142702, 27.977433166281962], [85.18078640125826, 27.978077405245244], [85.18152400678828, 27.978076229003307], [85.1817649237416, 27.97571218766861], [85.1824993455189, 27.974206858204123]]], [[[85.18254093345116, 27.993975203793255], [85.18278639426023, 27.993759940279343], [85.18254048130655, 27.99376033560914], [85.18254093345116, 27.993975203793255]]], [[[85.18228869859239, 27.990967433733598], [85.18228915009882, 27.99118230338563], [85.18253505574565, 27.991181908597273], [85.18253460363013, 27.990967038946057], [85.18228869859239, 27.990967433733598]]], [[[85.18228869859239, 27.990967433733598], [85.18179598794029, 27.9905384820664], [85.18179688851019, 27.99096822171213], [85.18228869859239, 27.990967433733598]]], [[[85.18229366528627, 27.993330993698418], [85.1820473026266, 27.99311651943807], [85.18204775354631, 27.99333138796223], [85.18229366528627, 27.993330993698418]]], [[[85.18204459715528, 27.991827305922932], [85.18228960160751, 27.991397172924795], [85.18204369534938, 27.991397567181707], [85.18204459715528, 27.991827305922932]]], [[[85.18204594988089, 27.99247191318833], [85.18179868967675, 27.99182769964917], [85.1818000405751, 27.992472306916877], [85.18204594988089, 27.99247191318833]]], [[[85.18183922536227, 28.01116547610897], [85.18159236328103, 28.010736150924384], [85.18159326305171, 28.011165869372068], [85.18183922536227, 28.01116547610897]]], [[[85.1813019349903, 27.989464916815677], [85.18154963444144, 27.990324005262877], [85.18179463710216, 27.989893871751228], [85.18154873510304, 27.98989426493831], [85.18154783577356, 27.989464524162287], [85.1813019349903, 27.989464916815677]]], [[[85.1813019349903, 27.989464916815677], [85.18105558576154, 27.989250438377937], [85.18105603420484, 27.98946530893687], [85.1813019349903, 27.989464916815677]]], [[[85.18154963444144, 27.990324005262877], [85.18155008411397, 27.99053887525585], [85.18179553765867, 27.990323612074235], [85.18154963444144, 27.990324005262877]]], [[[85.18080431174486, 27.986672374444087], [85.18055797167597, 27.986457893462774], [85.18055841887237, 27.986672765490983], [85.18080431174486, 27.986672374444087]]], [[[85.18030136197638, 27.981301321400135], [85.18078863987503, 27.97915178628066], [85.18029645024495, 27.97893769180628], [85.180540085636, 27.977862919714756], [85.18005013339163, 27.978723205665062], [85.17955839269389, 27.978723983977336], [85.17931518680768, 27.980013627232033], [85.17857800703621, 27.980229664549498], [85.1783352240219, 27.981734175586233], [85.1788269817914, 27.98173340257428], [85.17907197369144, 27.981303265896027], [85.18030136197638, 27.981301321400135]]], [[[85.1800688630458, 27.98774790444299], [85.18006707910133, 27.98688841790496], [85.18031163282508, 27.986243411834835], [85.1798207402416, 27.986673935438514], [85.1800688630458, 27.98774790444299]]], [[[85.18027814523977, 27.97012767919696], [85.18003185343946, 27.969913188389384], [85.1800322992478, 27.970128069120893], [85.18027814523977, 27.97012767919696]]], [[[85.179824303276, 27.988392907617392], [85.18006975503128, 27.988177647034572], [85.17982385788899, 27.988178036490197], [85.179824303276, 27.988392907617392]]], [[[85.17932451306217, 27.984525987340998], [85.17981717734835, 27.984954956032844], [85.1800652951922, 27.986028929560312], [85.1800612815259, 27.98409507417829], [85.1793231806807, 27.983881367518244], [85.17932451306217, 27.984525987340998]]], [[[85.18005771397274, 27.982376083936206], [85.17956550785522, 27.982161987984256], [85.17956595257152, 27.982376862274357], [85.18005771397274, 27.982376083936206]]], [[[85.17956862091562, 27.983666105642758], [85.17981361459633, 27.983235969399086], [85.17956773145877, 27.983236358305096], [85.17956862091562, 27.983666105642758]]], [[[85.17883008203295, 27.983237521830144], [85.1790755216699, 27.983022260680873], [85.17882963913472, 27.98302264798961], [85.17883008203295, 27.983237521830144]]], [[[85.17808978619209, 27.981949435814546], [85.17735214768803, 27.98195058974706], [85.17735302615736, 27.982380338453787], [85.17489421882392, 27.98238415031992], [85.17464747300626, 27.981954779856576], [85.17341850482813, 27.982171537587092], [85.17563490591867, 27.983887129299603], [85.17809375581452, 27.98388330141629], [85.17883052493337, 27.983452395557705], [85.17784566851189, 27.982809317946437], [85.17808978619209, 27.981949435814546]]], [[[85.17808978619209, 27.981949435814546], [85.17833566568906, 27.981949050106035], [85.17808934513384, 27.98173456129396], [85.17808978619209, 27.981949435814546]]], [[[85.17854970690131, 27.966477409593818], [85.1787950998305, 27.96626214021693], [85.17854926478287, 27.966262526934702], [85.17854970690131, 27.966477409593818]]], [[[85.17830916952985, 27.96905637887448], [85.17855457034864, 27.96884111137743], [85.1783087279939, 27.968841497572132], [85.17830916952985, 27.96905637887448]]], [[[85.17780999847967, 27.965404152118488], [85.1778104387632, 27.965619035232425], [85.17805627199122, 27.965618650113207], [85.17805583109896, 27.965403766999987], [85.17780999847967, 27.965404152118488]]], [[[85.17780999847967, 27.965404152118488], [85.17756372618554, 27.965189653477058], [85.17756416585819, 27.965404536704888], [85.17780999847967, 27.965404152118488]]], [[[85.17805627199122, 27.965618650113207], [85.17805671288565, 27.96583353311325], [85.17830210521704, 27.965618264461842], [85.17805627199122, 27.965618650113207]]], [[[85.17756944209974, 27.96798312661409], [85.17756812300995, 27.96733848066409], [85.17683017083078, 27.967124749039225], [85.17658302157196, 27.966480484186782], [85.17510714029353, 27.966053002331634], [85.17510627311175, 27.965623236426783], [85.17584290203534, 27.965192330678466], [85.1755962004058, 27.96476294420038], [85.17412164663094, 27.96498009845661], [85.17412078434027, 27.96455033141433], [85.17338329367689, 27.9645514596249], [85.17313617733588, 27.96390718321002], [85.17190746096725, 27.9641239341719], [85.17190660965012, 27.9636941662112], [85.17092372164706, 27.963910534301288], [85.17092287520367, 27.96348076610845], [85.17018623637964, 27.963911641754404], [85.17043375284655, 27.964770808168897], [85.17166290711195, 27.964768957078586], [85.17190788662897, 27.964338817982522], [85.1724016803087, 27.965412490108974], [85.17313874958624, 27.96519648503342], [85.17289377374897, 27.965626625880226], [85.17338586961775, 27.96584075940705], [85.17289420186032, 27.96584150889579], [85.17264965049904, 27.9664865312122], [85.17363385321275, 27.966914797234494], [85.17338973367252, 27.967774701443076], [85.17609396645025, 27.967770541137952], [85.17634155241389, 27.96862968655282], [85.17732491945442, 27.968628155611505], [85.17806332656417, 27.969056764537857], [85.17806156286852, 27.968197238646756], [85.17756944209974, 27.96798312661409]], [[85.1738783984655, 27.966269773475897], [85.17437006864078, 27.966269019727513], [85.17461547134855, 27.966053759271013], [85.17437093218308, 27.966698784957956], [85.17387925957289, 27.966699538709257], [85.1738783984655, 27.966269773475897]], [[85.17141580292378, 27.964124677264074], [85.17166120689564, 27.963909422059526], [85.17166163194656, 27.964124305984072], [85.17141580292378, 27.964124677264074]]], [[[85.17707118524955, 27.964760654253915], [85.17707162370041, 27.9649755377096], [85.17731745510883, 27.964975154188846], [85.17731701604926, 27.96476027073393], [85.17707118524955, 27.964760654253915]]], [[[85.17707118524955, 27.964760654253915], [85.17682491660766, 27.96454615367232], [85.17682535444766, 27.964761037241868], [85.17707118524955, 27.964760654253915]]], [[[85.17731745510883, 27.964975154188846], [85.1773178941706, 27.9651900375306], [85.17756328651508, 27.964974770136028], [85.17731745510883, 27.964975154188846]]], [[[85.1763332562148, 27.964546918050445], [85.17682447876983, 27.96433126998956], [85.17633281959436, 27.96433203436621], [85.1763332562148, 27.964546918050445]]], [[[85.17584116041027, 27.964332796614595], [85.1755948960228, 27.964118293141055], [85.17559533081499, 27.964333176940656], [85.17584116041027, 27.964332796614595]]], [[[85.17534906703406, 27.964118672934315], [85.17485697608618, 27.963904547009566], [85.17485740905012, 27.96411943092455], [85.17534906703406, 27.964118672934315]]], [[[85.17337942990912, 27.96261750231311], [85.17288778041262, 27.96261825177996], [85.17140816328524, 27.96025674929345], [85.17066986391754, 27.959828087859467], [85.17066817363292, 27.95896854241538], [85.17017612343547, 27.958754393506798], [85.16968617633381, 27.95961467502253], [85.17017949428332, 27.96047348350076], [85.17067113165297, 27.960472745753734], [85.1704261569193, 27.96090288625824], [85.17091948951393, 27.961761688809982], [85.17165738153206, 27.961975461646176], [85.17190490704117, 27.96283462893169], [85.17264238313417, 27.962833510315942], [85.172889064664, 27.963262905240143], [85.17436531931105, 27.96390530287004], [85.17436445582435, 27.963475534697626], [85.17337942990912, 27.96261750231311]]], [[[85.17018497219587, 27.963266989288915], [85.1704303767953, 27.963051736291334], [85.17018455080547, 27.96305210490742], [85.17018497219587, 27.963266989288915]]], [[[85.16994082874304, 27.964126893770892], [85.16895458413732, 27.96262417089709], [85.16846251744192, 27.962410016483485], [85.16846543734937, 27.963914207189113], [85.16994082874304, 27.964126893770892]]], [[[85.16894663601667, 27.958541341772357], [85.1689449628234, 27.957681793590893], [85.16820669752595, 27.957253113437915], [85.1682058646016, 27.95682333821055], [85.16746802488807, 27.956609540249453], [85.16820753045853, 27.95768288821235], [85.1682096128261, 27.958757323166797], [85.16870291129108, 27.95961613986393], [85.16968533606054, 27.959184902294762], [85.16894663601667, 27.958541341772357]]], [[[85.16821669326153, 27.962410380840904], [85.16846210032055, 27.96219513164426], [85.16821627674884, 27.962195496000955], [85.16821669326153, 27.962410380840904]]], [[[85.16821211173524, 27.96004664137581], [85.16648520605233, 27.956825873685982], [85.16328807991647, 27.955970961391383], [85.16329010134265, 27.957045400945333], [85.16402874670943, 27.95768900061993], [85.16550361162919, 27.957686860857066], [85.16550443118064, 27.958116635194024], [85.16624186726482, 27.958115558125765], [85.16599687723283, 27.958545691561802], [85.16698054362814, 27.958759136912725], [85.16772047675867, 27.960047368478833], [85.16821211173524, 27.96004664137581]]], [[[85.16796712601692, 27.960476777025384], [85.16772089203347, 27.960262254452196], [85.16772130731033, 27.960477140312285], [85.16796712601692, 27.960476777025384]]], [[[85.16722221713248, 27.956609902459487], [85.16697599596075, 27.956395376237193], [85.16697640937483, 27.956610264137513], [85.16722221713248, 27.956609902459487]]], [[[85.16673018880965, 27.956395737382476], [85.16697558254873, 27.95618048822361], [85.1667297760062, 27.956180849368227], [85.16673018880965, 27.956395737382476]]], [[[85.16648396946165, 27.956181209980734], [85.16623775133081, 27.955966681932296], [85.16623816291505, 27.956181570061286], [85.16648396946165, 27.956181209980734]]], [[[85.16352902735736, 27.95339194122221], [85.16328444147547, 27.954036963059025], [85.16377644792412, 27.954251144303907], [85.16402427948842, 27.955325233623892], [85.16451548043136, 27.955109633926146], [85.16451629506554, 27.95553941098661], [85.16500790453365, 27.955538697746206], [85.16476006018746, 27.95446461113525], [85.16426764340409, 27.954035545110088], [85.16426601663447, 27.953175987361696], [85.16352902735736, 27.95339194122221]]], [[[85.16376387896754, 27.947589527806223], [85.16376509523386, 27.948234205129957], [85.16327393133446, 27.948449805219052], [85.16352174011652, 27.94952391092399], [85.16425788326966, 27.948878171428277], [85.16376387896754, 27.947589527806223]]], [[[85.16352619335319, 27.951887711579513], [85.16401453366889, 27.950167876240226], [85.16327595241033, 27.9495242645987], [85.16278719806326, 27.951029208733715], [85.16279203441292, 27.953607890185374], [85.163773609604, 27.95274691783802], [85.16352619335319, 27.951887711579513]], [[85.1635278127721, 27.952747272055067], [85.16328161168902, 27.952532735790466], [85.16352740791437, 27.95253238210614], [85.1635278127721, 27.952747272055067]]], [[[85.16351809673966, 27.94758988200675], [85.16376306813336, 27.947159742357023], [85.1635172871224, 27.947160096556143], [85.16351809673966, 27.94758988200675]]], [[[85.16327150610944, 27.94716045022329], [85.16351688231678, 27.946945203660846], [85.16327110191227, 27.9469455573273], [85.16327150610944, 27.94716045022329]]], [[[85.16304227395219, 27.955971314554727], [85.16328767563725, 27.955756073140833], [85.16304187028153, 27.95575642630351], [85.16304227395219, 27.955971314554727]]], [[[85.16302532150577, 27.946945910461764], [85.16302451433435, 27.94651612432833], [85.16277792919621, 27.94608669034113], [85.16302532150577, 27.946945910461764]]], [[[85.16105548978138, 27.945014675165137], [85.16007238997594, 27.945016065334958], [85.16056552984011, 27.945874946328903], [85.159092047031, 27.946521702107074], [85.16106027435113, 27.94759339475213], [85.16130845264122, 27.948882399540096], [85.16179962387025, 27.94866680818142], [85.16155583837292, 27.949741616966367], [85.16204942095156, 27.950815372528716], [85.16229481052157, 27.95060013053785], [85.16204540915446, 27.948666457701457], [85.1625369797169, 27.948665755145555], [85.16253537018589, 27.947806186046886], [85.16179802164092, 27.947807239074542], [85.16179722053816, 27.947377453841042], [85.16130565726544, 27.94737815319682], [85.16105788203072, 27.946304036999123], [85.16056632483068, 27.94630473315614], [85.16130206335322, 27.945444114022845], [85.16105548978138, 27.945014675165137]], [[85.16180162670153, 27.949741267014982], [85.16204701384947, 27.94952602499226], [85.16204741502817, 27.949740916531628], [85.16180162670153, 27.949741267014982]], [[85.16105867946295, 27.946733823370227], [85.1605675173313, 27.946949412546815], [85.16056711982912, 27.946734519529926], [85.16105867946295, 27.946733823370227]]], [[[85.16253537018589, 27.947806186046886], [85.16278115303025, 27.947805833973646], [85.16253496780813, 27.94759129348887], [85.16253537018589, 27.947806186046886]]], [[[85.15809288375156, 27.93771235902955], [85.158093666426, 27.93814215448914], [85.15833942192776, 27.938141812021875], [85.15833863803667, 27.937712016563605], [85.15809288375156, 27.93771235902955]]], [[[85.15809288375156, 27.93771235902955], [85.15784673873853, 27.93749780306284], [85.15784712946453, 27.937712700963537], [85.15809288375156, 27.93771235902955]]], [[[85.15833942192776, 27.938141812021875], [85.15834020582662, 27.938571607026343], [85.1593248102354, 27.939429820469392], [85.15932599342179, 27.94007451075601], [85.15981791097019, 27.94028871649188], [85.16006723865007, 27.942222433990334], [85.16055917019895, 27.942436635384805], [85.16056036259329, 27.94308132089792], [85.16179321514332, 27.94522852087234], [85.16277752622594, 27.945871796876983], [85.16277631732709, 27.945227115804297], [85.16228476623918, 27.945227819402273], [85.16203618277491, 27.943723910584488], [85.16080254946256, 27.941146913500493], [85.16080016114765, 27.93985753533348], [85.15981514169872, 27.93878443837177], [85.15833942192776, 27.938141812021875]]], [[[85.16230405235954, 27.95554259423276], [85.16254945466315, 27.955327354187755], [85.16230365051861, 27.95532770575299], [85.16230405235954, 27.95554259423276]]], [[[85.16230445420247, 27.955757482599306], [85.16156703810547, 27.955758534106828], [85.16156823816891, 27.956403198533078], [85.16107742139403, 27.956833672602645], [85.1618148466317, 27.956832624277123], [85.16230565974315, 27.956402147019467], [85.16230445420247, 27.955757482599306]]], [[[85.1620434033304, 27.947591996037925], [85.16228878380294, 27.94737675235735], [85.16204300217154, 27.947377103365163], [85.1620434033304, 27.947591996037925]]], [[[85.16205543901968, 27.954038723524572], [85.16180723489293, 27.952749736678072], [85.16180963852254, 27.95403907402165], [85.16205543901968, 27.954038723524572]]], [[[85.16180643369893, 27.95231995665728], [85.1620498221422, 27.95103026338822], [85.16180403016453, 27.951030613875698], [85.16180643369893, 27.95231995665728]]], [[[85.1620417987069, 27.946732424666923], [85.16179561835642, 27.946517882013897], [85.16179601889888, 27.946732775140706], [85.1620417987069, 27.946732424666923]]], [[[85.16156623807308, 27.955328757256357], [85.16181124098198, 27.954898629985124], [85.16156543804861, 27.954898979952873], [85.16156623807308, 27.955328757256357]]], [[[85.15415470953727, 27.934279385955296], [85.15366322036579, 27.934280052248276], [85.15341823527501, 27.934710183712504], [85.15267986407903, 27.93406647872111], [85.15243487471903, 27.93449660828903], [85.15292674365912, 27.934710846816458], [85.15194376040488, 27.934712166641173], [85.15169688811669, 27.93406779641036], [85.1512080200643, 27.93557274781696], [85.15268213163452, 27.935355875398624], [85.15243789330492, 27.936215801140715], [85.15440618703481, 27.937502534275037], [85.15538958648824, 27.937716091046347], [85.15539112507827, 27.93857568154085], [85.15711375570787, 27.93986269636068], [85.15736380102628, 27.942226212973065], [85.15810149359665, 27.9424400841296], [85.15785494439055, 27.942010635154418], [85.15834647729693, 27.942009950727837], [85.15884036942575, 27.94329863556803], [85.15933269847658, 27.943727736432635], [85.16007001239973, 27.943726699403246], [85.15957767971017, 27.94329760173445], [85.15908220142722, 27.941149336902985], [85.15859067339953, 27.941150024516027], [85.15834255756978, 27.939860989317214], [85.1578510368308, 27.93986167373049], [85.15760371592211, 27.939002427391003], [85.15661990875704, 27.938573993135627], [85.15686411229706, 27.93771406338002], [85.15612530354187, 27.936855487305053], [85.15563110313764, 27.935351871218725], [85.15513960790604, 27.93535254390138], [85.15415470953727, 27.934279385955296]], [[85.15859263633898, 27.94222450323317], [85.15883761699733, 27.94179436854401], [85.1588384033957, 27.94222415968932], [85.15859263633898, 27.94222450323317]], [[85.15736107421789, 27.94072194195184], [85.15760644688096, 27.940506704759304], [85.15760683702567, 27.940721601072426], [85.15736107421789, 27.94072194195184]]], [[[85.15415470953727, 27.934279385955296], [85.1548919432803, 27.93427838252638], [85.15415432796637, 27.934064486229232], [85.15415470953727, 27.934279385955296]]], [[[85.1548919432803, 27.93427838252638], [85.15489232667792, 27.934493282137087], [85.15513807186342, 27.934492946596233], [85.15513768785752, 27.93427804698625], [85.1548919432803, 27.93427838252638]]], [[[85.15685789984467, 27.934275683310982], [85.1568586763743, 27.93470548240833], [85.15686061773204, 27.935779978165584], [85.15760059494215, 27.937283246449443], [85.15759708398745, 27.93534915921054], [85.15685789984467, 27.934275683310982]]], [[[85.15760059494215, 27.937283246449443], [85.15760098505788, 27.937498144464218], [85.15784634801447, 27.937282905048768], [85.15760059494215, 27.937283246449443]]], [[[85.15218573922101, 27.932562837332743], [85.15144664570795, 27.931489318851416], [85.15193736695586, 27.931058859621263], [85.15439510378391, 27.93127044552579], [85.15537727886486, 27.930839301728085], [85.15636021821882, 27.930837952162413], [85.15685324082828, 27.931696879193137], [85.15783579919612, 27.931480615772614], [85.15734432589663, 27.931481298006226], [85.1573435469917, 27.931051495506345], [85.15635905718038, 27.930193247212593], [85.15488542581109, 27.930625071779097], [85.15341102034975, 27.930627073783313], [85.15291879485412, 27.93019793343108], [85.15218159573615, 27.93019892405699], [85.15120016051681, 27.931059843871928], [85.15046146439576, 27.930201216900656], [85.15045997475995, 27.929341608649345], [85.15094919430393, 27.928051540440052], [85.1514402734129, 27.927835982861083], [85.15143914894591, 27.927191273103283], [85.15070122935252, 27.926762447051257], [85.1502123851745, 27.928267421196153], [85.14947557238119, 27.928483297055426], [85.14947742222961, 27.929557809369218], [85.14996962708659, 27.929986965317827], [85.15046369890479, 27.931490625871586], [85.15021944947596, 27.93235055500952], [85.15095853514659, 27.933424079207708], [85.15145001949301, 27.933423424622298], [85.15218573922101, 27.932562837332743]]], [[[85.15636563662619, 27.9338465617525], [85.15636641071504, 27.93427636130644], [85.15661215528081, 27.934276022574668], [85.15661137997542, 27.933846223022066], [85.15636563662619, 27.9338465617525]]], [[[85.15636563662619, 27.9338465617525], [85.15611950684178, 27.933632000003115], [85.15611989327506, 27.93384689995102], [85.15636563662619, 27.9338465617525]]], [[[85.15611912041041, 27.9334170999418], [85.15587299245271, 27.93320253743151], [85.1558733782739, 27.933417437607048], [85.15611912041041, 27.9334170999418]]], [[[85.15563957868213, 27.940079623916994], [85.15588495379784, 27.939864390105196], [85.15563919341008, 27.939864727258293], [85.15563957868213, 27.940079623916994]]], [[[85.15513922389253, 27.93513764474535], [85.1553845862811, 27.934922409401747], [85.15513883988093, 27.934922745475795], [85.15513922389253, 27.93513764474535]]], [[[85.15415013081119, 27.931700581750988], [85.1543954859385, 27.931485346726877], [85.15414974926296, 27.931485680662796], [85.15415013081119, 27.931700581750988]]], [[[85.15218498584335, 27.932133035940627], [85.15243034706437, 27.93191780539249], [85.15218460915732, 27.931918135074355], [85.15218498584335, 27.932133035940627]]], [[[85.15243034706437, 27.93191780539249], [85.15316718165718, 27.93170191217811], [85.15242996977196, 27.931702904413285], [85.15243034706437, 27.93191780539249]]], [[[85.15168337178186, 27.926331330433428], [85.15168111929356, 27.92504190512936], [85.1514354008432, 27.92504223319504], [85.15119155337838, 27.92611708210591], [85.15168337178186, 27.926331330433428]]], [[[85.15143127814451, 27.922678276175976], [85.15167661451764, 27.922463042252726], [85.15143090336485, 27.922463370310766], [85.15143127814451, 27.922678276175976]]], [[[85.15143764968256, 27.92633165850296], [85.15094583188356, 27.92611740911099], [85.15119305020163, 27.926976697163116], [85.15143877412729, 27.926976369623556], [85.15143764968256, 27.92633165850296]]], [[[85.1507139121246, 27.934069105588776], [85.15071428517962, 27.934284005323853], [85.15120540012434, 27.93406845206343], [85.1507139121246, 27.934069105588776]]], [[[85.1507139121246, 27.934069105588776], [85.15046779567705, 27.933854531704323], [85.15046816812195, 27.93406943155359], [85.1507139121246, 27.934069105588776]]], [[[85.14848347184004, 27.923111982798275], [85.14872992103278, 27.92354147206986], [85.14946669374609, 27.923325598426825], [85.14922024152185, 27.922896110526736], [85.14848347184004, 27.923111982798275]]], [[[85.14922024152185, 27.922896110526736], [85.14971203681773, 27.92311036909246], [85.14971314840832, 27.923755085338065], [85.1492213494582, 27.923540827116955], [85.14922208809156, 27.923970637609052], [85.14971351894218, 27.923969990526075], [85.149222457411, 27.92418554268468], [85.14922319605533, 27.924615352495145], [85.14995997665426, 27.92439947622064], [85.14996220356686, 27.925688903595972], [85.1494703930492, 27.925474647472985], [85.14971796549163, 27.92654884392139], [85.14947298267033, 27.9269789750467], [85.14898153478771, 27.926979621083497], [85.14922836677049, 27.927624008446593], [85.14971944773347, 27.927408458085207], [85.14971870660888, 27.92697865123042], [85.1502101544805, 27.926978002002233], [85.15118781144993, 27.923968036511994], [85.1504495481351, 27.923324300013405], [85.15044843108244, 27.922679583091817], [85.14946410434287, 27.921821257334805], [85.14872697630226, 27.92182222554692], [85.14848200190724, 27.922252359534326], [85.14921913360195, 27.92225139291401], [85.14922024152185, 27.922896110526736]], [[85.15069675358963, 27.924183595049357], [85.1509428431912, 27.924398173539522], [85.15069712655972, 27.924398500007637], [85.15069675358963, 27.924183595049357]]], [[[85.14872697630226, 27.92182222554692], [85.14848089947674, 27.921607640893296], [85.14848126695175, 27.92182254722059], [85.14872697630226, 27.92182222554692]]], [[[85.14946410434287, 27.921821257334805], [85.14970944317055, 27.921606027209506], [85.14946373443544, 27.921606351009974], [85.14946410434287, 27.921821257334805]]], [[[85.14997630888277, 27.933855182036858], [85.15022168044604, 27.933639957173177], [85.14997593765625, 27.933640282072854], [85.14997630888277, 27.933855182036858]]], [[[85.14923353784398, 27.930632642139486], [85.14849523235023, 27.929988903481142], [85.14775510925219, 27.92827064609898], [85.14726657001987, 27.929990503989668], [85.14775840067874, 27.930204767281424], [85.14775986358207, 27.931064373743773], [85.14825206849014, 27.931493535549752], [85.14825316934696, 27.93213823851965], [85.1487450146071, 27.932352496405848], [85.14874611913524, 27.932997198009776], [85.14972945363364, 27.933210806170816], [85.14923353784398, 27.930632642139486]]], [[[85.14972945363364, 27.933210806170816], [85.14972982424823, 27.933425706362424], [85.14997556643158, 27.93342538199535], [85.14972945363364, 27.933210806170816]]], [[[85.1497157421839, 27.925259419268343], [85.14946965317392, 27.925044838572507], [85.14947002311065, 27.925259743079557], [85.1497157421839, 27.925259419268343]]], [[[85.14946299462609, 27.92117653801953], [85.14946336452985, 27.92139144457155], [85.149708702145, 27.92117621422027], [85.14946299462609, 27.92117653801953]]], [[[85.14946299462609, 27.92117653801953], [85.1492165485195, 27.92074704784065], [85.1487251359049, 27.920747692777287], [85.14897157958278, 27.92117718402241], [85.14946299462609, 27.92117653801953]]], [[[85.14824656445124, 27.928270005373616], [85.14849192451844, 27.92805478129363], [85.14824619752984, 27.928055102453534], [85.14824656445124, 27.928270005373616]]], [[[85.14849192451844, 27.92805478129363], [85.14873765150523, 27.928054459601828], [85.14849155699068, 27.927839878260556], [85.14849192451844, 27.92805478129363]]], [[[85.14700555551578, 27.92096484008728], [85.14626843471801, 27.920965792335902], [85.14626915871322, 27.921395605569796], [85.1457781031908, 27.921611144193104], [85.14823592446814, 27.922037774576676], [85.14823482386741, 27.92139305559286], [85.14749769944812, 27.921394015823264], [85.14700555551578, 27.92096484008728]]], [[[85.14774194501221, 27.920534069370795], [85.14774231065387, 27.920748976268126], [85.1479876507196, 27.92053374929652], [85.14774194501221, 27.920534069370795]]], [[[85.14774194501221, 27.920534069370795], [85.14651305384872, 27.920320754750232], [85.14651341644816, 27.92053566176432], [85.14774194501221, 27.920534069370795]]], [[[85.14724980474644, 27.920104893785737], [85.1470037364378, 27.919890305023024], [85.14700410024979, 27.920105212263184], [85.14724980474644, 27.920104893785737]]], [[[85.14651269125109, 27.920105847622526], [85.14675803254742, 27.919890622968037], [85.14651232865526, 27.919890940381176], [85.14651269125109, 27.920105847622526]]], [[[85.13668755433123, 27.922052268317884], [85.13668484807594, 27.920333015196217], [85.13717557945041, 27.919902607970236], [85.13766732807026, 27.920116920296525], [85.13914086671737, 27.919685308085988], [85.13938553518467, 27.919040283829975], [85.14110579493482, 27.919253066462815], [85.14332030606609, 27.92118446014351], [85.14405707222826, 27.920968620360977], [85.14577774240672, 27.92139623774533], [85.14602272778183, 27.920966108688404], [85.14307353623128, 27.920540049728153], [85.14085834982792, 27.918178831955235], [85.14012125261308, 27.918179744290732], [85.13889172603555, 27.91753652902308], [85.138402386604, 27.91882657862908], [85.13717354255257, 27.918613161999055], [85.13668281845483, 27.919043570581938], [85.13668417152888, 27.919903200779398], [85.13521262476435, 27.921624221409573], [85.13521362868175, 27.922268940147422], [85.13570505000139, 27.922268353708006], [85.13570437828903, 27.92183854133207], [85.13619647131436, 27.92226776514116], [85.13668755433123, 27.922052268317884]], [[85.13962950890702, 27.917965441573987], [85.1393841553828, 27.918180651839613], [85.13938381043658, 27.917965743557854], [85.13962950890702, 27.917965441573987]]], [[[85.14577485619817, 27.919676982072463], [85.14429885084365, 27.918604327297434], [85.14405386359277, 27.919034455133474], [85.14356210534199, 27.918820169905104], [85.14356139476705, 27.918390353930167], [85.14306964137896, 27.918176066228554], [85.14331463108317, 27.91774593960816], [85.14257753756871, 27.91774686789569], [85.14233113525015, 27.91731735914353], [85.1413479989268, 27.917103678550387], [85.13938036106852, 27.915816654488058], [85.13913604597137, 27.916676592928642], [85.14085660687265, 27.917104289427414], [85.14257930183177, 27.918821408697532], [85.14258000754923, 27.919251224222645], [85.1430714117401, 27.91925060588773], [85.14430170779337, 27.92032358754558], [85.14577629928816, 27.920536610818054], [85.14577485619817, 27.919676982072463]]], [[[85.13765370118492, 27.911520541110665], [85.13716268011886, 27.911736047700263], [85.13716335897057, 27.912165870755302], [85.1379000639232, 27.91195006614624], [85.13765370118492, 27.911520541110665]]], [[[85.13765370118492, 27.911520541110665], [85.13789904018155, 27.911305331057097], [85.13765336054733, 27.911305629300013], [85.13765370118492, 27.911520541110665]]], [[[85.13789904018155, 27.911305331057097], [85.13863539294032, 27.910874609179533], [85.13863470681338, 27.910444784766625], [85.13912606120294, 27.910444183499095], [85.1401066897359, 27.90915349863453], [85.14035097405916, 27.908293542174516], [85.14182289500471, 27.90700222694044], [85.14157267342128, 27.904208640329237], [85.14108275070254, 27.9050689137445], [85.14133086066691, 27.906573011393053], [85.14084057370766, 27.907218364788353], [85.13985790144491, 27.907219580051464], [85.13936966911231, 27.90915440610922], [85.13789904018155, 27.911305331057097]]], [[[85.14157197281111, 27.903778808875693], [85.14132456602333, 27.902704534446276], [85.14132631447919, 27.903779115075054], [85.14157197281111, 27.903778808875693]]], [[[85.14107786349963, 27.902060090365765], [85.14132316728978, 27.9018448678942], [85.14107751442667, 27.90184517355642], [85.14107786349963, 27.902060090365765]]], [[[85.14058586083969, 27.901630866361096], [85.14083116463674, 27.90141564472537], [85.14058551298582, 27.90141594932287], [85.14058586083969, 27.901630866361096]]], [[[85.14033951408884, 27.90120133623588], [85.14033986133317, 27.901416253388565], [85.14058516513367, 27.901201032170757], [85.14033951408884, 27.90120133623588]]], [[[85.14033951408884, 27.90120133623588], [85.1400935164075, 27.90098672250207], [85.1400938630423, 27.901201639769223], [85.14033951408884, 27.90120133623588]]], [[[85.13667064199369, 27.911306816953346], [85.13838697492366, 27.90915560863013], [85.1381399340429, 27.908296255004924], [85.13863127628065, 27.908295655876337], [85.13887626009499, 27.907865528372266], [85.13838457785964, 27.9076512148192], [85.13838355057192, 27.907006472907803], [85.13912055297862, 27.90700557183235], [85.1388731673202, 27.90593130060038], [85.13960981514157, 27.905715481578792], [85.14034437566586, 27.904210166014035], [85.13985305655164, 27.904210772565463], [85.13985374865871, 27.904640603572027], [85.13911676632739, 27.904641509414315], [85.13887041830269, 27.90421197928692], [85.13788778002652, 27.904213177499763], [85.13789221562564, 27.907007070965808], [85.13715657075588, 27.907867619730084], [85.13666523092954, 27.90786821247469], [85.13715724954712, 27.908297446880372], [85.13715826774657, 27.908942186752387], [85.13642259921342, 27.909802726657144], [85.13642361197668, 27.91044746414532], [85.13568658033427, 27.910448347698928], [85.13593461221144, 27.911952437212182], [85.13642563754831, 27.911736936050517], [85.13617894571865, 27.911092495661208], [85.13667064199369, 27.911306816953346]], [[85.13887076192393, 27.904426894849408], [85.13862578778142, 27.904857025985667], [85.13862510174957, 27.90442719520089], [85.13887076192393, 27.904426894849408]], [[85.13813651583794, 27.906147114725453], [85.13838252329943, 27.906361729972318], [85.13813685765082, 27.90636202926546], [85.13813651583794, 27.906147114725453]], [[85.13764722935936, 27.90743719725526], [85.13789323926596, 27.907651812880687], [85.13764756996659, 27.90765211111369], [85.13764722935936, 27.90743719725526]]], [[[85.13985305655164, 27.904210772565463], [85.1403440283992, 27.90399525034123], [85.1403422920916, 27.902920670269737], [85.14009559624202, 27.902276224397166], [85.1391119472512, 27.901632682782278], [85.13763803360139, 27.90163448005958], [85.1378850505689, 27.902493848883154], [85.13837635998483, 27.902493250849634], [85.13862270069157, 27.90292278386882], [85.13862372970624, 27.903567532265516], [85.13985305655164, 27.904210772565463]], [[85.13960670610747, 27.903781243580532], [85.13911504519042, 27.9035669310355], [85.138868700222, 27.903137399766912], [85.13960566979354, 27.9031364955323], [85.13960670610747, 27.903781243580532]]], [[[85.13887041830269, 27.90421197928692], [85.1391157336401, 27.903996762728468], [85.13887007468314, 27.90399706361052], [85.13887041830269, 27.90421197928692]]], [[[85.13688007825557, 27.888310299224106], [85.13688075552595, 27.88874014710251], [85.13786321879735, 27.888738957564783], [85.13786458308053, 27.889598651944503], [85.13615232892391, 27.894114093730714], [85.13640133465793, 27.896263002802225], [85.13713926384922, 27.896906873573116], [85.13714096041166, 27.8979814696231], [85.1378792508302, 27.898840251380665], [85.13837327853341, 27.900558997457686], [85.13911022623348, 27.900558096434793], [85.13886182832438, 27.89883905322608], [85.13812352820169, 27.89798027785893], [85.13836780073639, 27.897120301987833], [85.13885873619235, 27.896904782422673], [85.13861241138501, 27.89647524354332], [85.13738422293171, 27.896476737216457], [85.1373821834859, 27.895187216834284], [85.13689023801476, 27.89475796953331], [85.13688922197097, 27.894113207117336], [85.13738048399397, 27.894112613383033], [85.13713383513146, 27.893468147076444], [85.13811669358456, 27.893681876619045], [85.13836061178594, 27.89260696993293], [85.1388518652808, 27.89260636982598], [85.13835958485399, 27.89196220410925], [85.13860075201728, 27.88916790724281], [85.1381091762869, 27.88895358261638], [85.13810849293678, 27.88852373497174], [85.13712603210266, 27.888524926633995], [85.13712569286068, 27.888310002638402], [85.13688007825557, 27.888310299224106]], [[85.13811601016006, 27.8932520339888], [85.13762441251453, 27.89303770942166], [85.1381153267423, 27.892822190902763], [85.13811601016006, 27.8932520339888]], [[85.13762305055411, 27.89217802233346], [85.1378683349985, 27.891962802085825], [85.13786867609207, 27.892177724142158], [85.13762305055411, 27.89217802233346]], [[85.13737572564025, 27.89110370856587], [85.13786731172789, 27.891318035233027], [85.13737640538488, 27.891533553478567], [85.13737572564025, 27.89110370856587]], [[85.13713281729476, 27.892823382611365], [85.13737810477592, 27.892608163766162], [85.13737844465916, 27.892823085481833], [85.13713281729476, 27.892823382611365]], [[85.13713654943662, 27.895187513970182], [85.13689125407363, 27.89540273092398], [85.13689091538566, 27.89518781057431], [85.13713654943662, 27.895187513970182]]], [[[85.13688007825557, 27.888310299224106], [85.13663412562377, 27.888095671167303], [85.13663446364882, 27.888310595278142], [85.13688007825557, 27.888310299224106]]], [[[85.13911022623348, 27.900558096434793], [85.13911057043362, 27.900773013932035], [85.13960187010743, 27.90077241059005], [85.13911022623348, 27.900558096434793]]], [[[85.13960187010743, 27.90077241059005], [85.13960221552489, 27.900987327972253], [85.13984751994178, 27.900772108121448], [85.13960187010743, 27.90077241059005]]], [[[85.13889035114579, 27.916676893845228], [85.13839861898738, 27.916462585003153], [85.1383989614895, 27.91667749408294], [85.13889035114579, 27.916676893845228]]], [[[85.1342204883282, 27.915607963625508], [85.13422082048723, 27.91582287316987], [85.13446651291251, 27.91582258236057], [85.13446618014547, 27.915607672816773], [85.1342204883282, 27.915607963625508]]], [[[85.1342204883282, 27.915607963625508], [85.1339744649599, 27.915393344243753], [85.13397479650928, 27.915608253902395], [85.1342204883282, 27.915607963625508]]], [[[85.13446651291251, 27.91582258236057], [85.13520526315887, 27.916896252746717], [85.13594234953037, 27.916895372332696], [85.13618871905224, 27.917324895399283], [85.13717184518389, 27.917538620564038], [85.13741890277726, 27.918397956741078], [85.13791064347706, 27.91861226880679], [85.13815395045208, 27.917107611223848], [85.13667943588688, 27.916894487131977], [85.13446651291251, 27.91582258236057]], [[85.13717116624818, 27.917108803194367], [85.13741720237674, 27.917323414740604], [85.1371715057152, 27.917323711936053], [85.13717116624818, 27.917108803194367]]], [[[85.13692038750965, 27.913885455080518], [85.13667233303912, 27.912381374880976], [85.13470987174534, 27.914317921829205], [85.13471120521591, 27.9151775620487], [85.13569497501422, 27.91582112033652], [85.137906889256, 27.91624827391762], [85.13815189909259, 27.91581815640027], [85.13741448182344, 27.915604141628542], [85.13741244147916, 27.914314682019395], [85.13667605348634, 27.91474539231391], [85.13667672995305, 27.915175212187076], [85.13618501176059, 27.91496089296264], [85.13692038750965, 27.913885455080518]], [[85.13741448182344, 27.915604141628542], [85.13716912948138, 27.915819348356873], [85.13716879002612, 27.915604438819376], [85.13741448182344, 27.915604141628542]], [[85.13741482188672, 27.915819051165492], [85.13766085496333, 27.916033662864898], [85.13741516195168, 27.916033960588692], [85.13741482188672, 27.915819051165492]], [[85.1364313769946, 27.91539041754785], [85.13667740642647, 27.915605031605462], [85.13643171462412, 27.915605327200737], [85.1364313769946, 27.91539041754785]], [[85.13667740642647, 27.915605031605462], [85.13692343707437, 27.915819645016438], [85.13667774466569, 27.91581994114412], [85.13667740642647, 27.915605031605462]], [[85.13643103936674, 27.915175507781232], [85.13618568579861, 27.915390712610723], [85.13618534877877, 27.915175802843525], [85.13643103936674, 27.915175507781232]]], [[[85.137906889256, 27.91624827391762], [85.13790723054038, 27.91646318311229], [85.13815258287232, 27.916247975129554], [85.137906889256, 27.91624827391762]]], [[[85.13787174601023, 27.894112017521753], [85.13811703529936, 27.89389679776328], [85.13787140490147, 27.89389709649092], [85.13787174601023, 27.894112017521753]]], [[[85.13788334471275, 27.901419264798097], [85.13714571100981, 27.900990323416966], [85.13665508633903, 27.90142075056141], [85.13788334471275, 27.901419264798097]]], [[[85.13740088067262, 27.907007666896547], [85.13764552634852, 27.90636262625635], [85.13739986069484, 27.9063629239541], [85.13740088067262, 27.907007666896547]]], [[[85.13739748080559, 27.904858519772024], [85.13764280161882, 27.904643306740542], [85.13739714082814, 27.904643604433662], [85.13739748080559, 27.904858519772024]]], [[[85.13740122066856, 27.907222580983117], [85.13715521319357, 27.90700796406426], [85.13715555258163, 27.90722287815138], [85.13740122066856, 27.907222580983117]]], [[[85.13738150368407, 27.894757375795535], [85.13713519227062, 27.894327831434722], [85.13713587085026, 27.894757672930254], [85.13738150368407, 27.894757375795535]]], [[[85.13716369839895, 27.912380782112187], [85.13691767689946, 27.912166167404997], [85.13691801571987, 27.912381078762472], [85.13716369839895, 27.912380782112187]]], [[[85.13715589197136, 27.90743779212475], [85.13690988449301, 27.907223174787866], [85.13691022327484, 27.907438088761772], [85.13715589197136, 27.90743779212475]]], [[[85.13640504703912, 27.898627114131333], [85.1361590663693, 27.898412490506637], [85.13615940325907, 27.898627409149455], [85.13640504703912, 27.898627114131333]]], [[[85.12655518374513, 27.882089429528598], [85.12729323447326, 27.88294831383245], [85.12704669213278, 27.882303807845197], [85.12680109447408, 27.88230408261587], [85.12680078079785, 27.882089155290192], [85.12655518374513, 27.882089429528598]]], [[[85.12655518374513, 27.882089429528598], [85.12655455761242, 27.881659574533927], [85.12606305408357, 27.881445193744177], [85.12606367778302, 27.88187504896906], [85.12655518374513, 27.882089429528598]]], [[[85.12729323447326, 27.88294831383245], [85.12729386426993, 27.883378167455202], [85.12876906115298, 27.884451136504744], [85.12926186745656, 27.885525207102706], [85.1299986877217, 27.885524365220732], [85.12999933092296, 27.885954216094746], [85.13049054685548, 27.88595365217938], [85.13147427970557, 27.88681221833495], [85.1322111108644, 27.886811362087176], [85.13221176502186, 27.88724121158309], [85.13319487043016, 27.887669911506535], [85.13368741897301, 27.88852903045641], [85.13589930085409, 27.889386099102467], [85.13589997327998, 27.889815945845616], [85.13516345106657, 27.89003174924625], [85.13541208562023, 27.891965760065055], [85.13639391050171, 27.89153473879257], [85.13614424486954, 27.8889559574428], [85.13565301199849, 27.88895654583225], [85.13614357124167, 27.888526109788884], [85.13540672557845, 27.88852699157214], [85.13466854724773, 27.887668171880595], [85.1341783174896, 27.888313526574102], [85.13417698970466, 27.88745382942426], [85.1331932228801, 27.88659528806293], [85.13196484754398, 27.886381798081754], [85.13147265345437, 27.88573759259163], [85.1295065130688, 27.884880149837578], [85.12729323447326, 27.88294831383245]], [[85.13565703932179, 27.891535622194972], [85.13590199059759, 27.891105483339608], [85.13590266305009, 27.891535328259252], [85.13565703932179, 27.891535622194972]]], [[[85.13591308691501, 27.89819786623504], [85.13615805570998, 27.89776773389471], [85.13591241435934, 27.897768028378774], [85.13591308691501, 27.89819786623504]]], [[[85.13614222400595, 27.88766641311328], [85.13565032724914, 27.887237152471727], [85.1356509984265, 27.887667001495842], [85.13614222400595, 27.88766641311328]]], [[[85.1356590530731, 27.892825154222322], [85.13590400797507, 27.892395016730955], [85.13565838181601, 27.892395310669], [85.1356590530731, 27.892825154222322]]], [[[85.13442093916521, 27.886378914690066], [85.13540438069359, 27.887022521180732], [85.13515776661963, 27.886378039304415], [85.13442093916521, 27.886378914690066]]], [[[85.13540438069359, 27.887022521180732], [85.13540471567217, 27.88723744586438], [85.13564999166293, 27.887022227788677], [85.13540438069359, 27.887022521180732]]], [[[85.13517448694631, 27.897124150996635], [85.13468354110992, 27.897339654505195], [85.13493018278614, 27.897984119984812], [85.13517582475117, 27.897983827627243], [85.13517448694631, 27.897124150996635]]], [[[85.13245311681358, 27.884446895234205], [85.13269806396575, 27.884016755771047], [85.13097463445185, 27.881224701482914], [85.12999225605925, 27.881225831392083], [85.12999129136476, 27.880581047382808], [85.12925355380891, 27.879937104186244], [85.12949850408697, 27.879506966841475], [85.12900668634944, 27.87907766874882], [85.12827023804448, 27.879293433121315], [85.1277796919257, 27.879723844931707], [85.1277819045831, 27.88122834258466], [85.12827341112629, 27.881442716042333], [85.12852027805229, 27.882302148055942], [85.13024203906622, 27.884019601882862], [85.1312247736719, 27.88423339610792], [85.13196288877548, 27.885092245486106], [85.1334375122079, 27.885735298652484], [85.13343685199715, 27.885305447565923], [85.13245311681358, 27.884446895234205]]], [[[85.1334375122079, 27.885735298652484], [85.13343784231573, 27.885950224024736], [85.13368345026022, 27.885949934889112], [85.1334375122079, 27.885735298652484]]], [[[85.13368345026022, 27.885949934889112], [85.13392972085403, 27.886379495622], [85.13442060662369, 27.886163989548116], [85.13417466614425, 27.885949355022817], [85.13368345026022, 27.885949934889112]]]]}}, {"type": "Feature", "properties": {"clase": "eje", "km": 58.68}, "geometry": {"type": "LineString", "coordinates": [[85.37776, 28.27851], [85.377473, 28.270052], [85.372818, 28.262918], [85.365481, 28.257468], [85.364236, 28.248837], [85.358195, 28.242035], [85.359972, 28.233607], [85.361169, 28.224754], [85.355654, 28.217529], [85.354252, 28.208866], [85.352597, 28.200384], [85.348914, 28.192206], [85.344298, 28.18445], [85.342714, 28.175923], [85.342715, 28.167027], [85.337657, 28.160542], [85.329828, 28.155455], [85.322157, 28.150011], [85.313887, 28.145447], [85.308304, 28.141235], [85.302579, 28.133968], [85.297515, 28.126596], [85.290152, 28.120762], [85.282538, 28.115332], [85.275936, 28.108987], [85.26898, 28.10296], [85.261941, 28.097198], [85.252961, 28.093571], [85.242975, 28.092431], [85.233339, 28.089966], [85.226038, 28.084408], [85.217803, 28.079407], [85.209538, 28.074515], [85.205135, 28.067224], [85.208495, 28.058844], [85.204681, 28.05128], [85.199156, 28.044134], [85.193619, 28.037269], [85.19233, 28.029096], [85.18608, 28.022567], [85.185683, 28.014598], [85.183872, 28.006137], [85.185813, 27.997685], [85.182895, 27.990233], [85.180327, 27.982533], [85.183054, 27.973981], [85.178477, 27.968745], [85.171338, 27.963331], [85.165821, 27.956375], [85.1625, 27.949798], [85.159673, 27.941675], [85.155402, 27.933675], [85.149873, 27.931401], [85.151311, 27.923105], [85.142466, 27.9197], [85.134284, 27.915162], [85.13901, 27.907791], [85.137719, 27.900791], [85.136312, 27.892456], [85.13475, 27.88755]]}}, {"type": "Feature", "properties": {"clase": "comunidad", "nombre": "Rasuwagadhi", "km": 0.0, "hora": "08:36", "perdidos": 0.0}, "geometry": {"type": "Point", "coordinates": [85.3777789, 28.2777749]}}, {"type": "Feature", "properties": {"clase": "comunidad", "nombre": "Timure", "km": 4.0, "hora": "08:39", "perdidos": 1.7}, "geometry": {"type": "Point", "coordinates": [85.3666715, 28.2528483]}}, {"type": "Feature", "properties": {"clase": "comunidad", "nombre": "Chilime (poblado)", "km": 13.0, "hora": "08:47", "perdidos": 10.0}, "geometry": {"type": "Point", "coordinates": [85.3022373, 28.1836181]}}, {"type": "Feature", "properties": {"clase": "comunidad", "nombre": "Syabrubesi", "km": 15.0, "hora": "08:50", "perdidos": 12.0}, "geometry": {"type": "Point", "coordinates": [85.3378412, 28.1628146]}}, {"type": "Feature", "properties": {"clase": "comunidad", "nombre": "Mailung (confluencia)", "km": 33.0, "hora": "09:08", "perdidos": 30.2}, "geometry": {"type": "Point", "coordinates": [85.1978618, 28.071507]}}, {"type": "Feature", "properties": {"clase": "comunidad", "nombre": "Betrawati", "km": 45.0, "hora": "09:20", "perdidos": 38.0}, "geometry": {"type": "Point", "coordinates": [85.1859528, 27.9731085]}}, {"type": "Feature", "properties": {"clase": "comunidad", "nombre": "Trishuli HEP / Bazar", "km": 54.0, "hora": "09:32", "perdidos": 38.0}, "geometry": {"type": "Point", "coordinates": [85.1461726, 27.9227451]}}, {"type": "Feature", "properties": {"clase": "comunidad", "nombre": "Bidur", "km": 58.0, "hora": "09:39", "perdidos": 38.0}, "geometry": {"type": "Point", "coordinates": [85.146446, 27.89526]}}, {"type": "Feature", "properties": {"clase": "comunidad", "nombre": "Devighat HEP (Nuwakot)", "km": 58.68, "hora": "09:40", "perdidos": 38.0}, "geometry": {"type": "Point", "coordinates": [85.1340051, 27.8881907]}}, {"type": "Feature", "properties": {"clase": "limite_analizado", "nombre": "Limite del tramo analizado (Devighat HEP)", "nota": "El frente continuo aguas abajo hacia Galchhi, Malekhu, Muglin y Devghat (Chitwan ~15:20)."}, "geometry": {"type": "Point", "coordinates": [85.13475, 27.88755]}}]}